mode: set
github.com/ebogdum/filemanager/internal/acid/atomic.go:27.38,31.2 1 1
github.com/ebogdum/filemanager/internal/acid/atomic.go:34.102,36.2 1 1
github.com/ebogdum/filemanager/internal/acid/atomic.go:39.106,40.56 1 1
github.com/ebogdum/filemanager/internal/acid/atomic.go:40.56,43.3 2 1
github.com/ebogdum/filemanager/internal/acid/atomic.go:47.121,48.34 1 1
github.com/ebogdum/filemanager/internal/acid/atomic.go:48.34,50.3 1 0
github.com/ebogdum/filemanager/internal/acid/atomic.go:52.2,53.16 2 1
github.com/ebogdum/filemanager/internal/acid/atomic.go:53.16,55.3 1 0
github.com/ebogdum/filemanager/internal/acid/atomic.go:57.2,58.16 2 1
github.com/ebogdum/filemanager/internal/acid/atomic.go:58.16,60.3 1 0
github.com/ebogdum/filemanager/internal/acid/atomic.go:61.2,67.16 5 1
github.com/ebogdum/filemanager/internal/acid/atomic.go:67.16,69.3 1 0
github.com/ebogdum/filemanager/internal/acid/atomic.go:71.2,71.35 1 1
github.com/ebogdum/filemanager/internal/acid/atomic.go:71.35,73.3 1 0
github.com/ebogdum/filemanager/internal/acid/atomic.go:75.2,75.69 1 1
github.com/ebogdum/filemanager/internal/acid/atomic.go:75.69,77.3 1 0
github.com/ebogdum/filemanager/internal/acid/atomic.go:79.2,79.61 1 1
github.com/ebogdum/filemanager/internal/acid/atomic.go:79.61,81.3 1 1
github.com/ebogdum/filemanager/internal/acid/atomic.go:83.2,83.71 1 1
github.com/ebogdum/filemanager/internal/acid/atomic.go:83.71,85.3 1 0
github.com/ebogdum/filemanager/internal/acid/atomic.go:87.2,87.69 1 1
github.com/ebogdum/filemanager/internal/acid/atomic.go:87.69,89.3 1 0
github.com/ebogdum/filemanager/internal/acid/atomic.go:91.2,92.12 2 1
github.com/ebogdum/filemanager/internal/acid/atomic.go:95.116,97.16 2 1
github.com/ebogdum/filemanager/internal/acid/atomic.go:97.16,99.3 1 0
github.com/ebogdum/filemanager/internal/acid/atomic.go:101.2,103.21 2 1
github.com/ebogdum/filemanager/internal/acid/atomic.go:103.21,104.56 1 1
github.com/ebogdum/filemanager/internal/acid/atomic.go:104.56,106.4 1 0
github.com/ebogdum/filemanager/internal/acid/atomic.go:109.2,110.19 2 1
github.com/ebogdum/filemanager/internal/acid/atomic.go:110.19,112.3 1 1
github.com/ebogdum/filemanager/internal/acid/atomic.go:114.2,114.35 1 1
github.com/ebogdum/filemanager/internal/acid/atomic.go:117.80,118.14 1 1
github.com/ebogdum/filemanager/internal/acid/atomic.go:118.14,120.3 1 1
github.com/ebogdum/filemanager/internal/acid/atomic.go:121.2,122.25 2 1
github.com/ebogdum/filemanager/internal/acid/atomic.go:125.91,126.55 1 1
github.com/ebogdum/filemanager/internal/acid/atomic.go:126.55,128.3 1 1
github.com/ebogdum/filemanager/internal/acid/atomic.go:130.2,131.16 2 1
github.com/ebogdum/filemanager/internal/acid/atomic.go:131.16,133.3 1 0
github.com/ebogdum/filemanager/internal/acid/atomic.go:135.2,135.54 1 1
github.com/ebogdum/filemanager/internal/acid/atomic.go:138.102,139.15 1 1
github.com/ebogdum/filemanager/internal/acid/atomic.go:139.15,140.41 1 1
github.com/ebogdum/filemanager/internal/acid/atomic.go:140.41,142.4 1 0
github.com/ebogdum/filemanager/internal/acid/atomic.go:145.2,145.41 1 1
github.com/ebogdum/filemanager/internal/acid/atomic.go:145.41,147.3 1 0
github.com/ebogdum/filemanager/internal/acid/atomic.go:149.2,149.20 1 1
github.com/ebogdum/filemanager/internal/acid/atomic.go:149.20,150.55 1 1
github.com/ebogdum/filemanager/internal/acid/atomic.go:150.55,152.4 1 0
github.com/ebogdum/filemanager/internal/acid/atomic.go:155.2,155.69 1 1
github.com/ebogdum/filemanager/internal/acid/atomic.go:155.69,157.3 1 0
github.com/ebogdum/filemanager/internal/acid/atomic.go:159.2,159.12 1 1
github.com/ebogdum/filemanager/internal/acid/atomic.go:162.72,163.33 1 1
github.com/ebogdum/filemanager/internal/acid/atomic.go:163.33,165.3 1 1
github.com/ebogdum/filemanager/internal/acid/atomic.go:167.2,167.19 1 1
github.com/ebogdum/filemanager/internal/acid/atomic.go:167.19,169.3 1 0
github.com/ebogdum/filemanager/internal/acid/atomic.go:171.2,172.45 2 1
github.com/ebogdum/filemanager/internal/acid/atomic.go:172.45,174.3 1 1
github.com/ebogdum/filemanager/internal/acid/atomic.go:176.2,176.12 1 1
github.com/ebogdum/filemanager/internal/acid/atomic.go:179.95,180.53 1 1
github.com/ebogdum/filemanager/internal/acid/atomic.go:180.53,181.57 1 0
github.com/ebogdum/filemanager/internal/acid/atomic.go:181.57,182.67 1 0
github.com/ebogdum/filemanager/internal/acid/atomic.go:182.67,184.5 1 0
github.com/ebogdum/filemanager/internal/acid/atomic.go:185.4,185.27 1 0
github.com/ebogdum/filemanager/internal/acid/atomic.go:186.9,188.4 1 0
github.com/ebogdum/filemanager/internal/acid/atomic.go:191.2,191.18 1 1
github.com/ebogdum/filemanager/internal/acid/atomic.go:191.18,193.3 1 1
github.com/ebogdum/filemanager/internal/acid/atomic.go:195.2,195.12 1 1
github.com/ebogdum/filemanager/internal/acid/atomic.go:198.87,199.72 1 1
github.com/ebogdum/filemanager/internal/acid/atomic.go:199.72,201.3 1 1
github.com/ebogdum/filemanager/internal/acid/atomic.go:203.2,205.16 3 1
github.com/ebogdum/filemanager/internal/acid/atomic.go:205.16,207.3 1 0
github.com/ebogdum/filemanager/internal/acid/atomic.go:208.2,208.40 1 1
github.com/ebogdum/filemanager/internal/acid/atomic.go:208.40,210.3 1 0
github.com/ebogdum/filemanager/internal/acid/atomic.go:212.2,212.12 1 1
github.com/ebogdum/filemanager/internal/acid/atomic.go:216.70,217.31 1 1
github.com/ebogdum/filemanager/internal/acid/atomic.go:217.31,219.3 1 0
github.com/ebogdum/filemanager/internal/acid/atomic.go:220.2,220.24 1 1
github.com/ebogdum/filemanager/internal/acid/atomic.go:220.24,222.3 1 1
github.com/ebogdum/filemanager/internal/acid/atomic.go:223.2,223.33 1 0
github.com/ebogdum/filemanager/internal/acid/atomic.go:227.74,229.16 2 0
github.com/ebogdum/filemanager/internal/acid/atomic.go:229.16,231.3 1 0
github.com/ebogdum/filemanager/internal/acid/atomic.go:232.2,235.16 3 0
github.com/ebogdum/filemanager/internal/acid/atomic.go:235.16,237.3 1 0
github.com/ebogdum/filemanager/internal/acid/atomic.go:238.2,240.53 2 0
github.com/ebogdum/filemanager/internal/acid/atomic.go:240.53,242.3 1 0
github.com/ebogdum/filemanager/internal/acid/atomic.go:244.2,244.23 1 0
github.com/ebogdum/filemanager/internal/acid/atomic.go:248.32,249.31 1 1
github.com/ebogdum/filemanager/internal/acid/atomic.go:249.31,252.3 1 0
github.com/ebogdum/filemanager/internal/acid/atomic.go:254.2,255.16 2 1
github.com/ebogdum/filemanager/internal/acid/atomic.go:255.16,257.3 1 0
github.com/ebogdum/filemanager/internal/acid/atomic.go:258.2,260.17 2 1
github.com/ebogdum/filemanager/internal/acid/atomic.go:264.41,265.16 1 0
github.com/ebogdum/filemanager/internal/acid/atomic.go:265.16,267.3 1 0
github.com/ebogdum/filemanager/internal/acid/atomic.go:269.2,271.53 1 0
github.com/ebogdum/filemanager/internal/acid/atomic.go:275.48,276.50 1 1
github.com/ebogdum/filemanager/internal/acid/atomic.go:277.20,278.27 1 1
github.com/ebogdum/filemanager/internal/acid/atomic.go:279.16,280.27 1 1
github.com/ebogdum/filemanager/internal/acid/atomic.go:281.10,282.96 1 0
github.com/ebogdum/filemanager/internal/acid/atomic.go:287.70,289.16 2 1
github.com/ebogdum/filemanager/internal/acid/atomic.go:289.16,291.3 1 0
github.com/ebogdum/filemanager/internal/acid/atomic.go:292.2,295.16 3 1
github.com/ebogdum/filemanager/internal/acid/atomic.go:295.16,297.3 1 0
github.com/ebogdum/filemanager/internal/acid/atomic.go:298.2,298.41 1 1
github.com/ebogdum/filemanager/internal/acid/atomic.go:298.41,300.3 1 0
github.com/ebogdum/filemanager/internal/acid/atomic.go:302.2,302.44 1 1
github.com/ebogdum/filemanager/internal/acid/atomic.go:309.40,311.2 1 1
github.com/ebogdum/filemanager/internal/acid/atomic.go:314.100,315.34 1 1
github.com/ebogdum/filemanager/internal/acid/atomic.go:315.34,317.3 1 0
github.com/ebogdum/filemanager/internal/acid/atomic.go:318.2,318.42 1 1
github.com/ebogdum/filemanager/internal/acid/atomic.go:322.85,324.16 2 0
github.com/ebogdum/filemanager/internal/acid/atomic.go:324.16,326.3 1 0
github.com/ebogdum/filemanager/internal/acid/atomic.go:327.2,327.41 1 0
github.com/ebogdum/filemanager/internal/acid/atomic.go:327.41,329.3 1 0
github.com/ebogdum/filemanager/internal/acid/atomic.go:330.2,330.44 1 0
github.com/ebogdum/filemanager/internal/acid/atomic.go:334.75,336.16 2 1
github.com/ebogdum/filemanager/internal/acid/atomic.go:336.16,338.3 1 0
github.com/ebogdum/filemanager/internal/acid/atomic.go:339.2,340.39 2 1
github.com/ebogdum/filemanager/internal/acid/atomic.go:344.104,346.16 2 0
github.com/ebogdum/filemanager/internal/acid/atomic.go:346.16,348.3 1 0
github.com/ebogdum/filemanager/internal/acid/atomic.go:349.2,349.24 1 0
github.com/ebogdum/filemanager/internal/acid/atomic.go:349.24,351.3 1 0
github.com/ebogdum/filemanager/internal/acid/atomic.go:352.2,352.12 1 0
github.com/ebogdum/filemanager/internal/acid/backup.go:23.34,27.2 1 0
github.com/ebogdum/filemanager/internal/acid/backup.go:30.99,31.34 1 0
github.com/ebogdum/filemanager/internal/acid/backup.go:31.34,33.3 1 0
github.com/ebogdum/filemanager/internal/acid/backup.go:35.2,36.16 2 0
github.com/ebogdum/filemanager/internal/acid/backup.go:36.16,38.3 1 0
github.com/ebogdum/filemanager/internal/acid/backup.go:41.2,42.16 2 0
github.com/ebogdum/filemanager/internal/acid/backup.go:42.16,44.3 1 0
github.com/ebogdum/filemanager/internal/acid/backup.go:45.2,45.18 1 0
github.com/ebogdum/filemanager/internal/acid/backup.go:45.18,47.3 1 0
github.com/ebogdum/filemanager/internal/acid/backup.go:50.2,54.53 3 0
github.com/ebogdum/filemanager/internal/acid/backup.go:54.53,56.3 1 0
github.com/ebogdum/filemanager/internal/acid/backup.go:59.2,60.16 2 0
github.com/ebogdum/filemanager/internal/acid/backup.go:60.16,62.3 1 0
github.com/ebogdum/filemanager/internal/acid/backup.go:63.2,67.19 3 0
github.com/ebogdum/filemanager/internal/acid/backup.go:67.19,70.17 3 0
github.com/ebogdum/filemanager/internal/acid/backup.go:70.17,72.4 1 0
github.com/ebogdum/filemanager/internal/acid/backup.go:73.3,78.55 4 0
github.com/ebogdum/filemanager/internal/acid/backup.go:78.55,81.4 2 0
github.com/ebogdum/filemanager/internal/acid/backup.go:83.3,83.42 1 0
github.com/ebogdum/filemanager/internal/acid/backup.go:83.42,86.4 2 0
github.com/ebogdum/filemanager/internal/acid/backup.go:87.8,89.17 2 0
github.com/ebogdum/filemanager/internal/acid/backup.go:89.17,91.4 1 0
github.com/ebogdum/filemanager/internal/acid/backup.go:92.3,94.54 2 0
github.com/ebogdum/filemanager/internal/acid/backup.go:94.54,97.4 2 0
github.com/ebogdum/filemanager/internal/acid/backup.go:100.2,100.39 1 0
github.com/ebogdum/filemanager/internal/acid/backup.go:100.39,102.3 1 0
github.com/ebogdum/filemanager/internal/acid/backup.go:105.2,105.25 1 0
github.com/ebogdum/filemanager/internal/acid/backup.go:105.25,106.66 1 0
github.com/ebogdum/filemanager/internal/acid/backup.go:106.66,109.4 1 0
github.com/ebogdum/filemanager/internal/acid/backup.go:112.2,112.24 1 0
github.com/ebogdum/filemanager/internal/acid/backup.go:116.81,118.26 2 0
github.com/ebogdum/filemanager/internal/acid/backup.go:118.26,120.3 1 0
github.com/ebogdum/filemanager/internal/acid/backup.go:122.2,124.18 3 0
github.com/ebogdum/filemanager/internal/acid/backup.go:124.18,126.3 1 0
github.com/ebogdum/filemanager/internal/acid/backup.go:128.2,129.27 2 0
github.com/ebogdum/filemanager/internal/acid/backup.go:129.27,132.3 2 0
github.com/ebogdum/filemanager/internal/acid/backup.go:132.8,134.3 1 0
github.com/ebogdum/filemanager/internal/acid/backup.go:136.2,136.39 1 0
github.com/ebogdum/filemanager/internal/acid/backup.go:140.88,141.34 1 0
github.com/ebogdum/filemanager/internal/acid/backup.go:141.34,143.3 1 0
github.com/ebogdum/filemanager/internal/acid/backup.go:145.2,146.16 2 0
github.com/ebogdum/filemanager/internal/acid/backup.go:146.16,148.3 1 0
github.com/ebogdum/filemanager/internal/acid/backup.go:150.2,151.16 2 0
github.com/ebogdum/filemanager/internal/acid/backup.go:151.16,153.3 1 0
github.com/ebogdum/filemanager/internal/acid/backup.go:156.2,156.50 1 0
github.com/ebogdum/filemanager/internal/acid/backup.go:156.50,158.3 1 0
github.com/ebogdum/filemanager/internal/acid/backup.go:161.2,162.16 2 0
github.com/ebogdum/filemanager/internal/acid/backup.go:162.16,164.3 1 0
github.com/ebogdum/filemanager/internal/acid/backup.go:165.2,169.53 3 0
github.com/ebogdum/filemanager/internal/acid/backup.go:169.53,171.3 1 0
github.com/ebogdum/filemanager/internal/acid/backup.go:174.2,180.45 5 0
github.com/ebogdum/filemanager/internal/acid/backup.go:180.45,182.17 2 0
github.com/ebogdum/filemanager/internal/acid/backup.go:182.17,184.4 1 0
github.com/ebogdum/filemanager/internal/acid/backup.go:185.3,186.20 2 0
github.com/ebogdum/filemanager/internal/acid/backup.go:189.2,189.59 1 0
github.com/ebogdum/filemanager/internal/acid/backup.go:193.83,194.34 1 0
github.com/ebogdum/filemanager/internal/acid/backup.go:194.34,196.3 1 0
github.com/ebogdum/filemanager/internal/acid/backup.go:198.2,199.16 2 0
github.com/ebogdum/filemanager/internal/acid/backup.go:199.16,201.3 1 0
github.com/ebogdum/filemanager/internal/acid/backup.go:203.2,208.16 4 0
github.com/ebogdum/filemanager/internal/acid/backup.go:208.16,209.25 1 0
github.com/ebogdum/filemanager/internal/acid/backup.go:209.25,211.4 1 0
github.com/ebogdum/filemanager/internal/acid/backup.go:212.3,212.62 1 0
github.com/ebogdum/filemanager/internal/acid/backup.go:215.2,216.32 2 0
github.com/ebogdum/filemanager/internal/acid/backup.go:216.32,217.20 1 0
github.com/ebogdum/filemanager/internal/acid/backup.go:217.20,218.12 1 0
github.com/ebogdum/filemanager/internal/acid/backup.go:221.3,223.41 2 0
github.com/ebogdum/filemanager/internal/acid/backup.go:223.41,224.12 1 0
github.com/ebogdum/filemanager/internal/acid/backup.go:228.3,229.17 2 0
github.com/ebogdum/filemanager/internal/acid/backup.go:229.17,230.12 1 0
github.com/ebogdum/filemanager/internal/acid/backup.go:233.3,245.5 4 0
github.com/ebogdum/filemanager/internal/acid/backup.go:249.2,249.42 1 0
github.com/ebogdum/filemanager/internal/acid/backup.go:249.42,251.3 1 0
github.com/ebogdum/filemanager/internal/acid/backup.go:253.2,253.21 1 0
github.com/ebogdum/filemanager/internal/acid/backup.go:257.85,258.34 1 0
github.com/ebogdum/filemanager/internal/acid/backup.go:258.34,260.3 1 0
github.com/ebogdum/filemanager/internal/acid/backup.go:262.2,262.20 1 0
github.com/ebogdum/filemanager/internal/acid/backup.go:262.20,264.3 1 0
github.com/ebogdum/filemanager/internal/acid/backup.go:266.2,267.16 2 0
github.com/ebogdum/filemanager/internal/acid/backup.go:267.16,269.3 1 0
github.com/ebogdum/filemanager/internal/acid/backup.go:272.2,272.30 1 0
github.com/ebogdum/filemanager/internal/acid/backup.go:272.30,273.46 1 0
github.com/ebogdum/filemanager/internal/acid/backup.go:273.46,274.72 1 0
github.com/ebogdum/filemanager/internal/acid/backup.go:274.72,276.5 1 0
github.com/ebogdum/filemanager/internal/acid/backup.go:280.2,280.12 1 0
github.com/ebogdum/filemanager/internal/acid/interfaces.go:70.41,81.2 1 1
github.com/ebogdum/filemanager/internal/acid/interfaces.go:125.39,133.2 1 1
github.com/ebogdum/filemanager/internal/acid/interfaces.go:170.43,177.2 1 0
github.com/ebogdum/filemanager/internal/acid/lock.go:25.34,29.2 1 1
github.com/ebogdum/filemanager/internal/acid/lock.go:39.93,43.16 3 1
github.com/ebogdum/filemanager/internal/acid/lock.go:43.16,45.3 1 0
github.com/ebogdum/filemanager/internal/acid/lock.go:47.2,51.22 3 1
github.com/ebogdum/filemanager/internal/acid/lock.go:51.22,54.3 2 1
github.com/ebogdum/filemanager/internal/acid/lock.go:57.2,58.20 2 1
github.com/ebogdum/filemanager/internal/acid/lock.go:58.20,60.3 1 1
github.com/ebogdum/filemanager/internal/acid/lock.go:60.8,62.3 1 1
github.com/ebogdum/filemanager/internal/acid/lock.go:64.2,64.16 1 1
github.com/ebogdum/filemanager/internal/acid/lock.go:64.16,66.3 1 0
github.com/ebogdum/filemanager/internal/acid/lock.go:68.2,68.13 1 1
github.com/ebogdum/filemanager/internal/acid/lock.go:68.13,70.3 1 0
github.com/ebogdum/filemanager/internal/acid/lock.go:73.2,85.8 5 1
github.com/ebogdum/filemanager/internal/acid/lock.go:89.106,90.23 1 1
github.com/ebogdum/filemanager/internal/acid/lock.go:90.23,94.3 2 0
github.com/ebogdum/filemanager/internal/acid/lock.go:97.2,100.6 3 1
github.com/ebogdum/filemanager/internal/acid/lock.go:100.6,102.17 2 1
github.com/ebogdum/filemanager/internal/acid/lock.go:102.17,104.4 1 0
github.com/ebogdum/filemanager/internal/acid/lock.go:105.3,105.13 1 1
github.com/ebogdum/filemanager/internal/acid/lock.go:105.13,107.4 1 1
github.com/ebogdum/filemanager/internal/acid/lock.go:109.3,109.10 1 0
github.com/ebogdum/filemanager/internal/acid/lock.go:110.21,111.27 1 0
github.com/ebogdum/filemanager/internal/acid/lock.go:112.19,112.19 0 0
github.com/ebogdum/filemanager/internal/acid/lock.go:119.103,120.23 1 1
github.com/ebogdum/filemanager/internal/acid/lock.go:120.23,124.3 2 0
github.com/ebogdum/filemanager/internal/acid/lock.go:127.2,130.6 3 1
github.com/ebogdum/filemanager/internal/acid/lock.go:130.6,132.17 2 1
github.com/ebogdum/filemanager/internal/acid/lock.go:132.17,134.4 1 0
github.com/ebogdum/filemanager/internal/acid/lock.go:135.3,135.13 1 1
github.com/ebogdum/filemanager/internal/acid/lock.go:135.13,137.4 1 1
github.com/ebogdum/filemanager/internal/acid/lock.go:139.3,139.10 1 0
github.com/ebogdum/filemanager/internal/acid/lock.go:140.21,141.27 1 0
github.com/ebogdum/filemanager/internal/acid/lock.go:142.19,142.19 0 0
github.com/ebogdum/filemanager/internal/acid/lock.go:149.102,153.16 3 1
github.com/ebogdum/filemanager/internal/acid/lock.go:153.16,155.3 1 0
github.com/ebogdum/filemanager/internal/acid/lock.go:157.2,160.20 3 1
github.com/ebogdum/filemanager/internal/acid/lock.go:160.20,162.3 1 1
github.com/ebogdum/filemanager/internal/acid/lock.go:162.8,164.3 1 0
github.com/ebogdum/filemanager/internal/acid/lock.go:166.2,166.16 1 1
github.com/ebogdum/filemanager/internal/acid/lock.go:166.16,168.3 1 0
github.com/ebogdum/filemanager/internal/acid/lock.go:170.2,170.13 1 1
github.com/ebogdum/filemanager/internal/acid/lock.go:170.13,172.3 1 1
github.com/ebogdum/filemanager/internal/acid/lock.go:175.2,187.14 5 1
github.com/ebogdum/filemanager/internal/acid/lock.go:191.46,195.2 3 1
github.com/ebogdum/filemanager/internal/acid/lock.go:206.37,210.16 3 1
github.com/ebogdum/filemanager/internal/acid/lock.go:210.16,212.3 1 0
github.com/ebogdum/filemanager/internal/acid/lock.go:214.2,218.12 4 1
github.com/ebogdum/filemanager/internal/acid/lock.go:222.36,224.2 1 1
github.com/ebogdum/filemanager/internal/acid/lock.go:227.41,229.2 1 1
github.com/ebogdum/filemanager/internal/acid/lock.go:232.88,238.16 5 0
github.com/ebogdum/filemanager/internal/acid/lock.go:238.16,240.3 1 0
github.com/ebogdum/filemanager/internal/acid/lock.go:241.2,241.15 1 0
github.com/ebogdum/filemanager/internal/acid/lock.go:241.15,242.65 1 0
github.com/ebogdum/filemanager/internal/acid/lock.go:242.65,244.4 1 0
github.com/ebogdum/filemanager/internal/acid/lock.go:247.2,247.28 1 0
github.com/ebogdum/filemanager/internal/acid/lock.go:247.28,249.3 1 0
github.com/ebogdum/filemanager/internal/acid/lock.go:251.2,251.12 1 0
github.com/ebogdum/filemanager/internal/acid/lock.go:257.90,261.16 3 1
github.com/ebogdum/filemanager/internal/acid/lock.go:261.16,263.3 1 0
github.com/ebogdum/filemanager/internal/acid/lock.go:264.2,264.15 1 1
github.com/ebogdum/filemanager/internal/acid/lock.go:264.15,265.65 1 1
github.com/ebogdum/filemanager/internal/acid/lock.go:265.65,267.4 1 0
github.com/ebogdum/filemanager/internal/acid/lock.go:270.2,270.28 1 1
github.com/ebogdum/filemanager/internal/acid/lock.go:270.28,272.3 1 0
github.com/ebogdum/filemanager/internal/acid/lock.go:274.2,274.12 1 1
github.com/ebogdum/filemanager/internal/acid/lock.go:277.57,278.29 1 1
github.com/ebogdum/filemanager/internal/acid/lock.go:278.29,280.3 1 1
github.com/ebogdum/filemanager/internal/acid/lock.go:281.2,281.13 1 1
github.com/ebogdum/filemanager/internal/acid/lock.go:284.69,286.16 2 1
github.com/ebogdum/filemanager/internal/acid/lock.go:286.16,288.3 1 0
github.com/ebogdum/filemanager/internal/acid/lock.go:290.2,290.26 1 1
github.com/ebogdum/filemanager/internal/acid/lock.go:290.26,292.48 2 1
github.com/ebogdum/filemanager/internal/acid/lock.go:292.48,294.4 1 0
github.com/ebogdum/filemanager/internal/acid/lock.go:296.3,297.17 2 1
github.com/ebogdum/filemanager/internal/acid/lock.go:297.17,299.4 1 0
github.com/ebogdum/filemanager/internal/acid/lock.go:300.3,300.35 1 1
github.com/ebogdum/filemanager/internal/acid/lock.go:300.35,302.4 1 0
github.com/ebogdum/filemanager/internal/acid/lock.go:305.2,305.21 1 1
github.com/ebogdum/filemanager/main.go:17.13,29.16 6 0
github.com/ebogdum/filemanager/main.go:29.16,31.3 1 0
github.com/ebogdum/filemanager/internal/apps/consul/plugin.go:20.20,22.2 1 0
github.com/ebogdum/filemanager/internal/apps/consul/plugin.go:25.32,27.2 1 0
github.com/ebogdum/filemanager/internal/apps/consul/plugin.go:30.35,32.2 1 0
github.com/ebogdum/filemanager/internal/apps/consul/plugin.go:35.39,37.2 1 0
github.com/ebogdum/filemanager/internal/apps/consul/plugin.go:40.40,42.2 1 0
github.com/ebogdum/filemanager/internal/apps/consul/plugin.go:45.44,193.2 1 0
github.com/ebogdum/filemanager/internal/apps/consul/plugin.go:196.38,209.2 1 0
github.com/ebogdum/filemanager/internal/apps/consul/plugin.go:212.73,216.9 3 0
github.com/ebogdum/filemanager/internal/apps/consul/plugin.go:216.9,218.3 1 0
github.com/ebogdum/filemanager/internal/apps/consul/plugin.go:221.2,221.41 1 0
github.com/ebogdum/filemanager/internal/apps/consul/plugin.go:221.41,226.3 1 0
github.com/ebogdum/filemanager/internal/apps/consul/plugin.go:229.2,229.57 1 0
github.com/ebogdum/filemanager/internal/apps/consul/plugin.go:229.57,232.33 3 0
github.com/ebogdum/filemanager/internal/apps/consul/plugin.go:232.33,233.38 1 0
github.com/ebogdum/filemanager/internal/apps/consul/plugin.go:233.38,235.10 2 0
github.com/ebogdum/filemanager/internal/apps/consul/plugin.go:238.3,238.13 1 0
github.com/ebogdum/filemanager/internal/apps/consul/plugin.go:238.13,243.4 1 0
github.com/ebogdum/filemanager/internal/apps/consul/plugin.go:247.2,247.62 1 0
github.com/ebogdum/filemanager/internal/apps/consul/plugin.go:247.62,249.38 2 0
github.com/ebogdum/filemanager/internal/apps/consul/plugin.go:250.12,251.10 1 0
github.com/ebogdum/filemanager/internal/apps/consul/plugin.go:252.14,253.15 1 0
github.com/ebogdum/filemanager/internal/apps/consul/plugin.go:254.16,255.15 1 0
github.com/ebogdum/filemanager/internal/apps/consul/plugin.go:257.3,257.26 1 0
github.com/ebogdum/filemanager/internal/apps/consul/plugin.go:257.26,262.4 1 0
github.com/ebogdum/filemanager/internal/apps/consul/plugin.go:266.2,266.58 1 0
github.com/ebogdum/filemanager/internal/apps/consul/plugin.go:266.58,267.33 1 0
github.com/ebogdum/filemanager/internal/apps/consul/plugin.go:267.33,269.28 2 0
github.com/ebogdum/filemanager/internal/apps/consul/plugin.go:270.13,271.16 1 0
github.com/ebogdum/filemanager/internal/apps/consul/plugin.go:272.15,273.21 1 0
github.com/ebogdum/filemanager/internal/apps/consul/plugin.go:274.17,275.21 1 0
github.com/ebogdum/filemanager/internal/apps/consul/plugin.go:276.12,277.13 1 0
github.com/ebogdum/filemanager/internal/apps/consul/plugin.go:279.4,279.55 1 0
github.com/ebogdum/filemanager/internal/apps/consul/plugin.go:279.55,284.5 1 0
github.com/ebogdum/filemanager/internal/apps/consul/plugin.go:288.2,288.20 1 0
github.com/ebogdum/filemanager/internal/apps/consul/plugin.go:292.81,294.9 2 0
github.com/ebogdum/filemanager/internal/apps/consul/plugin.go:294.9,296.3 1 0
github.com/ebogdum/filemanager/internal/apps/consul/plugin.go:298.2,307.20 9 0
github.com/ebogdum/filemanager/internal/apps/consul/plugin.go:310.54,313.2 2 0
github.com/ebogdum/filemanager/internal/apps/consul/plugin.go:315.108,316.48 1 0
github.com/ebogdum/filemanager/internal/apps/consul/plugin.go:316.48,318.3 1 0
github.com/ebogdum/filemanager/internal/apps/consul/plugin.go:320.2,323.4 1 0
github.com/ebogdum/filemanager/internal/apps/consul/plugin.go:326.56,327.69 1 0
github.com/ebogdum/filemanager/internal/apps/consul/plugin.go:327.69,329.3 1 0
github.com/ebogdum/filemanager/internal/apps/consul/plugin.go:330.2,330.58 1 0
github.com/ebogdum/filemanager/internal/apps/consul/plugin.go:333.84,335.9 2 0
github.com/ebogdum/filemanager/internal/apps/consul/plugin.go:335.9,337.3 1 0
github.com/ebogdum/filemanager/internal/apps/consul/plugin.go:339.2,340.33 2 0
github.com/ebogdum/filemanager/internal/apps/consul/plugin.go:340.33,342.10 2 0
github.com/ebogdum/filemanager/internal/apps/consul/plugin.go:342.10,343.12 1 0
github.com/ebogdum/filemanager/internal/apps/consul/plugin.go:346.3,346.54 1 0
github.com/ebogdum/filemanager/internal/apps/consul/plugin.go:346.54,351.4 1 0
github.com/ebogdum/filemanager/internal/apps/consul/plugin.go:353.2,353.15 1 0
github.com/ebogdum/filemanager/internal/apps/consul/plugin.go:356.98,358.9 2 0
github.com/ebogdum/filemanager/internal/apps/consul/plugin.go:358.9,360.3 1 0
github.com/ebogdum/filemanager/internal/apps/consul/plugin.go:362.2,362.46 1 0
github.com/ebogdum/filemanager/internal/apps/consul/plugin.go:362.46,367.3 1 0
github.com/ebogdum/filemanager/internal/apps/consul/plugin.go:369.2,369.12 1 0
github.com/ebogdum/filemanager/internal/apps/consul/plugin.go:372.77,374.9 2 0
github.com/ebogdum/filemanager/internal/apps/consul/plugin.go:374.9,376.3 1 0
github.com/ebogdum/filemanager/internal/apps/consul/plugin.go:378.2,379.21 2 0
github.com/ebogdum/filemanager/internal/apps/consul/plugin.go:379.21,381.3 1 0
github.com/ebogdum/filemanager/internal/apps/consul/plugin.go:383.2,383.56 1 0
github.com/ebogdum/filemanager/internal/apps/consul/plugin.go:383.56,385.3 1 0
github.com/ebogdum/filemanager/internal/apps/consul/plugin.go:387.2,390.4 1 0
github.com/ebogdum/filemanager/internal/apps/consul/plugin.go:393.98,395.9 2 0
github.com/ebogdum/filemanager/internal/apps/consul/plugin.go:395.9,397.3 1 0
github.com/ebogdum/filemanager/internal/apps/consul/plugin.go:399.2,400.33 2 0
github.com/ebogdum/filemanager/internal/apps/consul/plugin.go:400.33,402.3 1 0
github.com/ebogdum/filemanager/internal/apps/consul/plugin.go:404.2,404.62 1 0
github.com/ebogdum/filemanager/internal/apps/consul/plugin.go:404.62,406.3 1 0
github.com/ebogdum/filemanager/internal/apps/consul/plugin.go:408.2,411.4 1 0
github.com/ebogdum/filemanager/internal/apps/consul/plugin.go:414.32,415.23 1 0
github.com/ebogdum/filemanager/internal/apps/consul/plugin.go:416.11,417.11 1 0
github.com/ebogdum/filemanager/internal/apps/consul/plugin.go:418.13,419.16 1 0
github.com/ebogdum/filemanager/internal/apps/consul/plugin.go:420.15,421.16 1 0
github.com/ebogdum/filemanager/internal/apps/consul/plugin.go:422.10,423.11 1 0
github.com/ebogdum/filemanager/internal/apps/consul/plugin.go:428.45,430.42 1 0
github.com/ebogdum/filemanager/internal/apps/consul/plugin.go:430.42,433.3 1 0
github.com/ebogdum/filemanager/internal/apps/consul/plugin.go:436.2,436.34 1 0
github.com/ebogdum/filemanager/internal/apps/consul/plugin.go:436.34,438.3 1 0
github.com/ebogdum/filemanager/internal/apps/consul/plugin.go:441.2,442.16 2 0
github.com/ebogdum/filemanager/internal/apps/consul/plugin.go:442.16,445.3 1 0
github.com/ebogdum/filemanager/internal/apps/consul/plugin.go:448.2,448.40 1 0
github.com/ebogdum/filemanager/internal/apps/consul/plugin.go:448.40,450.29 1 0
github.com/ebogdum/filemanager/internal/apps/consul/plugin.go:450.29,452.4 1 0
github.com/ebogdum/filemanager/internal/apps/consul/plugin.go:455.2,455.12 1 0
github.com/ebogdum/filemanager/internal/apps/consul/plugin.go:459.41,461.34 1 0
github.com/ebogdum/filemanager/internal/apps/consul/plugin.go:461.34,463.3 1 0
github.com/ebogdum/filemanager/internal/apps/consul/plugin.go:465.2,465.40 1 0
github.com/ebogdum/filemanager/internal/apps/consul/plugin.go:465.40,467.3 1 0
github.com/ebogdum/filemanager/internal/apps/consul/plugin.go:469.2,469.12 1 0
github.com/ebogdum/filemanager/internal/apps/consul/plugin.go:473.44,474.25 1 0
github.com/ebogdum/filemanager/internal/apps/consul/plugin.go:474.25,476.3 1 0
github.com/ebogdum/filemanager/internal/apps/consul/plugin.go:478.2,479.44 2 0
github.com/ebogdum/filemanager/internal/apps/consul/plugin.go:483.53,485.9 2 0
github.com/ebogdum/filemanager/internal/apps/consul/plugin.go:485.9,487.3 1 0
github.com/ebogdum/filemanager/internal/apps/consul/plugin.go:490.2,490.57 1 0
github.com/ebogdum/filemanager/internal/apps/consul/plugin.go:490.57,492.3 1 0
github.com/ebogdum/filemanager/internal/apps/consul/plugin.go:494.2,494.23 1 0
github.com/ebogdum/filemanager/internal/apps/consul/plugin.go:498.55,502.2 1 0
github.com/ebogdum/filemanager/internal/apps/consul/plugin.go:505.55,508.54 2 0
github.com/ebogdum/filemanager/internal/apps/consul/plugin.go:508.54,510.3 1 0
github.com/ebogdum/filemanager/internal/apps/consul/plugin.go:511.2,511.20 1 0
github.com/ebogdum/filemanager/internal/apps/consul/plugin.go:515.56,517.9 2 0
github.com/ebogdum/filemanager/internal/apps/consul/plugin.go:517.9,519.3 1 0
github.com/ebogdum/filemanager/internal/apps/consul/plugin.go:521.2,522.9 2 0
github.com/ebogdum/filemanager/internal/apps/consul/plugin.go:522.9,524.3 1 0
github.com/ebogdum/filemanager/internal/apps/consul/plugin.go:526.2,526.44 1 0
github.com/ebogdum/filemanager/internal/apps/consul/plugin.go:530.62,539.2 5 0
github.com/ebogdum/filemanager/internal/apps/consul/plugin.go:542.96,544.29 1 0
github.com/ebogdum/filemanager/internal/apps/consul/plugin.go:544.29,546.19 2 0
github.com/ebogdum/filemanager/internal/apps/consul/plugin.go:546.19,548.4 1 0
github.com/ebogdum/filemanager/internal/apps/consul/plugin.go:550.3,551.14 2 0
github.com/ebogdum/filemanager/internal/apps/consul/plugin.go:551.14,557.12 2 0
github.com/ebogdum/filemanager/internal/apps/consul/plugin.go:561.3,563.27 3 0
github.com/ebogdum/filemanager/internal/apps/consul/plugin.go:563.27,565.12 2 0
github.com/ebogdum/filemanager/internal/apps/consul/plugin.go:569.3,569.35 1 0
github.com/ebogdum/filemanager/internal/apps/consul/plugin.go:569.35,576.4 1 0
github.com/ebogdum/filemanager/internal/apps/consul/plugin.go:580.2,580.29 1 0
github.com/ebogdum/filemanager/internal/apps/consul/plugin.go:580.29,582.19 2 0
github.com/ebogdum/filemanager/internal/apps/consul/plugin.go:582.19,584.4 1 0
github.com/ebogdum/filemanager/internal/apps/consul/plugin.go:586.3,586.35 1 0
github.com/ebogdum/filemanager/internal/apps/consul/plugin.go:586.35,592.4 1 0
github.com/ebogdum/filemanager/internal/apps/consul/plugin.go:595.2,595.16 1 0
github.com/ebogdum/filemanager/internal/apps/consul/plugin.go:599.33,603.2 3 0
github.com/ebogdum/filemanager/internal/apps/consul/plugin.go:606.61,610.25 2 0
github.com/ebogdum/filemanager/internal/apps/consul/plugin.go:610.25,612.3 1 0
github.com/ebogdum/filemanager/internal/apps/consul/plugin.go:615.2,615.28 1 0
github.com/ebogdum/filemanager/internal/apps/consul/plugin.go:615.28,616.43 1 0
github.com/ebogdum/filemanager/internal/apps/consul/plugin.go:616.43,620.33 3 0
github.com/ebogdum/filemanager/internal/apps/consul/plugin.go:620.33,622.13 2 0
github.com/ebogdum/filemanager/internal/apps/consul/plugin.go:625.3,625.16 1 0
github.com/ebogdum/filemanager/internal/apps/consul/plugin.go:628.2,628.15 1 0
github.com/ebogdum/filemanager/internal/apps/docker/plugin.go:20.20,22.2 1 0
github.com/ebogdum/filemanager/internal/apps/docker/plugin.go:25.32,27.2 1 0
github.com/ebogdum/filemanager/internal/apps/docker/plugin.go:30.35,32.2 1 0
github.com/ebogdum/filemanager/internal/apps/docker/plugin.go:35.39,37.2 1 0
github.com/ebogdum/filemanager/internal/apps/docker/plugin.go:40.40,42.2 1 0
github.com/ebogdum/filemanager/internal/apps/docker/plugin.go:45.44,107.2 1 0
github.com/ebogdum/filemanager/internal/apps/docker/plugin.go:110.38,120.2 1 0
github.com/ebogdum/filemanager/internal/apps/docker/plugin.go:123.73,127.9 3 0
github.com/ebogdum/filemanager/internal/apps/docker/plugin.go:127.9,129.3 1 0
github.com/ebogdum/filemanager/internal/apps/docker/plugin.go:132.2,132.51 1 0
github.com/ebogdum/filemanager/internal/apps/docker/plugin.go:132.51,136.34 4 0
github.com/ebogdum/filemanager/internal/apps/docker/plugin.go:136.34,137.22 1 0
github.com/ebogdum/filemanager/internal/apps/docker/plugin.go:137.22,139.10 2 0
github.com/ebogdum/filemanager/internal/apps/docker/plugin.go:142.3,142.13 1 0
github.com/ebogdum/filemanager/internal/apps/docker/plugin.go:142.13,147.4 1 0
github.com/ebogdum/filemanager/internal/apps/docker/plugin.go:151.2,151.47 1 0
github.com/ebogdum/filemanager/internal/apps/docker/plugin.go:151.47,155.34 4 0
github.com/ebogdum/filemanager/internal/apps/docker/plugin.go:155.34,156.22 1 0
github.com/ebogdum/filemanager/internal/apps/docker/plugin.go:156.22,158.10 2 0
github.com/ebogdum/filemanager/internal/apps/docker/plugin.go:161.3,161.13 1 0
github.com/ebogdum/filemanager/internal/apps/docker/plugin.go:161.13,166.4 1 0
github.com/ebogdum/filemanager/internal/apps/docker/plugin.go:170.2,170.54 1 0
github.com/ebogdum/filemanager/internal/apps/docker/plugin.go:170.54,173.3 2 0
github.com/ebogdum/filemanager/internal/apps/docker/plugin.go:176.2,176.60 1 0
github.com/ebogdum/filemanager/internal/apps/docker/plugin.go:176.60,179.3 2 0
github.com/ebogdum/filemanager/internal/apps/docker/plugin.go:182.2,182.37 1 0
github.com/ebogdum/filemanager/internal/apps/docker/plugin.go:182.37,185.3 2 0
github.com/ebogdum/filemanager/internal/apps/docker/plugin.go:188.2,188.37 1 0
github.com/ebogdum/filemanager/internal/apps/docker/plugin.go:188.37,190.27 2 0
github.com/ebogdum/filemanager/internal/apps/docker/plugin.go:190.27,195.4 1 0
github.com/ebogdum/filemanager/internal/apps/docker/plugin.go:199.2,199.57 1 0
github.com/ebogdum/filemanager/internal/apps/docker/plugin.go:199.57,202.3 2 0
github.com/ebogdum/filemanager/internal/apps/docker/plugin.go:204.2,204.20 1 0
github.com/ebogdum/filemanager/internal/apps/docker/plugin.go:207.82,211.9 3 0
github.com/ebogdum/filemanager/internal/apps/docker/plugin.go:211.9,212.44 1 0
github.com/ebogdum/filemanager/internal/apps/docker/plugin.go:212.44,213.33 1 0
github.com/ebogdum/filemanager/internal/apps/docker/plugin.go:213.33,214.23 1 0
github.com/ebogdum/filemanager/internal/apps/docker/plugin.go:214.23,219.6 1 0
github.com/ebogdum/filemanager/internal/apps/docker/plugin.go:221.4,221.17 1 0
github.com/ebogdum/filemanager/internal/apps/docker/plugin.go:223.3,223.75 1 0
github.com/ebogdum/filemanager/internal/apps/docker/plugin.go:226.2,226.28 1 0
github.com/ebogdum/filemanager/internal/apps/docker/plugin.go:226.28,228.26 2 0
github.com/ebogdum/filemanager/internal/apps/docker/plugin.go:228.26,233.4 1 0
github.com/ebogdum/filemanager/internal/apps/docker/plugin.go:236.2,236.15 1 0
github.com/ebogdum/filemanager/internal/apps/docker/plugin.go:239.93,243.9 3 0
github.com/ebogdum/filemanager/internal/apps/docker/plugin.go:243.9,245.3 1 0
github.com/ebogdum/filemanager/internal/apps/docker/plugin.go:247.2,247.33 1 0
github.com/ebogdum/filemanager/internal/apps/docker/plugin.go:247.33,249.36 2 0
github.com/ebogdum/filemanager/internal/apps/docker/plugin.go:249.36,254.4 1 0
github.com/ebogdum/filemanager/internal/apps/docker/plugin.go:257.2,257.15 1 0
github.com/ebogdum/filemanager/internal/apps/docker/plugin.go:260.80,264.9 3 0
github.com/ebogdum/filemanager/internal/apps/docker/plugin.go:264.9,266.3 1 0
github.com/ebogdum/filemanager/internal/apps/docker/plugin.go:268.2,268.28 1 0
github.com/ebogdum/filemanager/internal/apps/docker/plugin.go:268.28,270.32 2 0
github.com/ebogdum/filemanager/internal/apps/docker/plugin.go:270.32,275.4 1 0
github.com/ebogdum/filemanager/internal/apps/docker/plugin.go:278.2,278.15 1 0
github.com/ebogdum/filemanager/internal/apps/docker/plugin.go:281.75,285.9 3 0
github.com/ebogdum/filemanager/internal/apps/docker/plugin.go:285.9,287.3 1 0
github.com/ebogdum/filemanager/internal/apps/docker/plugin.go:289.2,289.32 1 0
github.com/ebogdum/filemanager/internal/apps/docker/plugin.go:289.32,293.10 3 0
github.com/ebogdum/filemanager/internal/apps/docker/plugin.go:293.10,298.12 2 0
github.com/ebogdum/filemanager/internal/apps/docker/plugin.go:302.3,302.38 1 0
github.com/ebogdum/filemanager/internal/apps/docker/plugin.go:302.38,304.29 2 0
github.com/ebogdum/filemanager/internal/apps/docker/plugin.go:304.29,309.5 1 0
github.com/ebogdum/filemanager/internal/apps/docker/plugin.go:310.9,315.4 1 0
github.com/ebogdum/filemanager/internal/apps/docker/plugin.go:318.3,318.38 1 0
github.com/ebogdum/filemanager/internal/apps/docker/plugin.go:318.38,319.28 1 0
github.com/ebogdum/filemanager/internal/apps/docker/plugin.go:320.13,321.24 1 0
github.com/ebogdum/filemanager/internal/apps/docker/plugin.go:321.24,326.6 1 0
github.com/ebogdum/filemanager/internal/apps/docker/plugin.go:327.17,328.24 1 0
github.com/ebogdum/filemanager/internal/apps/docker/plugin.go:328.24,333.6 1 0
github.com/ebogdum/filemanager/internal/apps/docker/plugin.go:335.9,340.4 1 0
github.com/ebogdum/filemanager/internal/apps/docker/plugin.go:343.2,343.15 1 0
github.com/ebogdum/filemanager/internal/apps/docker/plugin.go:347.81,351.9 3 0
github.com/ebogdum/filemanager/internal/apps/docker/plugin.go:351.9,353.3 1 0
github.com/ebogdum/filemanager/internal/apps/docker/plugin.go:356.2,356.68 1 0
github.com/ebogdum/filemanager/internal/apps/docker/plugin.go:356.68,357.26 1 0
github.com/ebogdum/filemanager/internal/apps/docker/plugin.go:357.26,362.4 1 0
github.com/ebogdum/filemanager/internal/apps/docker/plugin.go:366.2,366.51 1 0
github.com/ebogdum/filemanager/internal/apps/docker/plugin.go:366.51,369.32 3 0
github.com/ebogdum/filemanager/internal/apps/docker/plugin.go:369.32,370.22 1 0
github.com/ebogdum/filemanager/internal/apps/docker/plugin.go:370.22,375.5 1 0
github.com/ebogdum/filemanager/internal/apps/docker/plugin.go:380.2,380.54 1 0
github.com/ebogdum/filemanager/internal/apps/docker/plugin.go:380.54,381.58 1 0
github.com/ebogdum/filemanager/internal/apps/docker/plugin.go:381.58,386.4 1 0
github.com/ebogdum/filemanager/internal/apps/docker/plugin.go:389.2,389.20 1 0
github.com/ebogdum/filemanager/internal/apps/docker/plugin.go:393.53,395.9 2 0
github.com/ebogdum/filemanager/internal/apps/docker/plugin.go:395.9,397.3 1 0
github.com/ebogdum/filemanager/internal/apps/docker/plugin.go:399.2,422.29 3 0
github.com/ebogdum/filemanager/internal/apps/docker/plugin.go:422.29,423.32 1 0
github.com/ebogdum/filemanager/internal/apps/docker/plugin.go:423.32,425.4 1 0
github.com/ebogdum/filemanager/internal/apps/docker/plugin.go:429.2,429.30 1 0
github.com/ebogdum/filemanager/internal/apps/docker/plugin.go:429.30,430.38 1 0
github.com/ebogdum/filemanager/internal/apps/docker/plugin.go:430.38,432.4 1 0
github.com/ebogdum/filemanager/internal/apps/docker/plugin.go:435.2,435.20 1 0
github.com/ebogdum/filemanager/internal/apps/docker/plugin.go:439.55,441.2 1 0
github.com/ebogdum/filemanager/internal/apps/docker/plugin.go:444.55,446.54 2 0
github.com/ebogdum/filemanager/internal/apps/docker/plugin.go:446.54,448.3 1 0
github.com/ebogdum/filemanager/internal/apps/docker/plugin.go:449.2,449.20 1 0
github.com/ebogdum/filemanager/internal/apps/docker/plugin.go:453.56,457.27 3 0
github.com/ebogdum/filemanager/internal/apps/docker/plugin.go:457.27,459.3 1 0
github.com/ebogdum/filemanager/internal/apps/docker/plugin.go:461.2,464.28 2 0
github.com/ebogdum/filemanager/internal/apps/docker/plugin.go:464.28,466.3 1 0
github.com/ebogdum/filemanager/internal/apps/docker/plugin.go:469.2,469.31 1 0
github.com/ebogdum/filemanager/internal/apps/docker/plugin.go:469.31,470.12 1 0
github.com/ebogdum/filemanager/internal/apps/docker/plugin.go:471.112,473.41 1 0
github.com/ebogdum/filemanager/internal/apps/docker/plugin.go:475.43,477.37 1 0
github.com/ebogdum/filemanager/internal/apps/docker/plugin.go:477.37,480.5 2 0
github.com/ebogdum/filemanager/internal/apps/docker/plugin.go:480.10,482.5 1 0
github.com/ebogdum/filemanager/internal/apps/docker/plugin.go:484.11,485.27 1 0
github.com/ebogdum/filemanager/internal/apps/docker/plugin.go:489.2,489.20 1 0
github.com/ebogdum/filemanager/internal/apps/docker/plugin.go:493.62,495.2 1 0
github.com/ebogdum/filemanager/internal/apps/docker/plugin.go:501.32,503.2 1 0
github.com/ebogdum/filemanager/internal/apps/docker/plugin.go:507.37,509.2 1 0
github.com/ebogdum/filemanager/internal/apps/docker/plugin.go:511.33,514.2 2 0
github.com/ebogdum/filemanager/internal/apps/docker/plugin.go:516.41,520.13 3 0
github.com/ebogdum/filemanager/internal/apps/docker/plugin.go:520.13,522.3 1 0
github.com/ebogdum/filemanager/internal/apps/docker/plugin.go:523.2,523.16 1 0
github.com/ebogdum/filemanager/internal/apps/docker/plugin.go:523.16,525.3 1 0
github.com/ebogdum/filemanager/internal/apps/docker/plugin.go:528.2,531.29 3 0
github.com/ebogdum/filemanager/internal/apps/docker/plugin.go:531.29,533.17 2 0
github.com/ebogdum/filemanager/internal/apps/docker/plugin.go:533.17,536.4 2 0
github.com/ebogdum/filemanager/internal/apps/docker/plugin.go:539.2,539.32 1 0
github.com/ebogdum/filemanager/internal/apps/docker/plugin.go:539.32,541.17 2 0
github.com/ebogdum/filemanager/internal/apps/docker/plugin.go:541.17,544.4 2 0
github.com/ebogdum/filemanager/internal/apps/docker/plugin.go:547.2,547.15 1 0
github.com/ebogdum/filemanager/internal/apps/docker/plugin.go:550.26,551.14 1 0
github.com/ebogdum/filemanager/internal/apps/docker/plugin.go:551.14,553.3 1 0
github.com/ebogdum/filemanager/internal/apps/docker/plugin.go:554.2,554.25 1 0
github.com/ebogdum/filemanager/internal/apps/docker/plugin.go:555.22,557.25 2 0
github.com/ebogdum/filemanager/internal/apps/docker/plugin.go:557.25,559.4 1 0
github.com/ebogdum/filemanager/internal/apps/docker/plugin.go:560.3,560.16 1 0
github.com/ebogdum/filemanager/internal/apps/docker/plugin.go:561.13,563.25 2 0
github.com/ebogdum/filemanager/internal/apps/docker/plugin.go:563.25,565.4 1 0
github.com/ebogdum/filemanager/internal/apps/docker/plugin.go:566.3,566.16 1 0
github.com/ebogdum/filemanager/internal/apps/docker/plugin.go:567.10,568.11 1 0
github.com/ebogdum/filemanager/internal/apps/docker/plugin.go:572.48,576.27 3 0
github.com/ebogdum/filemanager/internal/apps/docker/plugin.go:576.27,578.3 1 0
github.com/ebogdum/filemanager/internal/apps/docker/plugin.go:580.2,581.28 2 0
github.com/ebogdum/filemanager/internal/apps/docker/plugin.go:581.28,583.3 1 0
github.com/ebogdum/filemanager/internal/apps/docker/plugin.go:584.2,584.31 1 0
github.com/ebogdum/filemanager/internal/apps/docker/plugin.go:584.31,585.36 1 0
github.com/ebogdum/filemanager/internal/apps/docker/plugin.go:585.36,586.52 1 0
github.com/ebogdum/filemanager/internal/apps/docker/plugin.go:586.52,587.48 1 0
github.com/ebogdum/filemanager/internal/apps/docker/plugin.go:587.48,590.14 3 0
github.com/ebogdum/filemanager/internal/apps/docker/plugin.go:594.3,594.16 1 0
github.com/ebogdum/filemanager/internal/apps/docker/plugin.go:596.2,596.20 1 0
github.com/ebogdum/filemanager/internal/apps/docker/plugin.go:599.67,605.22 4 0
github.com/ebogdum/filemanager/internal/apps/docker/plugin.go:605.22,606.55 1 0
github.com/ebogdum/filemanager/internal/apps/docker/plugin.go:606.55,613.4 1 0
github.com/ebogdum/filemanager/internal/apps/docker/plugin.go:614.3,614.22 1 0
github.com/ebogdum/filemanager/internal/apps/docker/plugin.go:617.2,617.22 1 0
github.com/ebogdum/filemanager/internal/apps/docker/plugin.go:617.22,625.3 2 0
github.com/ebogdum/filemanager/internal/apps/docker/plugin.go:627.2,628.24 2 0
github.com/ebogdum/filemanager/internal/apps/docker/plugin.go:628.24,630.3 1 0
github.com/ebogdum/filemanager/internal/apps/docker/plugin.go:631.2,631.24 1 0
github.com/ebogdum/filemanager/internal/apps/docker/plugin.go:631.24,633.3 1 0
github.com/ebogdum/filemanager/internal/apps/docker/plugin.go:635.2,636.25 2 0
github.com/ebogdum/filemanager/internal/apps/docker/plugin.go:636.25,638.3 1 0
github.com/ebogdum/filemanager/internal/apps/docker/plugin.go:639.2,641.25 2 0
github.com/ebogdum/filemanager/internal/apps/docker/plugin.go:641.25,643.17 2 0
github.com/ebogdum/filemanager/internal/apps/docker/plugin.go:643.17,645.4 1 0
github.com/ebogdum/filemanager/internal/apps/docker/plugin.go:647.3,650.14 3 0
github.com/ebogdum/filemanager/internal/apps/docker/plugin.go:650.14,656.4 1 0
github.com/ebogdum/filemanager/internal/apps/docker/plugin.go:656.9,656.21 1 0
github.com/ebogdum/filemanager/internal/apps/docker/plugin.go:656.21,662.4 1 0
github.com/ebogdum/filemanager/internal/apps/docker/plugin.go:662.9,665.4 2 0
github.com/ebogdum/filemanager/internal/apps/docker/plugin.go:668.2,668.21 1 0
github.com/ebogdum/filemanager/internal/apps/elasticsearch/plugin.go:21.20,23.2 1 0
github.com/ebogdum/filemanager/internal/apps/elasticsearch/plugin.go:29.32,31.2 1 0
github.com/ebogdum/filemanager/internal/apps/elasticsearch/plugin.go:34.35,36.2 1 0
github.com/ebogdum/filemanager/internal/apps/elasticsearch/plugin.go:39.39,41.2 1 0
github.com/ebogdum/filemanager/internal/apps/elasticsearch/plugin.go:44.40,46.2 1 0
github.com/ebogdum/filemanager/internal/apps/elasticsearch/plugin.go:49.44,87.2 1 0
github.com/ebogdum/filemanager/internal/apps/elasticsearch/plugin.go:90.38,99.2 1 0
github.com/ebogdum/filemanager/internal/apps/elasticsearch/plugin.go:102.73,106.9 3 0
github.com/ebogdum/filemanager/internal/apps/elasticsearch/plugin.go:106.9,108.3 1 0
github.com/ebogdum/filemanager/internal/apps/elasticsearch/plugin.go:111.2,131.20 8 0
github.com/ebogdum/filemanager/internal/apps/elasticsearch/plugin.go:134.90,138.60 2 0
github.com/ebogdum/filemanager/internal/apps/elasticsearch/plugin.go:138.60,139.24 1 0
github.com/ebogdum/filemanager/internal/apps/elasticsearch/plugin.go:139.24,144.4 1 0
github.com/ebogdum/filemanager/internal/apps/elasticsearch/plugin.go:145.3,145.39 1 0
github.com/ebogdum/filemanager/internal/apps/elasticsearch/plugin.go:145.39,150.4 1 0
github.com/ebogdum/filemanager/internal/apps/elasticsearch/plugin.go:154.2,154.78 1 0
github.com/ebogdum/filemanager/internal/apps/elasticsearch/plugin.go:154.78,155.31 1 0
github.com/ebogdum/filemanager/internal/apps/elasticsearch/plugin.go:155.31,160.4 1 0
github.com/ebogdum/filemanager/internal/apps/elasticsearch/plugin.go:162.3,162.60 1 0
github.com/ebogdum/filemanager/internal/apps/elasticsearch/plugin.go:162.60,167.4 1 0
github.com/ebogdum/filemanager/internal/apps/elasticsearch/plugin.go:171.2,171.115 1 0
github.com/ebogdum/filemanager/internal/apps/elasticsearch/plugin.go:171.115,176.3 1 0
github.com/ebogdum/filemanager/internal/apps/elasticsearch/plugin.go:178.2,178.15 1 0
github.com/ebogdum/filemanager/internal/apps/elasticsearch/plugin.go:181.87,185.54 2 0
github.com/ebogdum/filemanager/internal/apps/elasticsearch/plugin.go:185.54,186.21 1 0
github.com/ebogdum/filemanager/internal/apps/elasticsearch/plugin.go:186.21,191.4 1 0
github.com/ebogdum/filemanager/internal/apps/elasticsearch/plugin.go:195.2,195.55 1 0
github.com/ebogdum/filemanager/internal/apps/elasticsearch/plugin.go:195.55,211.34 2 0
github.com/ebogdum/filemanager/internal/apps/elasticsearch/plugin.go:211.34,212.40 1 0
github.com/ebogdum/filemanager/internal/apps/elasticsearch/plugin.go:212.40,213.29 1 0
github.com/ebogdum/filemanager/internal/apps/elasticsearch/plugin.go:213.29,218.6 1 0
github.com/ebogdum/filemanager/internal/apps/elasticsearch/plugin.go:224.2,225.49 2 0
github.com/ebogdum/filemanager/internal/apps/elasticsearch/plugin.go:225.49,226.35 1 0
github.com/ebogdum/filemanager/internal/apps/elasticsearch/plugin.go:226.35,231.4 1 0
github.com/ebogdum/filemanager/internal/apps/elasticsearch/plugin.go:235.2,235.26 1 0
github.com/ebogdum/filemanager/internal/apps/elasticsearch/plugin.go:235.26,236.43 1 0
github.com/ebogdum/filemanager/internal/apps/elasticsearch/plugin.go:236.43,238.39 2 0
github.com/ebogdum/filemanager/internal/apps/elasticsearch/plugin.go:238.39,243.5 1 0
github.com/ebogdum/filemanager/internal/apps/elasticsearch/plugin.go:247.2,247.15 1 0
github.com/ebogdum/filemanager/internal/apps/elasticsearch/plugin.go:250.87,254.54 2 0
github.com/ebogdum/filemanager/internal/apps/elasticsearch/plugin.go:254.54,255.21 1 0
github.com/ebogdum/filemanager/internal/apps/elasticsearch/plugin.go:255.21,260.4 1 0
github.com/ebogdum/filemanager/internal/apps/elasticsearch/plugin.go:261.8,261.64 1 0
github.com/ebogdum/filemanager/internal/apps/elasticsearch/plugin.go:261.64,262.29 1 0
github.com/ebogdum/filemanager/internal/apps/elasticsearch/plugin.go:262.29,267.4 1 0
github.com/ebogdum/filemanager/internal/apps/elasticsearch/plugin.go:271.2,271.54 1 0
github.com/ebogdum/filemanager/internal/apps/elasticsearch/plugin.go:271.54,272.21 1 0
github.com/ebogdum/filemanager/internal/apps/elasticsearch/plugin.go:272.21,277.4 1 0
github.com/ebogdum/filemanager/internal/apps/elasticsearch/plugin.go:280.2,280.15 1 0
github.com/ebogdum/filemanager/internal/apps/elasticsearch/plugin.go:283.90,287.60 2 0
github.com/ebogdum/filemanager/internal/apps/elasticsearch/plugin.go:287.60,288.39 1 0
github.com/ebogdum/filemanager/internal/apps/elasticsearch/plugin.go:288.39,293.4 1 0
github.com/ebogdum/filemanager/internal/apps/elasticsearch/plugin.go:297.2,297.45 1 0
github.com/ebogdum/filemanager/internal/apps/elasticsearch/plugin.go:297.45,299.31 2 0
github.com/ebogdum/filemanager/internal/apps/elasticsearch/plugin.go:300.12,301.12 1 0
github.com/ebogdum/filemanager/internal/apps/elasticsearch/plugin.go:302.16,303.17 1 0
github.com/ebogdum/filemanager/internal/apps/elasticsearch/plugin.go:304.15,306.28 1 0
github.com/ebogdum/filemanager/internal/apps/elasticsearch/plugin.go:306.28,311.5 1 0
github.com/ebogdum/filemanager/internal/apps/elasticsearch/plugin.go:313.3,313.45 1 0
github.com/ebogdum/filemanager/internal/apps/elasticsearch/plugin.go:313.45,318.4 1 0
github.com/ebogdum/filemanager/internal/apps/elasticsearch/plugin.go:322.2,322.55 1 0
github.com/ebogdum/filemanager/internal/apps/elasticsearch/plugin.go:322.55,324.36 2 0
github.com/ebogdum/filemanager/internal/apps/elasticsearch/plugin.go:325.12,326.12 1 0
github.com/ebogdum/filemanager/internal/apps/elasticsearch/plugin.go:327.16,328.17 1 0
github.com/ebogdum/filemanager/internal/apps/elasticsearch/plugin.go:329.15,330.28 1 0
github.com/ebogdum/filemanager/internal/apps/elasticsearch/plugin.go:330.28,335.5 1 0
github.com/ebogdum/filemanager/internal/apps/elasticsearch/plugin.go:337.3,337.45 1 0
github.com/ebogdum/filemanager/internal/apps/elasticsearch/plugin.go:337.45,342.4 1 0
github.com/ebogdum/filemanager/internal/apps/elasticsearch/plugin.go:346.2,346.60 1 0
github.com/ebogdum/filemanager/internal/apps/elasticsearch/plugin.go:346.60,347.87 1 0
github.com/ebogdum/filemanager/internal/apps/elasticsearch/plugin.go:347.87,352.4 1 0
github.com/ebogdum/filemanager/internal/apps/elasticsearch/plugin.go:355.2,355.15 1 0
github.com/ebogdum/filemanager/internal/apps/elasticsearch/plugin.go:358.92,362.65 2 0
github.com/ebogdum/filemanager/internal/apps/elasticsearch/plugin.go:362.65,363.34 1 0
github.com/ebogdum/filemanager/internal/apps/elasticsearch/plugin.go:363.34,364.40 1 0
github.com/ebogdum/filemanager/internal/apps/elasticsearch/plugin.go:364.40,365.34 1 0
github.com/ebogdum/filemanager/internal/apps/elasticsearch/plugin.go:365.34,370.6 1 0
github.com/ebogdum/filemanager/internal/apps/elasticsearch/plugin.go:376.2,376.64 1 0
github.com/ebogdum/filemanager/internal/apps/elasticsearch/plugin.go:376.64,379.33 3 0
github.com/ebogdum/filemanager/internal/apps/elasticsearch/plugin.go:379.33,380.27 1 0
github.com/ebogdum/filemanager/internal/apps/elasticsearch/plugin.go:380.27,382.10 2 0
github.com/ebogdum/filemanager/internal/apps/elasticsearch/plugin.go:385.3,385.13 1 0
github.com/ebogdum/filemanager/internal/apps/elasticsearch/plugin.go:385.13,390.4 1 0
github.com/ebogdum/filemanager/internal/apps/elasticsearch/plugin.go:393.3,393.37 1 0
github.com/ebogdum/filemanager/internal/apps/elasticsearch/plugin.go:393.37,398.4 1 0
github.com/ebogdum/filemanager/internal/apps/elasticsearch/plugin.go:402.2,404.49 3 0
github.com/ebogdum/filemanager/internal/apps/elasticsearch/plugin.go:404.49,406.3 1 0
github.com/ebogdum/filemanager/internal/apps/elasticsearch/plugin.go:407.2,407.57 1 0
github.com/ebogdum/filemanager/internal/apps/elasticsearch/plugin.go:407.57,409.3 1 0
github.com/ebogdum/filemanager/internal/apps/elasticsearch/plugin.go:412.2,412.40 1 0
github.com/ebogdum/filemanager/internal/apps/elasticsearch/plugin.go:412.40,417.3 1 0
github.com/ebogdum/filemanager/internal/apps/elasticsearch/plugin.go:419.2,419.15 1 0
github.com/ebogdum/filemanager/internal/apps/elasticsearch/plugin.go:422.88,426.72 2 0
github.com/ebogdum/filemanager/internal/apps/elasticsearch/plugin.go:426.72,427.23 1 0
github.com/ebogdum/filemanager/internal/apps/elasticsearch/plugin.go:427.23,432.4 1 0
github.com/ebogdum/filemanager/internal/apps/elasticsearch/plugin.go:433.8,439.3 1 0
github.com/ebogdum/filemanager/internal/apps/elasticsearch/plugin.go:442.2,442.99 1 0
github.com/ebogdum/filemanager/internal/apps/elasticsearch/plugin.go:442.99,444.73 1 0
github.com/ebogdum/filemanager/internal/apps/elasticsearch/plugin.go:444.73,445.64 1 0
github.com/ebogdum/filemanager/internal/apps/elasticsearch/plugin.go:445.64,450.5 1 0
github.com/ebogdum/filemanager/internal/apps/elasticsearch/plugin.go:455.2,455.84 1 0
github.com/ebogdum/filemanager/internal/apps/elasticsearch/plugin.go:455.84,457.68 1 0
github.com/ebogdum/filemanager/internal/apps/elasticsearch/plugin.go:457.68,458.59 1 0
github.com/ebogdum/filemanager/internal/apps/elasticsearch/plugin.go:458.59,463.5 1 0
github.com/ebogdum/filemanager/internal/apps/elasticsearch/plugin.go:468.2,468.97 1 0
github.com/ebogdum/filemanager/internal/apps/elasticsearch/plugin.go:468.97,470.66 1 0
github.com/ebogdum/filemanager/internal/apps/elasticsearch/plugin.go:470.66,475.4 1 0
github.com/ebogdum/filemanager/internal/apps/elasticsearch/plugin.go:478.2,478.15 1 0
github.com/ebogdum/filemanager/internal/apps/elasticsearch/plugin.go:482.81,486.9 3 0
github.com/ebogdum/filemanager/internal/apps/elasticsearch/plugin.go:486.9,488.3 1 0
github.com/ebogdum/filemanager/internal/apps/elasticsearch/plugin.go:490.2,496.102 3 0
github.com/ebogdum/filemanager/internal/apps/elasticsearch/plugin.go:496.102,498.3 1 0
github.com/ebogdum/filemanager/internal/apps/elasticsearch/plugin.go:501.2,501.96 1 0
github.com/ebogdum/filemanager/internal/apps/elasticsearch/plugin.go:501.96,503.3 1 0
github.com/ebogdum/filemanager/internal/apps/elasticsearch/plugin.go:506.2,506.94 1 0
github.com/ebogdum/filemanager/internal/apps/elasticsearch/plugin.go:506.94,508.3 1 0
github.com/ebogdum/filemanager/internal/apps/elasticsearch/plugin.go:510.2,510.19 1 0
github.com/ebogdum/filemanager/internal/apps/elasticsearch/plugin.go:510.19,515.3 1 0
github.com/ebogdum/filemanager/internal/apps/elasticsearch/plugin.go:518.2,518.81 1 0
github.com/ebogdum/filemanager/internal/apps/elasticsearch/plugin.go:518.81,523.3 1 0
github.com/ebogdum/filemanager/internal/apps/elasticsearch/plugin.go:525.2,525.20 1 0
github.com/ebogdum/filemanager/internal/apps/elasticsearch/plugin.go:529.53,532.2 1 0
github.com/ebogdum/filemanager/internal/apps/elasticsearch/plugin.go:535.55,537.2 1 0
github.com/ebogdum/filemanager/internal/apps/elasticsearch/plugin.go:540.55,542.54 2 0
github.com/ebogdum/filemanager/internal/apps/elasticsearch/plugin.go:542.54,544.3 1 0
github.com/ebogdum/filemanager/internal/apps/elasticsearch/plugin.go:545.2,545.20 1 0
github.com/ebogdum/filemanager/internal/apps/elasticsearch/plugin.go:549.56,551.2 1 0
github.com/ebogdum/filemanager/internal/apps/elasticsearch/plugin.go:554.62,556.2 1 0
github.com/ebogdum/filemanager/internal/apps/elasticsearch/plugin.go:561.58,565.2 3 0
github.com/ebogdum/filemanager/internal/apps/elasticsearch/plugin.go:567.90,568.33 1 0
github.com/ebogdum/filemanager/internal/apps/elasticsearch/plugin.go:568.33,570.19 2 0
github.com/ebogdum/filemanager/internal/apps/elasticsearch/plugin.go:570.19,572.4 1 0
github.com/ebogdum/filemanager/internal/apps/elasticsearch/plugin.go:574.3,574.28 1 0
github.com/ebogdum/filemanager/internal/apps/elasticsearch/plugin.go:575.23,576.46 1 0
github.com/ebogdum/filemanager/internal/apps/elasticsearch/plugin.go:577.11,578.23 1 0
github.com/ebogdum/filemanager/internal/apps/elasticsearch/plugin.go:583.43,587.2 2 0
github.com/ebogdum/filemanager/internal/apps/elasticsearch/plugin.go:589.45,593.2 2 0
github.com/ebogdum/filemanager/internal/apps/elasticsearch/plugin.go:595.43,601.34 2 0
github.com/ebogdum/filemanager/internal/apps/elasticsearch/plugin.go:601.34,602.17 1 0
github.com/ebogdum/filemanager/internal/apps/elasticsearch/plugin.go:602.17,604.4 1 0
github.com/ebogdum/filemanager/internal/apps/elasticsearch/plugin.go:608.2,608.66 1 0
github.com/ebogdum/filemanager/internal/apps/elasticsearch/plugin.go:608.66,610.3 1 0
github.com/ebogdum/filemanager/internal/apps/elasticsearch/plugin.go:613.2,613.30 1 0
github.com/ebogdum/filemanager/internal/apps/elasticsearch/plugin.go:613.30,615.3 1 0
github.com/ebogdum/filemanager/internal/apps/elasticsearch/plugin.go:618.2,618.30 1 0
github.com/ebogdum/filemanager/internal/apps/elasticsearch/plugin.go:621.44,625.2 2 0
github.com/ebogdum/filemanager/internal/apps/elasticsearch/plugin.go:627.46,631.2 2 0
github.com/ebogdum/filemanager/internal/apps/elasticsearch/plugin.go:633.40,635.33 1 0
github.com/ebogdum/filemanager/internal/apps/elasticsearch/plugin.go:635.33,637.17 2 0
github.com/ebogdum/filemanager/internal/apps/elasticsearch/plugin.go:637.17,639.4 1 0
github.com/ebogdum/filemanager/internal/apps/elasticsearch/plugin.go:640.3,640.29 1 0
github.com/ebogdum/filemanager/internal/apps/elasticsearch/plugin.go:640.29,642.4 1 0
github.com/ebogdum/filemanager/internal/apps/elasticsearch/plugin.go:643.3,643.29 1 0
github.com/ebogdum/filemanager/internal/apps/elasticsearch/plugin.go:645.2,645.33 1 0
github.com/ebogdum/filemanager/internal/apps/grafana/plugin.go:20.20,22.2 1 0
github.com/ebogdum/filemanager/internal/apps/grafana/plugin.go:28.32,30.2 1 0
github.com/ebogdum/filemanager/internal/apps/grafana/plugin.go:33.35,35.2 1 0
github.com/ebogdum/filemanager/internal/apps/grafana/plugin.go:38.39,40.2 1 0
github.com/ebogdum/filemanager/internal/apps/grafana/plugin.go:43.40,45.2 1 0
github.com/ebogdum/filemanager/internal/apps/grafana/plugin.go:48.44,115.2 1 0
github.com/ebogdum/filemanager/internal/apps/grafana/plugin.go:118.38,140.2 1 0
github.com/ebogdum/filemanager/internal/apps/grafana/plugin.go:143.73,147.9 3 0
github.com/ebogdum/filemanager/internal/apps/grafana/plugin.go:147.9,149.3 1 0
github.com/ebogdum/filemanager/internal/apps/grafana/plugin.go:152.2,152.38 1 0
github.com/ebogdum/filemanager/internal/apps/grafana/plugin.go:152.38,157.3 1 0
github.com/ebogdum/filemanager/internal/apps/grafana/plugin.go:160.2,160.46 1 0
github.com/ebogdum/filemanager/internal/apps/grafana/plugin.go:160.46,161.23 1 0
github.com/ebogdum/filemanager/internal/apps/grafana/plugin.go:161.23,166.4 1 0
github.com/ebogdum/filemanager/internal/apps/grafana/plugin.go:170.2,170.51 1 0
github.com/ebogdum/filemanager/internal/apps/grafana/plugin.go:170.51,172.3 1 0
github.com/ebogdum/filemanager/internal/apps/grafana/plugin.go:175.2,175.68 1 0
github.com/ebogdum/filemanager/internal/apps/grafana/plugin.go:175.68,177.3 1 0
github.com/ebogdum/filemanager/internal/apps/grafana/plugin.go:180.2,180.61 1 0
github.com/ebogdum/filemanager/internal/apps/grafana/plugin.go:180.61,182.3 1 0
github.com/ebogdum/filemanager/internal/apps/grafana/plugin.go:185.2,185.71 1 0
github.com/ebogdum/filemanager/internal/apps/grafana/plugin.go:185.71,186.39 1 0
github.com/ebogdum/filemanager/internal/apps/grafana/plugin.go:186.39,191.4 1 0
github.com/ebogdum/filemanager/internal/apps/grafana/plugin.go:195.2,195.57 1 0
github.com/ebogdum/filemanager/internal/apps/grafana/plugin.go:195.57,197.36 2 0
github.com/ebogdum/filemanager/internal/apps/grafana/plugin.go:198.12,199.15 1 0
github.com/ebogdum/filemanager/internal/apps/grafana/plugin.go:200.16,201.20 1 0
github.com/ebogdum/filemanager/internal/apps/grafana/plugin.go:203.3,203.18 1 0
github.com/ebogdum/filemanager/internal/apps/grafana/plugin.go:203.18,208.4 1 0
github.com/ebogdum/filemanager/internal/apps/grafana/plugin.go:211.2,211.20 1 0
github.com/ebogdum/filemanager/internal/apps/grafana/plugin.go:214.72,219.31 4 0
github.com/ebogdum/filemanager/internal/apps/grafana/plugin.go:219.31,221.10 2 0
github.com/ebogdum/filemanager/internal/apps/grafana/plugin.go:221.10,226.12 2 0
github.com/ebogdum/filemanager/internal/apps/grafana/plugin.go:230.3,230.35 1 0
github.com/ebogdum/filemanager/internal/apps/grafana/plugin.go:230.35,232.26 2 0
github.com/ebogdum/filemanager/internal/apps/grafana/plugin.go:233.13,234.16 1 0
github.com/ebogdum/filemanager/internal/apps/grafana/plugin.go:235.17,236.21 1 0
github.com/ebogdum/filemanager/internal/apps/grafana/plugin.go:238.4,238.24 1 0
github.com/ebogdum/filemanager/internal/apps/grafana/plugin.go:238.24,243.5 1 0
github.com/ebogdum/filemanager/internal/apps/grafana/plugin.go:244.4,244.27 1 0
github.com/ebogdum/filemanager/internal/apps/grafana/plugin.go:248.3,248.53 1 0
github.com/ebogdum/filemanager/internal/apps/grafana/plugin.go:248.53,249.36 1 0
github.com/ebogdum/filemanager/internal/apps/grafana/plugin.go:249.36,254.5 1 0
github.com/ebogdum/filemanager/internal/apps/grafana/plugin.go:255.9,260.4 1 0
github.com/ebogdum/filemanager/internal/apps/grafana/plugin.go:263.3,263.38 1 0
github.com/ebogdum/filemanager/internal/apps/grafana/plugin.go:263.38,268.4 1 0
github.com/ebogdum/filemanager/internal/apps/grafana/plugin.go:271.3,271.62 1 0
github.com/ebogdum/filemanager/internal/apps/grafana/plugin.go:271.62,273.4 1 0
github.com/ebogdum/filemanager/internal/apps/grafana/plugin.go:276.3,276.53 1 0
github.com/ebogdum/filemanager/internal/apps/grafana/plugin.go:276.53,278.4 1 0
github.com/ebogdum/filemanager/internal/apps/grafana/plugin.go:281.2,281.15 1 0
github.com/ebogdum/filemanager/internal/apps/grafana/plugin.go:284.125,290.31 3 0
github.com/ebogdum/filemanager/internal/apps/grafana/plugin.go:290.31,291.26 1 0
github.com/ebogdum/filemanager/internal/apps/grafana/plugin.go:292.12,293.11 1 0
github.com/ebogdum/filemanager/internal/apps/grafana/plugin.go:294.16,295.16 1 0
github.com/ebogdum/filemanager/internal/apps/grafana/plugin.go:298.2,298.31 1 0
github.com/ebogdum/filemanager/internal/apps/grafana/plugin.go:298.31,299.26 1 0
github.com/ebogdum/filemanager/internal/apps/grafana/plugin.go:300.12,301.11 1 0
github.com/ebogdum/filemanager/internal/apps/grafana/plugin.go:302.16,303.16 1 0
github.com/ebogdum/filemanager/internal/apps/grafana/plugin.go:306.2,306.31 1 0
github.com/ebogdum/filemanager/internal/apps/grafana/plugin.go:306.31,307.26 1 0
github.com/ebogdum/filemanager/internal/apps/grafana/plugin.go:308.12,309.11 1 0
github.com/ebogdum/filemanager/internal/apps/grafana/plugin.go:310.16,311.16 1 0
github.com/ebogdum/filemanager/internal/apps/grafana/plugin.go:314.2,314.31 1 0
github.com/ebogdum/filemanager/internal/apps/grafana/plugin.go:314.31,315.26 1 0
github.com/ebogdum/filemanager/internal/apps/grafana/plugin.go:316.12,317.11 1 0
github.com/ebogdum/filemanager/internal/apps/grafana/plugin.go:318.16,319.16 1 0
github.com/ebogdum/filemanager/internal/apps/grafana/plugin.go:324.2,324.22 1 0
github.com/ebogdum/filemanager/internal/apps/grafana/plugin.go:324.22,329.3 1 0
github.com/ebogdum/filemanager/internal/apps/grafana/plugin.go:331.2,331.12 1 0
github.com/ebogdum/filemanager/internal/apps/grafana/plugin.go:331.12,336.3 1 0
github.com/ebogdum/filemanager/internal/apps/grafana/plugin.go:338.2,338.22 1 0
github.com/ebogdum/filemanager/internal/apps/grafana/plugin.go:338.22,343.3 1 0
github.com/ebogdum/filemanager/internal/apps/grafana/plugin.go:345.2,345.11 1 0
github.com/ebogdum/filemanager/internal/apps/grafana/plugin.go:345.11,350.3 1 0
github.com/ebogdum/filemanager/internal/apps/grafana/plugin.go:353.2,353.14 1 0
github.com/ebogdum/filemanager/internal/apps/grafana/plugin.go:353.14,358.3 1 0
github.com/ebogdum/filemanager/internal/apps/grafana/plugin.go:361.2,361.30 1 0
github.com/ebogdum/filemanager/internal/apps/grafana/plugin.go:361.30,362.31 1 0
github.com/ebogdum/filemanager/internal/apps/grafana/plugin.go:362.31,364.55 2 0
github.com/ebogdum/filemanager/internal/apps/grafana/plugin.go:364.55,369.5 1 0
github.com/ebogdum/filemanager/internal/apps/grafana/plugin.go:370.4,370.31 1 0
github.com/ebogdum/filemanager/internal/apps/grafana/plugin.go:374.2,374.15 1 0
github.com/ebogdum/filemanager/internal/apps/grafana/plugin.go:377.90,380.33 2 0
github.com/ebogdum/filemanager/internal/apps/grafana/plugin.go:380.33,382.10 2 0
github.com/ebogdum/filemanager/internal/apps/grafana/plugin.go:382.10,387.12 2 0
github.com/ebogdum/filemanager/internal/apps/grafana/plugin.go:391.3,391.51 1 0
github.com/ebogdum/filemanager/internal/apps/grafana/plugin.go:391.51,392.19 1 0
github.com/ebogdum/filemanager/internal/apps/grafana/plugin.go:392.19,397.5 1 0
github.com/ebogdum/filemanager/internal/apps/grafana/plugin.go:401.3,401.61 1 0
github.com/ebogdum/filemanager/internal/apps/grafana/plugin.go:401.61,402.61 1 0
github.com/ebogdum/filemanager/internal/apps/grafana/plugin.go:402.61,407.5 1 0
github.com/ebogdum/filemanager/internal/apps/grafana/plugin.go:411.2,411.15 1 0
github.com/ebogdum/filemanager/internal/apps/grafana/plugin.go:414.89,417.48 2 0
github.com/ebogdum/filemanager/internal/apps/grafana/plugin.go:417.48,420.33 2 0
github.com/ebogdum/filemanager/internal/apps/grafana/plugin.go:420.33,422.4 1 0
github.com/ebogdum/filemanager/internal/apps/grafana/plugin.go:425.2,425.15 1 0
github.com/ebogdum/filemanager/internal/apps/grafana/plugin.go:428.110,430.9 2 0
github.com/ebogdum/filemanager/internal/apps/grafana/plugin.go:430.9,435.3 1 0
github.com/ebogdum/filemanager/internal/apps/grafana/plugin.go:437.2,441.15 5 0
github.com/ebogdum/filemanager/internal/apps/grafana/plugin.go:444.122,445.23 1 0
github.com/ebogdum/filemanager/internal/apps/grafana/plugin.go:445.23,450.3 1 0
github.com/ebogdum/filemanager/internal/apps/grafana/plugin.go:452.2,453.21 2 0
github.com/ebogdum/filemanager/internal/apps/grafana/plugin.go:453.21,458.3 1 0
github.com/ebogdum/filemanager/internal/apps/grafana/plugin.go:459.2,461.32 2 0
github.com/ebogdum/filemanager/internal/apps/grafana/plugin.go:461.32,466.3 1 0
github.com/ebogdum/filemanager/internal/apps/grafana/plugin.go:467.2,467.15 1 0
github.com/ebogdum/filemanager/internal/apps/grafana/plugin.go:470.96,472.9 2 0
github.com/ebogdum/filemanager/internal/apps/grafana/plugin.go:472.9,474.3 1 0
github.com/ebogdum/filemanager/internal/apps/grafana/plugin.go:475.2,475.115 1 0
github.com/ebogdum/filemanager/internal/apps/grafana/plugin.go:475.115,477.3 1 0
github.com/ebogdum/filemanager/internal/apps/grafana/plugin.go:478.2,481.4 1 0
github.com/ebogdum/filemanager/internal/apps/grafana/plugin.go:484.87,488.48 2 0
github.com/ebogdum/filemanager/internal/apps/grafana/plugin.go:488.48,489.30 1 0
github.com/ebogdum/filemanager/internal/apps/grafana/plugin.go:489.30,494.4 1 0
github.com/ebogdum/filemanager/internal/apps/grafana/plugin.go:498.2,498.44 1 0
github.com/ebogdum/filemanager/internal/apps/grafana/plugin.go:498.44,499.28 1 0
github.com/ebogdum/filemanager/internal/apps/grafana/plugin.go:499.28,504.4 1 0
github.com/ebogdum/filemanager/internal/apps/grafana/plugin.go:507.2,507.15 1 0
github.com/ebogdum/filemanager/internal/apps/grafana/plugin.go:511.81,515.9 3 0
github.com/ebogdum/filemanager/internal/apps/grafana/plugin.go:515.9,517.3 1 0
github.com/ebogdum/filemanager/internal/apps/grafana/plugin.go:519.2,522.20 4 0
github.com/ebogdum/filemanager/internal/apps/grafana/plugin.go:525.80,526.71 1 0
github.com/ebogdum/filemanager/internal/apps/grafana/plugin.go:526.71,528.3 1 0
github.com/ebogdum/filemanager/internal/apps/grafana/plugin.go:529.2,529.12 1 0
github.com/ebogdum/filemanager/internal/apps/grafana/plugin.go:532.78,533.35 1 0
github.com/ebogdum/filemanager/internal/apps/grafana/plugin.go:533.35,535.3 1 0
github.com/ebogdum/filemanager/internal/apps/grafana/plugin.go:536.2,536.108 1 0
github.com/ebogdum/filemanager/internal/apps/grafana/plugin.go:539.82,541.9 2 0
github.com/ebogdum/filemanager/internal/apps/grafana/plugin.go:541.9,543.3 1 0
github.com/ebogdum/filemanager/internal/apps/grafana/plugin.go:544.2,545.31 2 0
github.com/ebogdum/filemanager/internal/apps/grafana/plugin.go:545.31,547.10 2 0
github.com/ebogdum/filemanager/internal/apps/grafana/plugin.go:547.10,548.12 1 0
github.com/ebogdum/filemanager/internal/apps/grafana/plugin.go:550.3,550.74 1 0
github.com/ebogdum/filemanager/internal/apps/grafana/plugin.go:552.2,552.15 1 0
github.com/ebogdum/filemanager/internal/apps/grafana/plugin.go:555.103,557.30 2 0
github.com/ebogdum/filemanager/internal/apps/grafana/plugin.go:557.30,559.3 1 0
github.com/ebogdum/filemanager/internal/apps/grafana/plugin.go:560.2,562.33 3 0
github.com/ebogdum/filemanager/internal/apps/grafana/plugin.go:562.33,564.10 2 0
github.com/ebogdum/filemanager/internal/apps/grafana/plugin.go:564.10,565.12 1 0
github.com/ebogdum/filemanager/internal/apps/grafana/plugin.go:567.3,567.68 1 0
github.com/ebogdum/filemanager/internal/apps/grafana/plugin.go:567.68,572.4 1 0
github.com/ebogdum/filemanager/internal/apps/grafana/plugin.go:574.2,574.15 1 0
github.com/ebogdum/filemanager/internal/apps/grafana/plugin.go:577.57,578.36 1 0
github.com/ebogdum/filemanager/internal/apps/grafana/plugin.go:578.36,579.25 1 0
github.com/ebogdum/filemanager/internal/apps/grafana/plugin.go:579.25,581.4 1 0
github.com/ebogdum/filemanager/internal/apps/grafana/plugin.go:583.2,583.14 1 0
github.com/ebogdum/filemanager/internal/apps/grafana/plugin.go:587.53,589.9 2 0
github.com/ebogdum/filemanager/internal/apps/grafana/plugin.go:589.9,591.3 1 0
github.com/ebogdum/filemanager/internal/apps/grafana/plugin.go:594.2,594.46 1 0
github.com/ebogdum/filemanager/internal/apps/grafana/plugin.go:594.46,596.3 1 0
github.com/ebogdum/filemanager/internal/apps/grafana/plugin.go:599.2,599.39 1 0
github.com/ebogdum/filemanager/internal/apps/grafana/plugin.go:599.39,601.3 1 0
github.com/ebogdum/filemanager/internal/apps/grafana/plugin.go:603.2,603.43 1 0
github.com/ebogdum/filemanager/internal/apps/grafana/plugin.go:603.43,605.3 1 0
github.com/ebogdum/filemanager/internal/apps/grafana/plugin.go:607.2,607.44 1 0
github.com/ebogdum/filemanager/internal/apps/grafana/plugin.go:607.44,609.3 1 0
github.com/ebogdum/filemanager/internal/apps/grafana/plugin.go:611.2,611.23 1 0
github.com/ebogdum/filemanager/internal/apps/grafana/plugin.go:615.55,617.2 1 0
github.com/ebogdum/filemanager/internal/apps/grafana/plugin.go:620.55,622.54 2 0
github.com/ebogdum/filemanager/internal/apps/grafana/plugin.go:622.54,624.3 1 0
github.com/ebogdum/filemanager/internal/apps/grafana/plugin.go:625.2,625.20 1 0
github.com/ebogdum/filemanager/internal/apps/grafana/plugin.go:629.56,631.2 1 0
github.com/ebogdum/filemanager/internal/apps/grafana/plugin.go:634.62,636.2 1 0
github.com/ebogdum/filemanager/internal/apps/grafana/plugin.go:640.34,644.2 2 0
github.com/ebogdum/filemanager/internal/apps/grafana/plugin.go:646.46,654.32 2 0
github.com/ebogdum/filemanager/internal/apps/grafana/plugin.go:654.32,655.22 1 0
github.com/ebogdum/filemanager/internal/apps/grafana/plugin.go:655.22,657.4 1 0
github.com/ebogdum/filemanager/internal/apps/grafana/plugin.go:659.2,659.14 1 0
github.com/ebogdum/filemanager/internal/apps/grafana/plugin.go:662.50,664.61 1 0
github.com/ebogdum/filemanager/internal/apps/grafana/plugin.go:664.61,666.3 1 0
github.com/ebogdum/filemanager/internal/apps/grafana/plugin.go:668.2,669.36 2 0
github.com/ebogdum/filemanager/internal/apps/grafana/plugin.go:669.36,670.20 1 0
github.com/ebogdum/filemanager/internal/apps/grafana/plugin.go:670.20,672.4 1 0
github.com/ebogdum/filemanager/internal/apps/grafana/plugin.go:676.2,677.16 2 0
github.com/ebogdum/filemanager/internal/apps/grafana/plugin.go:680.44,683.2 2 0
github.com/ebogdum/filemanager/internal/apps/grafana/plugin.go:685.42,687.20 1 0
github.com/ebogdum/filemanager/internal/apps/grafana/plugin.go:687.20,689.3 1 0
github.com/ebogdum/filemanager/internal/apps/grafana/plugin.go:692.2,693.40 2 0
github.com/ebogdum/filemanager/internal/apps/grafana/plugin.go:693.40,695.3 1 0
github.com/ebogdum/filemanager/internal/apps/grafana/plugin.go:698.2,699.35 2 0
github.com/ebogdum/filemanager/internal/apps/grafana/plugin.go:699.35,701.3 1 0
github.com/ebogdum/filemanager/internal/apps/grafana/plugin.go:704.2,705.37 2 0
github.com/ebogdum/filemanager/internal/apps/grafana/plugin.go:705.37,707.3 1 0
github.com/ebogdum/filemanager/internal/apps/grafana/plugin.go:710.2,711.40 2 0
github.com/ebogdum/filemanager/internal/apps/grafana/plugin.go:711.40,712.40 1 0
github.com/ebogdum/filemanager/internal/apps/grafana/plugin.go:712.40,714.4 1 0
github.com/ebogdum/filemanager/internal/apps/grafana/plugin.go:717.2,717.14 1 0
github.com/ebogdum/filemanager/internal/apps/kubernetes/plugin.go:22.20,24.2 1 0
github.com/ebogdum/filemanager/internal/apps/kubernetes/plugin.go:27.32,29.2 1 0
github.com/ebogdum/filemanager/internal/apps/kubernetes/plugin.go:32.35,34.2 1 0
github.com/ebogdum/filemanager/internal/apps/kubernetes/plugin.go:37.39,39.2 1 0
github.com/ebogdum/filemanager/internal/apps/kubernetes/plugin.go:42.40,44.2 1 0
github.com/ebogdum/filemanager/internal/apps/kubernetes/plugin.go:47.44,89.2 1 0
github.com/ebogdum/filemanager/internal/apps/kubernetes/plugin.go:118.38,157.2 1 0
github.com/ebogdum/filemanager/internal/apps/kubernetes/plugin.go:160.73,164.9 3 0
github.com/ebogdum/filemanager/internal/apps/kubernetes/plugin.go:164.9,166.3 1 0
github.com/ebogdum/filemanager/internal/apps/kubernetes/plugin.go:169.2,170.9 2 0
github.com/ebogdum/filemanager/internal/apps/kubernetes/plugin.go:170.9,175.3 1 0
github.com/ebogdum/filemanager/internal/apps/kubernetes/plugin.go:175.8,177.40 2 0
github.com/ebogdum/filemanager/internal/apps/kubernetes/plugin.go:177.40,182.4 1 0
github.com/ebogdum/filemanager/internal/apps/kubernetes/plugin.go:186.2,187.9 2 0
github.com/ebogdum/filemanager/internal/apps/kubernetes/plugin.go:187.9,192.3 1 0
github.com/ebogdum/filemanager/internal/apps/kubernetes/plugin.go:195.2,195.38 1 0
github.com/ebogdum/filemanager/internal/apps/kubernetes/plugin.go:195.38,199.59 3 0
github.com/ebogdum/filemanager/internal/apps/kubernetes/plugin.go:199.59,201.36 2 0
github.com/ebogdum/filemanager/internal/apps/kubernetes/plugin.go:201.36,202.27 1 0
github.com/ebogdum/filemanager/internal/apps/kubernetes/plugin.go:202.27,204.11 2 0
github.com/ebogdum/filemanager/internal/apps/kubernetes/plugin.go:207.4,207.14 1 0
github.com/ebogdum/filemanager/internal/apps/kubernetes/plugin.go:207.14,212.5 1 0
github.com/ebogdum/filemanager/internal/apps/kubernetes/plugin.go:217.2,218.9 2 0
github.com/ebogdum/filemanager/internal/apps/kubernetes/plugin.go:218.9,223.3 1 0
github.com/ebogdum/filemanager/internal/apps/kubernetes/plugin.go:223.8,226.3 2 0
github.com/ebogdum/filemanager/internal/apps/kubernetes/plugin.go:229.2,229.17 1 0
github.com/ebogdum/filemanager/internal/apps/kubernetes/plugin.go:229.17,233.3 3 0
github.com/ebogdum/filemanager/internal/apps/kubernetes/plugin.go:235.2,235.20 1 0
github.com/ebogdum/filemanager/internal/apps/kubernetes/plugin.go:238.74,242.9 3 0
github.com/ebogdum/filemanager/internal/apps/kubernetes/plugin.go:242.9,244.3 1 0
github.com/ebogdum/filemanager/internal/apps/kubernetes/plugin.go:247.2,248.9 2 0
github.com/ebogdum/filemanager/internal/apps/kubernetes/plugin.go:248.9,253.3 1 0
github.com/ebogdum/filemanager/internal/apps/kubernetes/plugin.go:253.8,255.31 2 0
github.com/ebogdum/filemanager/internal/apps/kubernetes/plugin.go:255.31,260.4 1 0
github.com/ebogdum/filemanager/internal/apps/kubernetes/plugin.go:264.2,264.40 1 0
github.com/ebogdum/filemanager/internal/apps/kubernetes/plugin.go:264.40,266.29 2 0
github.com/ebogdum/filemanager/internal/apps/kubernetes/plugin.go:266.29,271.4 1 0
github.com/ebogdum/filemanager/internal/apps/kubernetes/plugin.go:275.2,275.41 1 0
github.com/ebogdum/filemanager/internal/apps/kubernetes/plugin.go:275.41,278.3 2 0
github.com/ebogdum/filemanager/internal/apps/kubernetes/plugin.go:281.2,281.51 1 0
github.com/ebogdum/filemanager/internal/apps/kubernetes/plugin.go:281.51,284.3 2 0
github.com/ebogdum/filemanager/internal/apps/kubernetes/plugin.go:286.2,286.15 1 0
github.com/ebogdum/filemanager/internal/apps/kubernetes/plugin.go:289.83,293.9 3 0
github.com/ebogdum/filemanager/internal/apps/kubernetes/plugin.go:293.9,295.3 1 0
github.com/ebogdum/filemanager/internal/apps/kubernetes/plugin.go:297.2,297.29 1 0
github.com/ebogdum/filemanager/internal/apps/kubernetes/plugin.go:297.29,299.26 1 0
github.com/ebogdum/filemanager/internal/apps/kubernetes/plugin.go:299.26,304.4 1 0
github.com/ebogdum/filemanager/internal/apps/kubernetes/plugin.go:307.3,308.33 2 0
github.com/ebogdum/filemanager/internal/apps/kubernetes/plugin.go:308.33,313.4 1 0
github.com/ebogdum/filemanager/internal/apps/kubernetes/plugin.go:316.2,316.15 1 0
github.com/ebogdum/filemanager/internal/apps/kubernetes/plugin.go:319.93,323.9 3 0
github.com/ebogdum/filemanager/internal/apps/kubernetes/plugin.go:323.9,325.3 1 0
github.com/ebogdum/filemanager/internal/apps/kubernetes/plugin.go:327.2,327.25 1 0
github.com/ebogdum/filemanager/internal/apps/kubernetes/plugin.go:327.25,329.26 1 0
github.com/ebogdum/filemanager/internal/apps/kubernetes/plugin.go:329.26,334.4 1 0
github.com/ebogdum/filemanager/internal/apps/kubernetes/plugin.go:337.2,337.15 1 0
github.com/ebogdum/filemanager/internal/apps/kubernetes/plugin.go:340.100,343.14 2 0
github.com/ebogdum/filemanager/internal/apps/kubernetes/plugin.go:344.62,345.63 1 0
github.com/ebogdum/filemanager/internal/apps/kubernetes/plugin.go:346.17,347.56 1 0
github.com/ebogdum/filemanager/internal/apps/kubernetes/plugin.go:348.19,349.58 1 0
github.com/ebogdum/filemanager/internal/apps/kubernetes/plugin.go:350.16,351.55 1 0
github.com/ebogdum/filemanager/internal/apps/kubernetes/plugin.go:352.17,353.56 1 0
github.com/ebogdum/filemanager/internal/apps/kubernetes/plugin.go:356.2,356.15 1 0
github.com/ebogdum/filemanager/internal/apps/kubernetes/plugin.go:359.96,361.9 2 0
github.com/ebogdum/filemanager/internal/apps/kubernetes/plugin.go:361.9,363.3 1 0
github.com/ebogdum/filemanager/internal/apps/kubernetes/plugin.go:365.2,368.18 3 0
github.com/ebogdum/filemanager/internal/apps/kubernetes/plugin.go:368.18,373.3 1 0
github.com/ebogdum/filemanager/internal/apps/kubernetes/plugin.go:375.2,376.18 2 0
github.com/ebogdum/filemanager/internal/apps/kubernetes/plugin.go:376.18,382.3 2 0
github.com/ebogdum/filemanager/internal/apps/kubernetes/plugin.go:384.2,384.17 1 0
github.com/ebogdum/filemanager/internal/apps/kubernetes/plugin.go:384.17,386.3 1 0
github.com/ebogdum/filemanager/internal/apps/kubernetes/plugin.go:387.2,389.15 3 0
github.com/ebogdum/filemanager/internal/apps/kubernetes/plugin.go:392.89,396.9 3 0
github.com/ebogdum/filemanager/internal/apps/kubernetes/plugin.go:396.9,398.3 1 0
github.com/ebogdum/filemanager/internal/apps/kubernetes/plugin.go:401.2,401.40 1 0
github.com/ebogdum/filemanager/internal/apps/kubernetes/plugin.go:401.40,406.3 1 0
github.com/ebogdum/filemanager/internal/apps/kubernetes/plugin.go:409.2,409.41 1 0
github.com/ebogdum/filemanager/internal/apps/kubernetes/plugin.go:409.41,414.3 1 0
github.com/ebogdum/filemanager/internal/apps/kubernetes/plugin.go:417.2,417.69 1 0
github.com/ebogdum/filemanager/internal/apps/kubernetes/plugin.go:417.69,419.3 1 0
github.com/ebogdum/filemanager/internal/apps/kubernetes/plugin.go:421.2,421.15 1 0
github.com/ebogdum/filemanager/internal/apps/kubernetes/plugin.go:424.100,430.30 4 0
github.com/ebogdum/filemanager/internal/apps/kubernetes/plugin.go:430.30,432.40 1 0
github.com/ebogdum/filemanager/internal/apps/kubernetes/plugin.go:432.40,433.39 1 0
github.com/ebogdum/filemanager/internal/apps/kubernetes/plugin.go:433.39,436.24 3 0
github.com/ebogdum/filemanager/internal/apps/kubernetes/plugin.go:436.24,441.6 1 0
github.com/ebogdum/filemanager/internal/apps/kubernetes/plugin.go:444.3,444.43 1 0
github.com/ebogdum/filemanager/internal/apps/kubernetes/plugin.go:444.43,445.42 1 0
github.com/ebogdum/filemanager/internal/apps/kubernetes/plugin.go:445.42,448.24 3 0
github.com/ebogdum/filemanager/internal/apps/kubernetes/plugin.go:448.24,453.6 1 0
github.com/ebogdum/filemanager/internal/apps/kubernetes/plugin.go:458.2,458.15 1 0
github.com/ebogdum/filemanager/internal/apps/kubernetes/plugin.go:461.82,465.9 3 0
github.com/ebogdum/filemanager/internal/apps/kubernetes/plugin.go:465.9,467.3 1 0
github.com/ebogdum/filemanager/internal/apps/kubernetes/plugin.go:470.2,470.37 1 0
github.com/ebogdum/filemanager/internal/apps/kubernetes/plugin.go:470.37,474.32 4 0
github.com/ebogdum/filemanager/internal/apps/kubernetes/plugin.go:474.32,475.20 1 0
github.com/ebogdum/filemanager/internal/apps/kubernetes/plugin.go:475.20,477.10 2 0
github.com/ebogdum/filemanager/internal/apps/kubernetes/plugin.go:480.3,480.13 1 0
github.com/ebogdum/filemanager/internal/apps/kubernetes/plugin.go:480.13,485.4 1 0
github.com/ebogdum/filemanager/internal/apps/kubernetes/plugin.go:489.2,489.44 1 0
github.com/ebogdum/filemanager/internal/apps/kubernetes/plugin.go:489.44,490.30 1 0
github.com/ebogdum/filemanager/internal/apps/kubernetes/plugin.go:490.30,493.4 2 0
github.com/ebogdum/filemanager/internal/apps/kubernetes/plugin.go:496.2,496.15 1 0
github.com/ebogdum/filemanager/internal/apps/kubernetes/plugin.go:499.86,503.9 3 0
github.com/ebogdum/filemanager/internal/apps/kubernetes/plugin.go:503.9,505.3 1 0
github.com/ebogdum/filemanager/internal/apps/kubernetes/plugin.go:508.2,508.35 1 0
github.com/ebogdum/filemanager/internal/apps/kubernetes/plugin.go:508.35,513.3 1 0
github.com/ebogdum/filemanager/internal/apps/kubernetes/plugin.go:516.2,516.45 1 0
github.com/ebogdum/filemanager/internal/apps/kubernetes/plugin.go:516.45,520.36 4 0
github.com/ebogdum/filemanager/internal/apps/kubernetes/plugin.go:520.36,521.24 1 0
github.com/ebogdum/filemanager/internal/apps/kubernetes/plugin.go:521.24,523.10 2 0
github.com/ebogdum/filemanager/internal/apps/kubernetes/plugin.go:526.3,526.13 1 0
github.com/ebogdum/filemanager/internal/apps/kubernetes/plugin.go:526.13,531.4 1 0
github.com/ebogdum/filemanager/internal/apps/kubernetes/plugin.go:534.2,534.15 1 0
github.com/ebogdum/filemanager/internal/apps/kubernetes/plugin.go:537.84,541.2 2 0
github.com/ebogdum/filemanager/internal/apps/kubernetes/plugin.go:543.81,547.42 2 0
github.com/ebogdum/filemanager/internal/apps/kubernetes/plugin.go:547.42,560.32 4 0
github.com/ebogdum/filemanager/internal/apps/kubernetes/plugin.go:560.32,561.20 1 0
github.com/ebogdum/filemanager/internal/apps/kubernetes/plugin.go:561.20,563.10 2 0
github.com/ebogdum/filemanager/internal/apps/kubernetes/plugin.go:566.3,566.48 1 0
github.com/ebogdum/filemanager/internal/apps/kubernetes/plugin.go:566.48,571.4 1 0
github.com/ebogdum/filemanager/internal/apps/kubernetes/plugin.go:574.2,574.15 1 0
github.com/ebogdum/filemanager/internal/apps/kubernetes/plugin.go:577.82,579.9 2 0
github.com/ebogdum/filemanager/internal/apps/kubernetes/plugin.go:579.9,581.3 1 0
github.com/ebogdum/filemanager/internal/apps/kubernetes/plugin.go:583.2,584.9 2 0
github.com/ebogdum/filemanager/internal/apps/kubernetes/plugin.go:584.9,586.3 1 0
github.com/ebogdum/filemanager/internal/apps/kubernetes/plugin.go:588.2,589.29 2 0
github.com/ebogdum/filemanager/internal/apps/kubernetes/plugin.go:589.29,591.3 1 0
github.com/ebogdum/filemanager/internal/apps/kubernetes/plugin.go:592.2,592.15 1 0
github.com/ebogdum/filemanager/internal/apps/kubernetes/plugin.go:596.81,598.9 2 0
github.com/ebogdum/filemanager/internal/apps/kubernetes/plugin.go:598.9,600.3 1 0
github.com/ebogdum/filemanager/internal/apps/kubernetes/plugin.go:602.2,603.51 2 0
github.com/ebogdum/filemanager/internal/apps/kubernetes/plugin.go:603.51,605.3 1 0
github.com/ebogdum/filemanager/internal/apps/kubernetes/plugin.go:607.2,607.50 1 0
github.com/ebogdum/filemanager/internal/apps/kubernetes/plugin.go:610.96,612.9 2 0
github.com/ebogdum/filemanager/internal/apps/kubernetes/plugin.go:612.9,614.3 1 0
github.com/ebogdum/filemanager/internal/apps/kubernetes/plugin.go:616.2,617.9 2 0
github.com/ebogdum/filemanager/internal/apps/kubernetes/plugin.go:617.9,619.3 1 0
github.com/ebogdum/filemanager/internal/apps/kubernetes/plugin.go:621.2,622.9 2 0
github.com/ebogdum/filemanager/internal/apps/kubernetes/plugin.go:622.9,624.3 1 0
github.com/ebogdum/filemanager/internal/apps/kubernetes/plugin.go:626.2,627.38 2 0
github.com/ebogdum/filemanager/internal/apps/kubernetes/plugin.go:627.38,629.77 2 0
github.com/ebogdum/filemanager/internal/apps/kubernetes/plugin.go:629.77,630.12 1 0
github.com/ebogdum/filemanager/internal/apps/kubernetes/plugin.go:633.3,636.5 1 0
github.com/ebogdum/filemanager/internal/apps/kubernetes/plugin.go:638.2,638.15 1 0
github.com/ebogdum/filemanager/internal/apps/kubernetes/plugin.go:641.95,643.9 2 0
github.com/ebogdum/filemanager/internal/apps/kubernetes/plugin.go:643.9,645.3 1 0
github.com/ebogdum/filemanager/internal/apps/kubernetes/plugin.go:647.2,648.9 2 0
github.com/ebogdum/filemanager/internal/apps/kubernetes/plugin.go:648.9,653.3 1 0
github.com/ebogdum/filemanager/internal/apps/kubernetes/plugin.go:655.2,656.26 2 0
github.com/ebogdum/filemanager/internal/apps/kubernetes/plugin.go:656.26,661.3 1 0
github.com/ebogdum/filemanager/internal/apps/kubernetes/plugin.go:663.2,663.39 1 0
github.com/ebogdum/filemanager/internal/apps/kubernetes/plugin.go:663.39,666.3 2 0
github.com/ebogdum/filemanager/internal/apps/kubernetes/plugin.go:667.2,667.15 1 0
github.com/ebogdum/filemanager/internal/apps/kubernetes/plugin.go:670.77,672.13 2 0
github.com/ebogdum/filemanager/internal/apps/kubernetes/plugin.go:672.13,674.3 1 0
github.com/ebogdum/filemanager/internal/apps/kubernetes/plugin.go:676.2,677.23 2 0
github.com/ebogdum/filemanager/internal/apps/kubernetes/plugin.go:677.23,679.3 1 0
github.com/ebogdum/filemanager/internal/apps/kubernetes/plugin.go:681.2,684.4 1 0
github.com/ebogdum/filemanager/internal/apps/kubernetes/plugin.go:687.76,689.9 2 0
github.com/ebogdum/filemanager/internal/apps/kubernetes/plugin.go:689.9,691.3 1 0
github.com/ebogdum/filemanager/internal/apps/kubernetes/plugin.go:693.2,694.9 2 0
github.com/ebogdum/filemanager/internal/apps/kubernetes/plugin.go:694.9,696.3 1 0
github.com/ebogdum/filemanager/internal/apps/kubernetes/plugin.go:698.2,699.9 2 0
github.com/ebogdum/filemanager/internal/apps/kubernetes/plugin.go:699.9,701.3 1 0
github.com/ebogdum/filemanager/internal/apps/kubernetes/plugin.go:703.2,704.41 2 0
github.com/ebogdum/filemanager/internal/apps/kubernetes/plugin.go:704.41,706.3 1 0
github.com/ebogdum/filemanager/internal/apps/kubernetes/plugin.go:707.2,707.15 1 0
github.com/ebogdum/filemanager/internal/apps/kubernetes/plugin.go:710.95,712.9 2 0
github.com/ebogdum/filemanager/internal/apps/kubernetes/plugin.go:712.9,714.3 1 0
github.com/ebogdum/filemanager/internal/apps/kubernetes/plugin.go:716.2,717.13 2 0
github.com/ebogdum/filemanager/internal/apps/kubernetes/plugin.go:717.13,719.3 1 0
github.com/ebogdum/filemanager/internal/apps/kubernetes/plugin.go:721.2,723.45 3 0
github.com/ebogdum/filemanager/internal/apps/kubernetes/plugin.go:723.45,725.3 1 0
github.com/ebogdum/filemanager/internal/apps/kubernetes/plugin.go:727.2,730.4 1 0
github.com/ebogdum/filemanager/internal/apps/kubernetes/plugin.go:733.83,735.9 2 0
github.com/ebogdum/filemanager/internal/apps/kubernetes/plugin.go:735.9,737.3 1 0
github.com/ebogdum/filemanager/internal/apps/kubernetes/plugin.go:739.2,740.9 2 0
github.com/ebogdum/filemanager/internal/apps/kubernetes/plugin.go:740.9,742.3 1 0
github.com/ebogdum/filemanager/internal/apps/kubernetes/plugin.go:744.2,745.9 2 0
github.com/ebogdum/filemanager/internal/apps/kubernetes/plugin.go:745.9,747.3 1 0
github.com/ebogdum/filemanager/internal/apps/kubernetes/plugin.go:749.2,750.9 2 0
github.com/ebogdum/filemanager/internal/apps/kubernetes/plugin.go:750.9,752.3 1 0
github.com/ebogdum/filemanager/internal/apps/kubernetes/plugin.go:754.2,755.39 2 0
github.com/ebogdum/filemanager/internal/apps/kubernetes/plugin.go:755.39,757.10 2 0
github.com/ebogdum/filemanager/internal/apps/kubernetes/plugin.go:757.10,758.12 1 0
github.com/ebogdum/filemanager/internal/apps/kubernetes/plugin.go:761.3,762.10 2 0
github.com/ebogdum/filemanager/internal/apps/kubernetes/plugin.go:762.10,763.12 1 0
github.com/ebogdum/filemanager/internal/apps/kubernetes/plugin.go:766.3,766.75 1 0
github.com/ebogdum/filemanager/internal/apps/kubernetes/plugin.go:766.75,767.12 1 0
github.com/ebogdum/filemanager/internal/apps/kubernetes/plugin.go:770.3,773.5 1 0
github.com/ebogdum/filemanager/internal/apps/kubernetes/plugin.go:775.2,775.15 1 0
github.com/ebogdum/filemanager/internal/apps/kubernetes/plugin.go:778.61,779.31 1 0
github.com/ebogdum/filemanager/internal/apps/kubernetes/plugin.go:779.31,780.25 1 0
github.com/ebogdum/filemanager/internal/apps/kubernetes/plugin.go:780.25,782.4 1 0
github.com/ebogdum/filemanager/internal/apps/kubernetes/plugin.go:784.2,784.14 1 0
github.com/ebogdum/filemanager/internal/apps/kubernetes/plugin.go:787.39,788.23 1 0
github.com/ebogdum/filemanager/internal/apps/kubernetes/plugin.go:789.11,790.20 1 0
github.com/ebogdum/filemanager/internal/apps/kubernetes/plugin.go:791.13,792.20 1 0
github.com/ebogdum/filemanager/internal/apps/kubernetes/plugin.go:793.15,794.11 1 0
github.com/ebogdum/filemanager/internal/apps/kubernetes/plugin.go:795.10,796.11 1 0
github.com/ebogdum/filemanager/internal/apps/kubernetes/plugin.go:801.53,803.9 2 0
github.com/ebogdum/filemanager/internal/apps/kubernetes/plugin.go:803.9,805.3 1 0
github.com/ebogdum/filemanager/internal/apps/kubernetes/plugin.go:807.2,811.29 3 0
github.com/ebogdum/filemanager/internal/apps/kubernetes/plugin.go:811.29,812.32 1 0
github.com/ebogdum/filemanager/internal/apps/kubernetes/plugin.go:812.32,814.4 1 0
github.com/ebogdum/filemanager/internal/apps/kubernetes/plugin.go:818.2,818.30 1 0
github.com/ebogdum/filemanager/internal/apps/kubernetes/plugin.go:818.30,819.38 1 0
github.com/ebogdum/filemanager/internal/apps/kubernetes/plugin.go:819.38,821.4 1 0
github.com/ebogdum/filemanager/internal/apps/kubernetes/plugin.go:824.2,824.20 1 0
github.com/ebogdum/filemanager/internal/apps/kubernetes/plugin.go:828.55,830.2 1 0
github.com/ebogdum/filemanager/internal/apps/kubernetes/plugin.go:833.55,835.54 2 0
github.com/ebogdum/filemanager/internal/apps/kubernetes/plugin.go:835.54,837.3 1 0
github.com/ebogdum/filemanager/internal/apps/kubernetes/plugin.go:838.2,838.20 1 0
github.com/ebogdum/filemanager/internal/apps/kubernetes/plugin.go:842.56,846.27 3 0
github.com/ebogdum/filemanager/internal/apps/kubernetes/plugin.go:846.27,848.3 1 0
github.com/ebogdum/filemanager/internal/apps/kubernetes/plugin.go:850.2,853.28 2 0
github.com/ebogdum/filemanager/internal/apps/kubernetes/plugin.go:853.28,855.3 1 0
github.com/ebogdum/filemanager/internal/apps/kubernetes/plugin.go:858.2,858.31 1 0
github.com/ebogdum/filemanager/internal/apps/kubernetes/plugin.go:858.31,859.12 1 0
github.com/ebogdum/filemanager/internal/apps/kubernetes/plugin.go:860.19,862.37 1 0
github.com/ebogdum/filemanager/internal/apps/kubernetes/plugin.go:862.37,865.5 2 0
github.com/ebogdum/filemanager/internal/apps/kubernetes/plugin.go:865.10,867.5 1 0
github.com/ebogdum/filemanager/internal/apps/kubernetes/plugin.go:869.15,871.37 1 0
github.com/ebogdum/filemanager/internal/apps/kubernetes/plugin.go:871.37,874.5 2 0
github.com/ebogdum/filemanager/internal/apps/kubernetes/plugin.go:874.10,876.5 1 0
github.com/ebogdum/filemanager/internal/apps/kubernetes/plugin.go:878.11,879.27 1 0
github.com/ebogdum/filemanager/internal/apps/kubernetes/plugin.go:883.2,883.20 1 0
github.com/ebogdum/filemanager/internal/apps/kubernetes/plugin.go:887.62,889.2 1 0
github.com/ebogdum/filemanager/internal/apps/kubernetes/plugin.go:895.39,897.2 1 0
github.com/ebogdum/filemanager/internal/apps/kubernetes/plugin.go:901.36,902.18 1 0
github.com/ebogdum/filemanager/internal/apps/kubernetes/plugin.go:902.18,904.3 1 0
github.com/ebogdum/filemanager/internal/apps/kubernetes/plugin.go:905.2,905.36 1 0
github.com/ebogdum/filemanager/internal/apps/kubernetes/plugin.go:910.37,911.18 1 0
github.com/ebogdum/filemanager/internal/apps/kubernetes/plugin.go:911.18,913.3 1 0
github.com/ebogdum/filemanager/internal/apps/kubernetes/plugin.go:914.2,914.37 1 0
github.com/ebogdum/filemanager/internal/apps/kubernetes/plugin.go:919.39,920.17 1 0
github.com/ebogdum/filemanager/internal/apps/kubernetes/plugin.go:920.17,922.3 1 0
github.com/ebogdum/filemanager/internal/apps/kubernetes/plugin.go:923.2,923.39 1 0
github.com/ebogdum/filemanager/internal/apps/kubernetes/plugin.go:926.46,941.40 3 0
github.com/ebogdum/filemanager/internal/apps/kubernetes/plugin.go:941.40,942.35 1 0
github.com/ebogdum/filemanager/internal/apps/kubernetes/plugin.go:942.35,945.18 3 0
github.com/ebogdum/filemanager/internal/apps/kubernetes/plugin.go:945.18,947.5 1 0
github.com/ebogdum/filemanager/internal/apps/kubernetes/plugin.go:948.4,948.21 1 0
github.com/ebogdum/filemanager/internal/apps/kubernetes/plugin.go:952.2,953.16 2 0
github.com/ebogdum/filemanager/internal/apps/kubernetes/plugin.go:953.16,955.3 1 0
github.com/ebogdum/filemanager/internal/apps/kubernetes/plugin.go:956.2,956.12 1 0
github.com/ebogdum/filemanager/internal/apps/kubernetes/plugin.go:959.26,960.14 1 0
github.com/ebogdum/filemanager/internal/apps/kubernetes/plugin.go:960.14,962.3 1 0
github.com/ebogdum/filemanager/internal/apps/kubernetes/plugin.go:963.2,963.25 1 0
github.com/ebogdum/filemanager/internal/apps/kubernetes/plugin.go:964.22,966.25 2 0
github.com/ebogdum/filemanager/internal/apps/kubernetes/plugin.go:966.25,968.4 1 0
github.com/ebogdum/filemanager/internal/apps/kubernetes/plugin.go:969.3,969.16 1 0
github.com/ebogdum/filemanager/internal/apps/kubernetes/plugin.go:970.13,972.25 2 0
github.com/ebogdum/filemanager/internal/apps/kubernetes/plugin.go:972.25,974.4 1 0
github.com/ebogdum/filemanager/internal/apps/kubernetes/plugin.go:975.3,975.16 1 0
github.com/ebogdum/filemanager/internal/apps/kubernetes/plugin.go:976.10,977.11 1 0
github.com/ebogdum/filemanager/internal/apps/kubernetes/plugin.go:981.48,985.27 3 0
github.com/ebogdum/filemanager/internal/apps/kubernetes/plugin.go:985.27,987.3 1 0
github.com/ebogdum/filemanager/internal/apps/kubernetes/plugin.go:989.2,990.28 2 0
github.com/ebogdum/filemanager/internal/apps/kubernetes/plugin.go:990.28,992.3 1 0
github.com/ebogdum/filemanager/internal/apps/kubernetes/plugin.go:993.2,993.31 1 0
github.com/ebogdum/filemanager/internal/apps/kubernetes/plugin.go:993.31,994.36 1 0
github.com/ebogdum/filemanager/internal/apps/kubernetes/plugin.go:994.36,995.52 1 0
github.com/ebogdum/filemanager/internal/apps/kubernetes/plugin.go:995.52,996.48 1 0
github.com/ebogdum/filemanager/internal/apps/kubernetes/plugin.go:996.48,999.14 3 0
github.com/ebogdum/filemanager/internal/apps/kubernetes/plugin.go:1003.3,1003.16 1 0
github.com/ebogdum/filemanager/internal/apps/kubernetes/plugin.go:1005.2,1005.20 1 0
github.com/ebogdum/filemanager/internal/apps/kubernetes/plugin.go:1008.67,1014.22 4 0
github.com/ebogdum/filemanager/internal/apps/kubernetes/plugin.go:1014.22,1015.17 1 0
github.com/ebogdum/filemanager/internal/apps/kubernetes/plugin.go:1015.17,1022.4 1 0
github.com/ebogdum/filemanager/internal/apps/kubernetes/plugin.go:1023.3,1023.22 1 0
github.com/ebogdum/filemanager/internal/apps/kubernetes/plugin.go:1026.2,1026.22 1 0
github.com/ebogdum/filemanager/internal/apps/kubernetes/plugin.go:1026.22,1034.3 2 0
github.com/ebogdum/filemanager/internal/apps/kubernetes/plugin.go:1037.2,1038.24 2 0
github.com/ebogdum/filemanager/internal/apps/kubernetes/plugin.go:1038.24,1040.3 1 0
github.com/ebogdum/filemanager/internal/apps/kubernetes/plugin.go:1041.2,1041.24 1 0
github.com/ebogdum/filemanager/internal/apps/kubernetes/plugin.go:1041.24,1043.3 1 0
github.com/ebogdum/filemanager/internal/apps/kubernetes/plugin.go:1045.2,1046.25 2 0
github.com/ebogdum/filemanager/internal/apps/kubernetes/plugin.go:1046.25,1048.3 1 0
github.com/ebogdum/filemanager/internal/apps/kubernetes/plugin.go:1049.2,1051.25 2 0
github.com/ebogdum/filemanager/internal/apps/kubernetes/plugin.go:1051.25,1053.17 2 0
github.com/ebogdum/filemanager/internal/apps/kubernetes/plugin.go:1053.17,1055.4 1 0
github.com/ebogdum/filemanager/internal/apps/kubernetes/plugin.go:1057.3,1060.14 3 0
github.com/ebogdum/filemanager/internal/apps/kubernetes/plugin.go:1060.14,1066.4 1 0
github.com/ebogdum/filemanager/internal/apps/kubernetes/plugin.go:1066.9,1066.21 1 0
github.com/ebogdum/filemanager/internal/apps/kubernetes/plugin.go:1066.21,1072.4 1 0
github.com/ebogdum/filemanager/internal/apps/kubernetes/plugin.go:1072.9,1075.4 2 0
github.com/ebogdum/filemanager/internal/apps/kubernetes/plugin.go:1078.2,1078.21 1 0
github.com/ebogdum/filemanager/internal/apps/httpd/plugin.go:24.20,26.2 1 0
github.com/ebogdum/filemanager/internal/apps/httpd/plugin.go:29.32,31.2 1 0
github.com/ebogdum/filemanager/internal/apps/httpd/plugin.go:34.35,36.2 1 0
github.com/ebogdum/filemanager/internal/apps/httpd/plugin.go:39.39,41.2 1 0
github.com/ebogdum/filemanager/internal/apps/httpd/plugin.go:44.40,46.2 1 0
github.com/ebogdum/filemanager/internal/apps/httpd/plugin.go:49.44,217.2 1 0
github.com/ebogdum/filemanager/internal/apps/httpd/plugin.go:220.38,246.2 1 0
github.com/ebogdum/filemanager/internal/apps/httpd/plugin.go:249.73,251.9 2 0
github.com/ebogdum/filemanager/internal/apps/httpd/plugin.go:251.9,253.3 1 0
github.com/ebogdum/filemanager/internal/apps/httpd/plugin.go:255.2,265.20 11 0
github.com/ebogdum/filemanager/internal/apps/httpd/plugin.go:268.77,270.13 2 0
github.com/ebogdum/filemanager/internal/apps/httpd/plugin.go:270.13,272.3 1 0
github.com/ebogdum/filemanager/internal/apps/httpd/plugin.go:274.2,276.36 3 0
github.com/ebogdum/filemanager/internal/apps/httpd/plugin.go:276.36,277.57 1 0
github.com/ebogdum/filemanager/internal/apps/httpd/plugin.go:277.57,283.4 1 0
github.com/ebogdum/filemanager/internal/apps/httpd/plugin.go:285.2,285.15 1 0
github.com/ebogdum/filemanager/internal/apps/httpd/plugin.go:288.79,290.9 2 0
github.com/ebogdum/filemanager/internal/apps/httpd/plugin.go:290.9,292.3 1 0
github.com/ebogdum/filemanager/internal/apps/httpd/plugin.go:294.2,299.28 3 0
github.com/ebogdum/filemanager/internal/apps/httpd/plugin.go:299.28,301.3 1 0
github.com/ebogdum/filemanager/internal/apps/httpd/plugin.go:302.2,302.53 1 0
github.com/ebogdum/filemanager/internal/apps/httpd/plugin.go:302.53,304.3 1 0
github.com/ebogdum/filemanager/internal/apps/httpd/plugin.go:306.2,310.4 1 0
github.com/ebogdum/filemanager/internal/apps/httpd/plugin.go:313.83,315.9 2 0
github.com/ebogdum/filemanager/internal/apps/httpd/plugin.go:315.9,317.3 1 0
github.com/ebogdum/filemanager/internal/apps/httpd/plugin.go:319.2,320.44 2 0
github.com/ebogdum/filemanager/internal/apps/httpd/plugin.go:320.44,322.3 1 0
github.com/ebogdum/filemanager/internal/apps/httpd/plugin.go:324.2,328.4 1 0
github.com/ebogdum/filemanager/internal/apps/httpd/plugin.go:331.78,333.28 2 0
github.com/ebogdum/filemanager/internal/apps/httpd/plugin.go:333.28,335.3 1 0
github.com/ebogdum/filemanager/internal/apps/httpd/plugin.go:337.2,341.4 1 0
github.com/ebogdum/filemanager/internal/apps/httpd/plugin.go:344.80,346.9 2 0
github.com/ebogdum/filemanager/internal/apps/httpd/plugin.go:346.9,348.3 1 0
github.com/ebogdum/filemanager/internal/apps/httpd/plugin.go:350.2,351.48 2 0
github.com/ebogdum/filemanager/internal/apps/httpd/plugin.go:351.48,353.3 1 0
github.com/ebogdum/filemanager/internal/apps/httpd/plugin.go:355.2,359.4 1 0
github.com/ebogdum/filemanager/internal/apps/httpd/plugin.go:362.91,364.27 2 0
github.com/ebogdum/filemanager/internal/apps/httpd/plugin.go:364.27,366.3 1 0
github.com/ebogdum/filemanager/internal/apps/httpd/plugin.go:368.2,372.4 1 0
github.com/ebogdum/filemanager/internal/apps/httpd/plugin.go:375.88,377.28 2 0
github.com/ebogdum/filemanager/internal/apps/httpd/plugin.go:377.28,379.3 1 0
github.com/ebogdum/filemanager/internal/apps/httpd/plugin.go:381.2,385.4 1 0
github.com/ebogdum/filemanager/internal/apps/httpd/plugin.go:388.83,390.9 2 0
github.com/ebogdum/filemanager/internal/apps/httpd/plugin.go:390.9,392.3 1 0
github.com/ebogdum/filemanager/internal/apps/httpd/plugin.go:394.2,395.31 2 0
github.com/ebogdum/filemanager/internal/apps/httpd/plugin.go:395.31,397.10 2 0
github.com/ebogdum/filemanager/internal/apps/httpd/plugin.go:397.10,398.12 1 0
github.com/ebogdum/filemanager/internal/apps/httpd/plugin.go:400.3,401.71 2 0
github.com/ebogdum/filemanager/internal/apps/httpd/plugin.go:403.2,403.15 1 0
github.com/ebogdum/filemanager/internal/apps/httpd/plugin.go:406.99,408.9 2 0
github.com/ebogdum/filemanager/internal/apps/httpd/plugin.go:408.9,410.3 1 0
github.com/ebogdum/filemanager/internal/apps/httpd/plugin.go:412.2,412.54 1 0
github.com/ebogdum/filemanager/internal/apps/httpd/plugin.go:412.54,418.3 1 0
github.com/ebogdum/filemanager/internal/apps/httpd/plugin.go:419.2,419.12 1 0
github.com/ebogdum/filemanager/internal/apps/httpd/plugin.go:422.95,424.48 2 0
github.com/ebogdum/filemanager/internal/apps/httpd/plugin.go:424.48,426.3 1 0
github.com/ebogdum/filemanager/internal/apps/httpd/plugin.go:428.2,429.60 2 0
github.com/ebogdum/filemanager/internal/apps/httpd/plugin.go:429.60,434.3 1 0
github.com/ebogdum/filemanager/internal/apps/httpd/plugin.go:435.2,435.61 1 0
github.com/ebogdum/filemanager/internal/apps/httpd/plugin.go:435.61,440.3 1 0
github.com/ebogdum/filemanager/internal/apps/httpd/plugin.go:441.2,441.15 1 0
github.com/ebogdum/filemanager/internal/apps/httpd/plugin.go:444.86,446.9 2 0
github.com/ebogdum/filemanager/internal/apps/httpd/plugin.go:446.9,448.3 1 0
github.com/ebogdum/filemanager/internal/apps/httpd/plugin.go:450.2,451.27 2 0
github.com/ebogdum/filemanager/internal/apps/httpd/plugin.go:451.27,453.10 2 0
github.com/ebogdum/filemanager/internal/apps/httpd/plugin.go:453.10,454.12 1 0
github.com/ebogdum/filemanager/internal/apps/httpd/plugin.go:456.3,456.44 1 0
github.com/ebogdum/filemanager/internal/apps/httpd/plugin.go:456.44,457.12 1 0
github.com/ebogdum/filemanager/internal/apps/httpd/plugin.go:459.3,462.5 1 0
github.com/ebogdum/filemanager/internal/apps/httpd/plugin.go:464.2,464.15 1 0
github.com/ebogdum/filemanager/internal/apps/httpd/plugin.go:467.38,468.28 1 0
github.com/ebogdum/filemanager/internal/apps/httpd/plugin.go:469.13,471.32 2 0
github.com/ebogdum/filemanager/internal/apps/httpd/plugin.go:471.32,472.35 1 0
github.com/ebogdum/filemanager/internal/apps/httpd/plugin.go:472.35,474.5 1 0
github.com/ebogdum/filemanager/internal/apps/httpd/plugin.go:476.3,476.16 1 0
github.com/ebogdum/filemanager/internal/apps/httpd/plugin.go:477.16,478.16 1 0
github.com/ebogdum/filemanager/internal/apps/httpd/plugin.go:479.14,480.26 1 0
github.com/ebogdum/filemanager/internal/apps/httpd/plugin.go:481.10,482.13 1 0
github.com/ebogdum/filemanager/internal/apps/httpd/plugin.go:486.39,487.23 1 0
github.com/ebogdum/filemanager/internal/apps/httpd/plugin.go:488.11,489.17 1 0
github.com/ebogdum/filemanager/internal/apps/httpd/plugin.go:490.13,491.22 1 0
github.com/ebogdum/filemanager/internal/apps/httpd/plugin.go:492.15,493.22 1 0
github.com/ebogdum/filemanager/internal/apps/httpd/plugin.go:494.10,495.18 1 0
github.com/ebogdum/filemanager/internal/apps/httpd/plugin.go:499.61,500.31 1 0
github.com/ebogdum/filemanager/internal/apps/httpd/plugin.go:500.31,501.39 1 0
github.com/ebogdum/filemanager/internal/apps/httpd/plugin.go:501.39,503.4 1 0
github.com/ebogdum/filemanager/internal/apps/httpd/plugin.go:505.2,505.14 1 0
github.com/ebogdum/filemanager/internal/apps/httpd/plugin.go:509.51,522.36 3 0
github.com/ebogdum/filemanager/internal/apps/httpd/plugin.go:522.36,525.25 2 0
github.com/ebogdum/filemanager/internal/apps/httpd/plugin.go:525.25,527.4 1 0
github.com/ebogdum/filemanager/internal/apps/httpd/plugin.go:528.3,528.68 1 0
github.com/ebogdum/filemanager/internal/apps/httpd/plugin.go:528.68,530.4 1 0
github.com/ebogdum/filemanager/internal/apps/httpd/plugin.go:530.9,532.4 1 0
github.com/ebogdum/filemanager/internal/apps/httpd/plugin.go:533.8,533.42 1 0
github.com/ebogdum/filemanager/internal/apps/httpd/plugin.go:533.42,537.3 2 0
github.com/ebogdum/filemanager/internal/apps/httpd/plugin.go:537.8,540.3 1 0
github.com/ebogdum/filemanager/internal/apps/httpd/plugin.go:543.2,544.16 2 0
github.com/ebogdum/filemanager/internal/apps/httpd/plugin.go:544.16,546.3 1 0
github.com/ebogdum/filemanager/internal/apps/httpd/plugin.go:547.2,547.30 1 0
github.com/ebogdum/filemanager/internal/apps/httpd/plugin.go:547.30,549.3 1 0
github.com/ebogdum/filemanager/internal/apps/httpd/plugin.go:551.2,551.12 1 0
github.com/ebogdum/filemanager/internal/apps/httpd/plugin.go:555.81,557.9 2 0
github.com/ebogdum/filemanager/internal/apps/httpd/plugin.go:557.9,559.3 1 0
github.com/ebogdum/filemanager/internal/apps/httpd/plugin.go:561.2,568.20 8 0
github.com/ebogdum/filemanager/internal/apps/httpd/plugin.go:571.114,573.23 2 0
github.com/ebogdum/filemanager/internal/apps/httpd/plugin.go:573.23,575.3 1 0
github.com/ebogdum/filemanager/internal/apps/httpd/plugin.go:577.2,577.50 1 0
github.com/ebogdum/filemanager/internal/apps/httpd/plugin.go:577.50,579.3 1 0
github.com/ebogdum/filemanager/internal/apps/httpd/plugin.go:581.2,585.4 1 0
github.com/ebogdum/filemanager/internal/apps/httpd/plugin.go:588.82,590.26 2 0
github.com/ebogdum/filemanager/internal/apps/httpd/plugin.go:590.26,592.3 1 0
github.com/ebogdum/filemanager/internal/apps/httpd/plugin.go:594.2,596.36 3 0
github.com/ebogdum/filemanager/internal/apps/httpd/plugin.go:596.36,598.10 2 0
github.com/ebogdum/filemanager/internal/apps/httpd/plugin.go:598.10,599.12 1 0
github.com/ebogdum/filemanager/internal/apps/httpd/plugin.go:602.3,602.57 1 0
github.com/ebogdum/filemanager/internal/apps/httpd/plugin.go:602.57,603.12 1 0
github.com/ebogdum/filemanager/internal/apps/httpd/plugin.go:606.3,610.5 1 0
github.com/ebogdum/filemanager/internal/apps/httpd/plugin.go:612.2,612.15 1 0
github.com/ebogdum/filemanager/internal/apps/httpd/plugin.go:615.94,617.9 2 0
github.com/ebogdum/filemanager/internal/apps/httpd/plugin.go:617.9,619.3 1 0
github.com/ebogdum/filemanager/internal/apps/httpd/plugin.go:621.2,622.31 2 0
github.com/ebogdum/filemanager/internal/apps/httpd/plugin.go:622.31,624.10 2 0
github.com/ebogdum/filemanager/internal/apps/httpd/plugin.go:624.10,625.12 1 0
github.com/ebogdum/filemanager/internal/apps/httpd/plugin.go:627.3,627.77 1 0
github.com/ebogdum/filemanager/internal/apps/httpd/plugin.go:629.2,629.15 1 0
github.com/ebogdum/filemanager/internal/apps/httpd/plugin.go:632.101,634.48 2 0
github.com/ebogdum/filemanager/internal/apps/httpd/plugin.go:634.48,636.3 1 0
github.com/ebogdum/filemanager/internal/apps/httpd/plugin.go:638.2,642.15 5 0
github.com/ebogdum/filemanager/internal/apps/httpd/plugin.go:645.83,647.27 2 0
github.com/ebogdum/filemanager/internal/apps/httpd/plugin.go:647.27,649.3 1 0
github.com/ebogdum/filemanager/internal/apps/httpd/plugin.go:651.2,653.38 3 0
github.com/ebogdum/filemanager/internal/apps/httpd/plugin.go:653.38,655.43 2 0
github.com/ebogdum/filemanager/internal/apps/httpd/plugin.go:655.43,657.4 1 0
github.com/ebogdum/filemanager/internal/apps/httpd/plugin.go:658.3,658.46 1 0
github.com/ebogdum/filemanager/internal/apps/httpd/plugin.go:658.46,659.12 1 0
github.com/ebogdum/filemanager/internal/apps/httpd/plugin.go:661.3,661.58 1 0
github.com/ebogdum/filemanager/internal/apps/httpd/plugin.go:661.58,662.12 1 0
github.com/ebogdum/filemanager/internal/apps/httpd/plugin.go:664.3,668.5 1 0
github.com/ebogdum/filemanager/internal/apps/httpd/plugin.go:670.2,670.15 1 0
github.com/ebogdum/filemanager/internal/apps/httpd/plugin.go:673.87,679.2 5 0
github.com/ebogdum/filemanager/internal/apps/httpd/plugin.go:681.90,683.9 2 0
github.com/ebogdum/filemanager/internal/apps/httpd/plugin.go:683.9,685.3 1 0
github.com/ebogdum/filemanager/internal/apps/httpd/plugin.go:686.2,686.76 1 0
github.com/ebogdum/filemanager/internal/apps/httpd/plugin.go:686.76,688.3 1 0
github.com/ebogdum/filemanager/internal/apps/httpd/plugin.go:690.2,694.4 1 0
github.com/ebogdum/filemanager/internal/apps/httpd/plugin.go:697.93,699.9 2 0
github.com/ebogdum/filemanager/internal/apps/httpd/plugin.go:699.9,701.3 1 0
github.com/ebogdum/filemanager/internal/apps/httpd/plugin.go:702.2,702.83 1 0
github.com/ebogdum/filemanager/internal/apps/httpd/plugin.go:702.83,704.3 1 0
github.com/ebogdum/filemanager/internal/apps/httpd/plugin.go:706.2,710.4 1 0
github.com/ebogdum/filemanager/internal/apps/httpd/plugin.go:713.89,715.9 2 0
github.com/ebogdum/filemanager/internal/apps/httpd/plugin.go:715.9,717.3 1 0
github.com/ebogdum/filemanager/internal/apps/httpd/plugin.go:718.2,718.78 1 0
github.com/ebogdum/filemanager/internal/apps/httpd/plugin.go:718.78,720.3 1 0
github.com/ebogdum/filemanager/internal/apps/httpd/plugin.go:722.2,726.4 1 0
github.com/ebogdum/filemanager/internal/apps/httpd/plugin.go:729.55,731.28 2 0
github.com/ebogdum/filemanager/internal/apps/httpd/plugin.go:731.28,733.3 1 0
github.com/ebogdum/filemanager/internal/apps/httpd/plugin.go:734.2,734.21 1 0
github.com/ebogdum/filemanager/internal/apps/httpd/plugin.go:737.77,739.20 2 0
github.com/ebogdum/filemanager/internal/apps/httpd/plugin.go:739.20,741.3 1 0
github.com/ebogdum/filemanager/internal/apps/httpd/plugin.go:743.2,744.40 2 0
github.com/ebogdum/filemanager/internal/apps/httpd/plugin.go:744.40,746.3 1 0
github.com/ebogdum/filemanager/internal/apps/httpd/plugin.go:748.2,748.44 1 0
github.com/ebogdum/filemanager/internal/apps/httpd/plugin.go:751.110,753.27 2 0
github.com/ebogdum/filemanager/internal/apps/httpd/plugin.go:753.27,755.3 1 0
github.com/ebogdum/filemanager/internal/apps/httpd/plugin.go:757.2,757.54 1 0
github.com/ebogdum/filemanager/internal/apps/httpd/plugin.go:757.54,759.3 1 0
github.com/ebogdum/filemanager/internal/apps/httpd/plugin.go:761.2,765.4 1 0
github.com/ebogdum/filemanager/internal/apps/httpd/plugin.go:769.53,771.9 2 0
github.com/ebogdum/filemanager/internal/apps/httpd/plugin.go:771.9,773.3 1 0
github.com/ebogdum/filemanager/internal/apps/httpd/plugin.go:776.2,776.52 1 0
github.com/ebogdum/filemanager/internal/apps/httpd/plugin.go:776.52,778.3 1 0
github.com/ebogdum/filemanager/internal/apps/httpd/plugin.go:781.2,781.56 1 0
github.com/ebogdum/filemanager/internal/apps/httpd/plugin.go:781.56,783.3 1 0
github.com/ebogdum/filemanager/internal/apps/httpd/plugin.go:786.2,786.62 1 0
github.com/ebogdum/filemanager/internal/apps/httpd/plugin.go:786.62,788.3 1 0
github.com/ebogdum/filemanager/internal/apps/httpd/plugin.go:791.2,791.54 1 0
github.com/ebogdum/filemanager/internal/apps/httpd/plugin.go:791.54,793.3 1 0
github.com/ebogdum/filemanager/internal/apps/httpd/plugin.go:796.2,796.62 1 0
github.com/ebogdum/filemanager/internal/apps/httpd/plugin.go:796.62,798.3 1 0
github.com/ebogdum/filemanager/internal/apps/httpd/plugin.go:801.2,802.43 2 0
github.com/ebogdum/filemanager/internal/apps/httpd/plugin.go:802.43,803.51 1 0
github.com/ebogdum/filemanager/internal/apps/httpd/plugin.go:803.51,805.21 2 0
github.com/ebogdum/filemanager/internal/apps/httpd/plugin.go:805.21,807.5 1 0
github.com/ebogdum/filemanager/internal/apps/httpd/plugin.go:807.10,807.29 1 0
github.com/ebogdum/filemanager/internal/apps/httpd/plugin.go:807.29,809.5 1 0
github.com/ebogdum/filemanager/internal/apps/httpd/plugin.go:813.2,813.23 1 0
github.com/ebogdum/filemanager/internal/apps/httpd/plugin.go:817.55,819.9 2 0
github.com/ebogdum/filemanager/internal/apps/httpd/plugin.go:819.9,821.3 1 0
github.com/ebogdum/filemanager/internal/apps/httpd/plugin.go:823.2,825.83 3 0
github.com/ebogdum/filemanager/internal/apps/httpd/plugin.go:825.83,827.3 1 0
github.com/ebogdum/filemanager/internal/apps/httpd/plugin.go:828.2,828.85 1 0
github.com/ebogdum/filemanager/internal/apps/httpd/plugin.go:828.85,830.3 1 0
github.com/ebogdum/filemanager/internal/apps/httpd/plugin.go:831.2,831.68 1 0
github.com/ebogdum/filemanager/internal/apps/httpd/plugin.go:831.68,833.3 1 0
github.com/ebogdum/filemanager/internal/apps/httpd/plugin.go:834.2,834.70 1 0
github.com/ebogdum/filemanager/internal/apps/httpd/plugin.go:834.70,836.3 1 0
github.com/ebogdum/filemanager/internal/apps/httpd/plugin.go:837.2,837.25 1 0
github.com/ebogdum/filemanager/internal/apps/httpd/plugin.go:840.115,856.37 2 0
github.com/ebogdum/filemanager/internal/apps/httpd/plugin.go:856.37,858.14 2 0
github.com/ebogdum/filemanager/internal/apps/httpd/plugin.go:858.14,859.12 1 0
github.com/ebogdum/filemanager/internal/apps/httpd/plugin.go:861.3,861.63 1 0
github.com/ebogdum/filemanager/internal/apps/httpd/plugin.go:861.63,863.4 1 0
github.com/ebogdum/filemanager/internal/apps/httpd/plugin.go:864.3,864.26 1 0
github.com/ebogdum/filemanager/internal/apps/httpd/plugin.go:866.2,866.12 1 0
github.com/ebogdum/filemanager/internal/apps/httpd/plugin.go:869.117,871.29 2 0
github.com/ebogdum/filemanager/internal/apps/httpd/plugin.go:871.29,872.69 1 0
github.com/ebogdum/filemanager/internal/apps/httpd/plugin.go:872.69,873.12 1 0
github.com/ebogdum/filemanager/internal/apps/httpd/plugin.go:875.3,875.27 1 0
github.com/ebogdum/filemanager/internal/apps/httpd/plugin.go:877.2,879.27 2 0
github.com/ebogdum/filemanager/internal/apps/httpd/plugin.go:879.27,880.72 1 0
github.com/ebogdum/filemanager/internal/apps/httpd/plugin.go:880.72,882.4 1 0
github.com/ebogdum/filemanager/internal/apps/httpd/plugin.go:884.2,884.12 1 0
github.com/ebogdum/filemanager/internal/apps/httpd/plugin.go:887.84,889.9 2 0
github.com/ebogdum/filemanager/internal/apps/httpd/plugin.go:889.9,891.3 1 0
github.com/ebogdum/filemanager/internal/apps/httpd/plugin.go:893.2,893.27 1 0
github.com/ebogdum/filemanager/internal/apps/httpd/plugin.go:893.27,895.10 2 0
github.com/ebogdum/filemanager/internal/apps/httpd/plugin.go:895.10,896.12 1 0
github.com/ebogdum/filemanager/internal/apps/httpd/plugin.go:898.3,898.58 1 0
github.com/ebogdum/filemanager/internal/apps/httpd/plugin.go:898.58,900.4 1 0
github.com/ebogdum/filemanager/internal/apps/httpd/plugin.go:902.2,902.12 1 0
github.com/ebogdum/filemanager/internal/apps/httpd/plugin.go:905.86,907.9 2 0
github.com/ebogdum/filemanager/internal/apps/httpd/plugin.go:907.9,909.3 1 0
github.com/ebogdum/filemanager/internal/apps/httpd/plugin.go:911.2,911.31 1 0
github.com/ebogdum/filemanager/internal/apps/httpd/plugin.go:911.31,913.10 2 0
github.com/ebogdum/filemanager/internal/apps/httpd/plugin.go:913.10,914.12 1 0
github.com/ebogdum/filemanager/internal/apps/httpd/plugin.go:916.3,916.62 1 0
github.com/ebogdum/filemanager/internal/apps/httpd/plugin.go:916.62,918.4 1 0
github.com/ebogdum/filemanager/internal/apps/httpd/plugin.go:920.2,920.12 1 0
github.com/ebogdum/filemanager/internal/apps/httpd/plugin.go:924.75,925.27 1 0
github.com/ebogdum/filemanager/internal/apps/httpd/plugin.go:926.11,927.13 1 0
github.com/ebogdum/filemanager/internal/apps/httpd/plugin.go:928.12,929.8 1 0
github.com/ebogdum/filemanager/internal/apps/httpd/plugin.go:929.8,931.4 1 0
github.com/ebogdum/filemanager/internal/apps/httpd/plugin.go:931.9,933.4 1 0
github.com/ebogdum/filemanager/internal/apps/httpd/plugin.go:934.27,935.38 1 0
github.com/ebogdum/filemanager/internal/apps/httpd/plugin.go:936.14,937.14 1 0
github.com/ebogdum/filemanager/internal/apps/httpd/plugin.go:937.14,939.68 1 0
github.com/ebogdum/filemanager/internal/apps/httpd/plugin.go:939.68,941.5 1 0
github.com/ebogdum/filemanager/internal/apps/httpd/plugin.go:941.10,943.5 1 0
github.com/ebogdum/filemanager/internal/apps/httpd/plugin.go:945.13,946.26 1 0
github.com/ebogdum/filemanager/internal/apps/httpd/plugin.go:946.26,947.63 1 0
github.com/ebogdum/filemanager/internal/apps/httpd/plugin.go:947.63,949.5 1 0
github.com/ebogdum/filemanager/internal/apps/httpd/plugin.go:951.16,952.26 1 0
github.com/ebogdum/filemanager/internal/apps/httpd/plugin.go:952.26,953.63 1 0
github.com/ebogdum/filemanager/internal/apps/httpd/plugin.go:953.63,955.5 1 0
github.com/ebogdum/filemanager/internal/apps/httpd/plugin.go:957.10,958.38 1 0
github.com/ebogdum/filemanager/internal/apps/httpd/plugin.go:960.2,960.12 1 0
github.com/ebogdum/filemanager/internal/apps/httpd/plugin.go:964.74,966.9 2 0
github.com/ebogdum/filemanager/internal/apps/httpd/plugin.go:966.9,968.3 1 0
github.com/ebogdum/filemanager/internal/apps/httpd/plugin.go:970.2,977.12 6 0
github.com/ebogdum/filemanager/internal/apps/httpd/plugin.go:981.78,983.9 2 0
github.com/ebogdum/filemanager/internal/apps/httpd/plugin.go:983.9,985.3 1 0
github.com/ebogdum/filemanager/internal/apps/httpd/plugin.go:987.2,999.12 7 0
github.com/ebogdum/filemanager/internal/apps/httpd/plugin.go:1002.111,1003.39 1 0
github.com/ebogdum/filemanager/internal/apps/httpd/plugin.go:1003.39,1005.14 2 0
github.com/ebogdum/filemanager/internal/apps/httpd/plugin.go:1005.14,1006.12 1 0
github.com/ebogdum/filemanager/internal/apps/httpd/plugin.go:1008.3,1008.65 1 0
github.com/ebogdum/filemanager/internal/apps/httpd/plugin.go:1012.129,1013.32 1 0
github.com/ebogdum/filemanager/internal/apps/httpd/plugin.go:1013.32,1014.81 1 0
github.com/ebogdum/filemanager/internal/apps/httpd/plugin.go:1014.81,1015.12 1 0
github.com/ebogdum/filemanager/internal/apps/httpd/plugin.go:1017.3,1017.60 1 0
github.com/ebogdum/filemanager/internal/apps/httpd/plugin.go:1021.104,1022.31 1 0
github.com/ebogdum/filemanager/internal/apps/httpd/plugin.go:1023.14,1024.37 1 0
github.com/ebogdum/filemanager/internal/apps/httpd/plugin.go:1024.37,1026.4 1 0
github.com/ebogdum/filemanager/internal/apps/httpd/plugin.go:1027.3,1027.18 1 0
github.com/ebogdum/filemanager/internal/apps/httpd/plugin.go:1027.18,1029.4 1 0
github.com/ebogdum/filemanager/internal/apps/httpd/plugin.go:1030.13,1031.30 1 0
github.com/ebogdum/filemanager/internal/apps/httpd/plugin.go:1031.30,1033.4 1 0
github.com/ebogdum/filemanager/internal/apps/httpd/plugin.go:1034.16,1035.30 1 0
github.com/ebogdum/filemanager/internal/apps/httpd/plugin.go:1035.30,1037.4 1 0
github.com/ebogdum/filemanager/internal/apps/httpd/plugin.go:1041.62,1042.39 1 0
github.com/ebogdum/filemanager/internal/apps/httpd/plugin.go:1042.39,1043.23 1 0
github.com/ebogdum/filemanager/internal/apps/httpd/plugin.go:1043.23,1045.4 1 0
github.com/ebogdum/filemanager/internal/apps/httpd/plugin.go:1047.2,1047.14 1 0
github.com/ebogdum/filemanager/internal/apps/httpd/plugin.go:1050.84,1052.9 2 0
github.com/ebogdum/filemanager/internal/apps/httpd/plugin.go:1052.9,1054.3 1 0
github.com/ebogdum/filemanager/internal/apps/httpd/plugin.go:1056.2,1056.27 1 0
github.com/ebogdum/filemanager/internal/apps/httpd/plugin.go:1056.27,1058.3 1 0
github.com/ebogdum/filemanager/internal/apps/httpd/plugin.go:1061.66,1063.9 2 0
github.com/ebogdum/filemanager/internal/apps/httpd/plugin.go:1063.9,1065.3 1 0
github.com/ebogdum/filemanager/internal/apps/httpd/plugin.go:1067.2,1068.9 2 0
github.com/ebogdum/filemanager/internal/apps/httpd/plugin.go:1068.9,1070.3 1 0
github.com/ebogdum/filemanager/internal/apps/httpd/plugin.go:1072.2,1073.33 2 0
github.com/ebogdum/filemanager/internal/apps/httpd/plugin.go:1073.33,1074.20 1 0
github.com/ebogdum/filemanager/internal/apps/httpd/plugin.go:1074.20,1075.12 1 0
github.com/ebogdum/filemanager/internal/apps/httpd/plugin.go:1077.3,1077.64 1 0
github.com/ebogdum/filemanager/internal/apps/httpd/plugin.go:1079.2,1079.40 1 0
github.com/ebogdum/filemanager/internal/apps/httpd/plugin.go:1083.55,1096.21 10 0
github.com/ebogdum/filemanager/internal/apps/httpd/plugin.go:1096.21,1098.33 2 0
github.com/ebogdum/filemanager/internal/apps/httpd/plugin.go:1098.33,1099.12 1 0
github.com/ebogdum/filemanager/internal/apps/httpd/plugin.go:1102.3,1102.65 1 0
github.com/ebogdum/filemanager/internal/apps/httpd/plugin.go:1102.65,1104.12 2 0
github.com/ebogdum/filemanager/internal/apps/httpd/plugin.go:1107.3,1107.29 1 0
github.com/ebogdum/filemanager/internal/apps/httpd/plugin.go:1107.29,1110.12 2 0
github.com/ebogdum/filemanager/internal/apps/httpd/plugin.go:1113.3,1114.10 2 0
github.com/ebogdum/filemanager/internal/apps/httpd/plugin.go:1114.10,1115.12 1 0
github.com/ebogdum/filemanager/internal/apps/httpd/plugin.go:1118.3,1119.33 2 0
github.com/ebogdum/filemanager/internal/apps/httpd/plugin.go:1119.33,1121.4 1 0
github.com/ebogdum/filemanager/internal/apps/httpd/plugin.go:1122.3,1122.89 1 0
github.com/ebogdum/filemanager/internal/apps/httpd/plugin.go:1125.2,1125.38 1 0
github.com/ebogdum/filemanager/internal/apps/httpd/plugin.go:1125.38,1127.3 1 0
github.com/ebogdum/filemanager/internal/apps/httpd/plugin.go:1129.2,1131.20 3 0
github.com/ebogdum/filemanager/internal/apps/httpd/plugin.go:1134.51,1148.2 1 0
github.com/ebogdum/filemanager/internal/apps/httpd/plugin.go:1150.45,1152.2 1 0
github.com/ebogdum/filemanager/internal/apps/httpd/plugin.go:1154.64,1155.68 1 0
github.com/ebogdum/filemanager/internal/apps/httpd/plugin.go:1155.68,1157.3 1 0
github.com/ebogdum/filemanager/internal/apps/httpd/plugin.go:1159.2,1160.25 2 0
github.com/ebogdum/filemanager/internal/apps/httpd/plugin.go:1160.25,1162.3 1 0
github.com/ebogdum/filemanager/internal/apps/httpd/plugin.go:1164.2,1164.68 1 0
github.com/ebogdum/filemanager/internal/apps/httpd/plugin.go:1174.56,1176.30 2 0
github.com/ebogdum/filemanager/internal/apps/httpd/plugin.go:1176.30,1178.3 1 0
github.com/ebogdum/filemanager/internal/apps/httpd/plugin.go:1178.8,1178.39 1 0
github.com/ebogdum/filemanager/internal/apps/httpd/plugin.go:1178.39,1180.3 1 0
github.com/ebogdum/filemanager/internal/apps/httpd/plugin.go:1182.2,1182.32 1 0
github.com/ebogdum/filemanager/internal/apps/httpd/plugin.go:1182.32,1185.3 2 0
github.com/ebogdum/filemanager/internal/apps/httpd/plugin.go:1187.2,1187.56 1 0
github.com/ebogdum/filemanager/internal/apps/httpd/plugin.go:1190.41,1192.2 1 0
github.com/ebogdum/filemanager/internal/apps/httpd/plugin.go:1201.92,1202.32 1 0
github.com/ebogdum/filemanager/internal/apps/httpd/plugin.go:1202.32,1204.3 1 0
github.com/ebogdum/filemanager/internal/apps/httpd/plugin.go:1206.2,1206.33 1 0
github.com/ebogdum/filemanager/internal/apps/httpd/plugin.go:1206.33,1207.26 1 0
github.com/ebogdum/filemanager/internal/apps/httpd/plugin.go:1207.26,1210.4 2 0
github.com/ebogdum/filemanager/internal/apps/httpd/plugin.go:1210.9,1212.4 1 0
github.com/ebogdum/filemanager/internal/apps/httpd/plugin.go:1213.8,1213.42 1 0
github.com/ebogdum/filemanager/internal/apps/httpd/plugin.go:1213.42,1215.3 1 0
github.com/ebogdum/filemanager/internal/apps/httpd/plugin.go:1217.2,1217.26 1 0
github.com/ebogdum/filemanager/internal/apps/httpd/plugin.go:1217.26,1219.3 1 0
github.com/ebogdum/filemanager/internal/apps/httpd/plugin.go:1221.2,1225.83 5 0
github.com/ebogdum/filemanager/internal/apps/httpd/plugin.go:1228.78,1229.62 1 0
github.com/ebogdum/filemanager/internal/apps/httpd/plugin.go:1229.62,1232.3 2 0
github.com/ebogdum/filemanager/internal/apps/httpd/plugin.go:1233.2,1233.41 1 0
github.com/ebogdum/filemanager/internal/apps/httpd/plugin.go:1236.67,1238.20 2 0
github.com/ebogdum/filemanager/internal/apps/httpd/plugin.go:1238.20,1240.3 1 0
github.com/ebogdum/filemanager/internal/apps/httpd/plugin.go:1242.2,1244.21 3 0
github.com/ebogdum/filemanager/internal/apps/httpd/plugin.go:1244.21,1246.3 1 0
github.com/ebogdum/filemanager/internal/apps/httpd/plugin.go:1247.2,1247.70 1 0
github.com/ebogdum/filemanager/internal/apps/httpd/plugin.go:1247.70,1249.3 1 0
github.com/ebogdum/filemanager/internal/apps/httpd/plugin.go:1250.2,1250.25 1 0
github.com/ebogdum/filemanager/internal/apps/httpd/plugin.go:1253.119,1254.31 1 0
github.com/ebogdum/filemanager/internal/apps/httpd/plugin.go:1254.31,1255.49 1 0
github.com/ebogdum/filemanager/internal/apps/httpd/plugin.go:1255.49,1257.4 1 0
github.com/ebogdum/filemanager/internal/apps/httpd/plugin.go:1257.9,1257.48 1 0
github.com/ebogdum/filemanager/internal/apps/httpd/plugin.go:1257.48,1259.4 1 0
github.com/ebogdum/filemanager/internal/apps/httpd/plugin.go:1259.9,1261.4 1 0
github.com/ebogdum/filemanager/internal/apps/httpd/plugin.go:1262.3,1262.9 1 0
github.com/ebogdum/filemanager/internal/apps/httpd/plugin.go:1265.2,1265.28 1 0
github.com/ebogdum/filemanager/internal/apps/httpd/plugin.go:1268.90,1269.22 1 0
github.com/ebogdum/filemanager/internal/apps/httpd/plugin.go:1269.22,1271.3 1 0
github.com/ebogdum/filemanager/internal/apps/httpd/plugin.go:1273.2,1274.31 2 0
github.com/ebogdum/filemanager/internal/apps/httpd/plugin.go:1274.31,1276.3 1 0
github.com/ebogdum/filemanager/internal/apps/httpd/plugin.go:1277.2,1277.24 1 0
github.com/ebogdum/filemanager/internal/apps/httpd/plugin.go:1281.39,1284.38 2 0
github.com/ebogdum/filemanager/internal/apps/httpd/plugin.go:1284.38,1286.3 1 0
github.com/ebogdum/filemanager/internal/apps/httpd/plugin.go:1287.2,1287.40 1 0
github.com/ebogdum/filemanager/internal/apps/httpd/plugin.go:1287.40,1289.3 1 0
github.com/ebogdum/filemanager/internal/apps/httpd/plugin.go:1292.2,1292.55 1 0
github.com/ebogdum/filemanager/internal/apps/httpd/plugin.go:1292.55,1294.3 1 0
github.com/ebogdum/filemanager/internal/apps/httpd/plugin.go:1296.2,1296.10 1 0
github.com/ebogdum/filemanager/internal/apps/httpd/plugin.go:1300.56,1302.9 2 0
github.com/ebogdum/filemanager/internal/apps/httpd/plugin.go:1302.9,1304.3 1 0
github.com/ebogdum/filemanager/internal/apps/httpd/plugin.go:1306.2,1307.9 2 0
github.com/ebogdum/filemanager/internal/apps/httpd/plugin.go:1307.9,1309.3 1 0
github.com/ebogdum/filemanager/internal/apps/httpd/plugin.go:1311.2,1314.28 2 0
github.com/ebogdum/filemanager/internal/apps/httpd/plugin.go:1314.28,1316.3 1 0
github.com/ebogdum/filemanager/internal/apps/httpd/plugin.go:1319.2,1319.31 1 0
github.com/ebogdum/filemanager/internal/apps/httpd/plugin.go:1319.31,1321.43 1 0
github.com/ebogdum/filemanager/internal/apps/httpd/plugin.go:1321.43,1322.42 1 0
github.com/ebogdum/filemanager/internal/apps/httpd/plugin.go:1322.42,1323.40 1 0
github.com/ebogdum/filemanager/internal/apps/httpd/plugin.go:1323.40,1325.14 2 0
github.com/ebogdum/filemanager/internal/apps/httpd/plugin.go:1329.3,1329.16 1 0
github.com/ebogdum/filemanager/internal/apps/httpd/plugin.go:1332.2,1332.20 1 0
github.com/ebogdum/filemanager/internal/apps/httpd/plugin.go:1336.62,1343.32 4 0
github.com/ebogdum/filemanager/internal/apps/httpd/plugin.go:1343.32,1345.14 2 0
github.com/ebogdum/filemanager/internal/apps/httpd/plugin.go:1345.14,1351.12 2 0
github.com/ebogdum/filemanager/internal/apps/httpd/plugin.go:1354.3,1354.35 1 0
github.com/ebogdum/filemanager/internal/apps/httpd/plugin.go:1354.35,1361.4 1 0
github.com/ebogdum/filemanager/internal/apps/httpd/plugin.go:1365.2,1365.32 1 0
github.com/ebogdum/filemanager/internal/apps/httpd/plugin.go:1365.32,1366.38 1 0
github.com/ebogdum/filemanager/internal/apps/httpd/plugin.go:1366.38,1372.4 1 0
github.com/ebogdum/filemanager/internal/apps/httpd/plugin.go:1375.2,1375.21 1 0
github.com/ebogdum/filemanager/internal/apps/httpd/plugin.go:1379.33,1383.2 3 0
github.com/ebogdum/filemanager/internal/apps/mysql/plugin.go:22.20,24.2 1 0
github.com/ebogdum/filemanager/internal/apps/mysql/plugin.go:27.32,29.2 1 0
github.com/ebogdum/filemanager/internal/apps/mysql/plugin.go:32.35,34.2 1 0
github.com/ebogdum/filemanager/internal/apps/mysql/plugin.go:37.39,39.2 1 0
github.com/ebogdum/filemanager/internal/apps/mysql/plugin.go:42.40,44.2 1 0
github.com/ebogdum/filemanager/internal/apps/mysql/plugin.go:47.44,160.2 1 0
github.com/ebogdum/filemanager/internal/apps/mysql/plugin.go:163.38,205.2 1 0
github.com/ebogdum/filemanager/internal/apps/mysql/plugin.go:208.73,212.9 3 0
github.com/ebogdum/filemanager/internal/apps/mysql/plugin.go:212.9,214.3 1 0
github.com/ebogdum/filemanager/internal/apps/mysql/plugin.go:217.2,217.60 1 0
github.com/ebogdum/filemanager/internal/apps/mysql/plugin.go:217.60,219.3 1 0
github.com/ebogdum/filemanager/internal/apps/mysql/plugin.go:222.2,222.58 1 0
github.com/ebogdum/filemanager/internal/apps/mysql/plugin.go:222.58,224.3 1 0
github.com/ebogdum/filemanager/internal/apps/mysql/plugin.go:227.2,227.60 1 0
github.com/ebogdum/filemanager/internal/apps/mysql/plugin.go:227.60,229.3 1 0
github.com/ebogdum/filemanager/internal/apps/mysql/plugin.go:231.2,231.20 1 0
github.com/ebogdum/filemanager/internal/apps/mysql/plugin.go:235.88,244.2 7 0
github.com/ebogdum/filemanager/internal/apps/mysql/plugin.go:246.72,248.9 2 0
github.com/ebogdum/filemanager/internal/apps/mysql/plugin.go:248.9,250.3 1 0
github.com/ebogdum/filemanager/internal/apps/mysql/plugin.go:251.2,252.38 2 0
github.com/ebogdum/filemanager/internal/apps/mysql/plugin.go:252.38,254.3 1 0
github.com/ebogdum/filemanager/internal/apps/mysql/plugin.go:255.2,259.4 1 0
github.com/ebogdum/filemanager/internal/apps/mysql/plugin.go:262.79,269.37 3 0
github.com/ebogdum/filemanager/internal/apps/mysql/plugin.go:269.37,271.51 2 0
github.com/ebogdum/filemanager/internal/apps/mysql/plugin.go:271.51,272.12 1 0
github.com/ebogdum/filemanager/internal/apps/mysql/plugin.go:274.3,278.5 1 0
github.com/ebogdum/filemanager/internal/apps/mysql/plugin.go:280.2,280.15 1 0
github.com/ebogdum/filemanager/internal/apps/mysql/plugin.go:283.76,285.9 2 0
github.com/ebogdum/filemanager/internal/apps/mysql/plugin.go:285.9,287.3 1 0
github.com/ebogdum/filemanager/internal/apps/mysql/plugin.go:288.2,289.22 2 0
github.com/ebogdum/filemanager/internal/apps/mysql/plugin.go:289.22,291.3 1 0
github.com/ebogdum/filemanager/internal/apps/mysql/plugin.go:292.2,296.4 1 0
github.com/ebogdum/filemanager/internal/apps/mysql/plugin.go:299.82,301.9 2 0
github.com/ebogdum/filemanager/internal/apps/mysql/plugin.go:301.9,303.3 1 0
github.com/ebogdum/filemanager/internal/apps/mysql/plugin.go:304.2,305.27 2 0
github.com/ebogdum/filemanager/internal/apps/mysql/plugin.go:305.27,307.3 1 0
github.com/ebogdum/filemanager/internal/apps/mysql/plugin.go:308.2,312.4 1 0
github.com/ebogdum/filemanager/internal/apps/mysql/plugin.go:315.76,317.27 2 0
github.com/ebogdum/filemanager/internal/apps/mysql/plugin.go:317.27,319.3 1 0
github.com/ebogdum/filemanager/internal/apps/mysql/plugin.go:320.2,321.34 2 0
github.com/ebogdum/filemanager/internal/apps/mysql/plugin.go:321.34,322.40 1 0
github.com/ebogdum/filemanager/internal/apps/mysql/plugin.go:322.40,324.4 1 0
github.com/ebogdum/filemanager/internal/apps/mysql/plugin.go:326.2,330.4 1 0
github.com/ebogdum/filemanager/internal/apps/mysql/plugin.go:334.109,338.37 2 0
github.com/ebogdum/filemanager/internal/apps/mysql/plugin.go:338.37,340.37 2 0
github.com/ebogdum/filemanager/internal/apps/mysql/plugin.go:340.37,346.4 1 0
github.com/ebogdum/filemanager/internal/apps/mysql/plugin.go:349.2,349.15 1 0
github.com/ebogdum/filemanager/internal/apps/mysql/plugin.go:353.81,357.9 3 0
github.com/ebogdum/filemanager/internal/apps/mysql/plugin.go:357.9,359.3 1 0
github.com/ebogdum/filemanager/internal/apps/mysql/plugin.go:361.2,362.19 2 0
github.com/ebogdum/filemanager/internal/apps/mysql/plugin.go:362.19,364.3 1 0
github.com/ebogdum/filemanager/internal/apps/mysql/plugin.go:367.2,367.68 1 0
github.com/ebogdum/filemanager/internal/apps/mysql/plugin.go:367.68,368.39 1 0
github.com/ebogdum/filemanager/internal/apps/mysql/plugin.go:368.39,374.4 1 0
github.com/ebogdum/filemanager/internal/apps/mysql/plugin.go:378.2,378.57 1 0
github.com/ebogdum/filemanager/internal/apps/mysql/plugin.go:378.57,379.67 1 0
github.com/ebogdum/filemanager/internal/apps/mysql/plugin.go:379.67,385.4 1 0
github.com/ebogdum/filemanager/internal/apps/mysql/plugin.go:389.2,389.78 1 0
github.com/ebogdum/filemanager/internal/apps/mysql/plugin.go:389.78,392.36 2 0
github.com/ebogdum/filemanager/internal/apps/mysql/plugin.go:392.36,398.4 1 0
github.com/ebogdum/filemanager/internal/apps/mysql/plugin.go:402.2,402.45 1 0
github.com/ebogdum/filemanager/internal/apps/mysql/plugin.go:402.45,403.26 1 0
github.com/ebogdum/filemanager/internal/apps/mysql/plugin.go:403.26,405.53 1 0
github.com/ebogdum/filemanager/internal/apps/mysql/plugin.go:405.53,411.5 1 0
github.com/ebogdum/filemanager/internal/apps/mysql/plugin.go:416.2,416.67 1 0
github.com/ebogdum/filemanager/internal/apps/mysql/plugin.go:416.67,417.60 1 0
github.com/ebogdum/filemanager/internal/apps/mysql/plugin.go:417.60,423.4 1 0
github.com/ebogdum/filemanager/internal/apps/mysql/plugin.go:427.2,427.70 1 0
github.com/ebogdum/filemanager/internal/apps/mysql/plugin.go:427.70,428.57 1 0
github.com/ebogdum/filemanager/internal/apps/mysql/plugin.go:428.57,434.4 1 0
github.com/ebogdum/filemanager/internal/apps/mysql/plugin.go:438.2,438.45 1 0
github.com/ebogdum/filemanager/internal/apps/mysql/plugin.go:438.45,444.3 1 0
github.com/ebogdum/filemanager/internal/apps/mysql/plugin.go:445.2,445.45 1 0
github.com/ebogdum/filemanager/internal/apps/mysql/plugin.go:445.45,451.3 1 0
github.com/ebogdum/filemanager/internal/apps/mysql/plugin.go:453.2,453.20 1 0
github.com/ebogdum/filemanager/internal/apps/mysql/plugin.go:457.39,460.2 2 0
github.com/ebogdum/filemanager/internal/apps/mysql/plugin.go:463.38,467.22 4 0
github.com/ebogdum/filemanager/internal/apps/mysql/plugin.go:467.22,469.3 1 0
github.com/ebogdum/filemanager/internal/apps/mysql/plugin.go:471.2,472.16 2 0
github.com/ebogdum/filemanager/internal/apps/mysql/plugin.go:472.16,474.3 1 0
github.com/ebogdum/filemanager/internal/apps/mysql/plugin.go:476.2,476.23 1 0
github.com/ebogdum/filemanager/internal/apps/mysql/plugin.go:476.23,477.21 1 0
github.com/ebogdum/filemanager/internal/apps/mysql/plugin.go:478.12,479.17 1 0
github.com/ebogdum/filemanager/internal/apps/mysql/plugin.go:480.12,481.24 1 0
github.com/ebogdum/filemanager/internal/apps/mysql/plugin.go:482.12,483.31 1 0
github.com/ebogdum/filemanager/internal/apps/mysql/plugin.go:484.12,485.38 1 0
github.com/ebogdum/filemanager/internal/apps/mysql/plugin.go:489.2,489.14 1 0
github.com/ebogdum/filemanager/internal/apps/mysql/plugin.go:493.23,494.25 1 0
github.com/ebogdum/filemanager/internal/apps/mysql/plugin.go:495.11,496.13 1 0
github.com/ebogdum/filemanager/internal/apps/mysql/plugin.go:497.13,498.18 1 0
github.com/ebogdum/filemanager/internal/apps/mysql/plugin.go:499.15,500.18 1 0
github.com/ebogdum/filemanager/internal/apps/mysql/plugin.go:501.14,503.11 2 0
github.com/ebogdum/filemanager/internal/apps/mysql/plugin.go:504.10,505.11 1 0
github.com/ebogdum/filemanager/internal/apps/mysql/plugin.go:510.53,512.9 2 0
github.com/ebogdum/filemanager/internal/apps/mysql/plugin.go:512.9,514.3 1 0
github.com/ebogdum/filemanager/internal/apps/mysql/plugin.go:516.2,519.42 2 0
github.com/ebogdum/filemanager/internal/apps/mysql/plugin.go:519.42,520.53 1 0
github.com/ebogdum/filemanager/internal/apps/mysql/plugin.go:520.53,522.33 2 0
github.com/ebogdum/filemanager/internal/apps/mysql/plugin.go:522.33,524.27 1 0
github.com/ebogdum/filemanager/internal/apps/mysql/plugin.go:524.27,525.35 1 0
github.com/ebogdum/filemanager/internal/apps/mysql/plugin.go:525.35,527.7 1 0
github.com/ebogdum/filemanager/internal/apps/mysql/plugin.go:527.12,529.7 1 0
github.com/ebogdum/filemanager/internal/apps/mysql/plugin.go:530.11,532.6 1 0
github.com/ebogdum/filemanager/internal/apps/mysql/plugin.go:534.4,534.32 1 0
github.com/ebogdum/filemanager/internal/apps/mysql/plugin.go:535.9,537.4 1 0
github.com/ebogdum/filemanager/internal/apps/mysql/plugin.go:540.2,540.20 1 0
github.com/ebogdum/filemanager/internal/apps/mysql/plugin.go:544.39,558.30 2 0
github.com/ebogdum/filemanager/internal/apps/mysql/plugin.go:558.30,559.16 1 0
github.com/ebogdum/filemanager/internal/apps/mysql/plugin.go:559.16,561.4 1 0
github.com/ebogdum/filemanager/internal/apps/mysql/plugin.go:563.2,563.14 1 0
github.com/ebogdum/filemanager/internal/apps/mysql/plugin.go:567.55,569.9 2 0
github.com/ebogdum/filemanager/internal/apps/mysql/plugin.go:569.9,571.3 1 0
github.com/ebogdum/filemanager/internal/apps/mysql/plugin.go:573.2,577.33 3 0
github.com/ebogdum/filemanager/internal/apps/mysql/plugin.go:577.33,579.3 1 0
github.com/ebogdum/filemanager/internal/apps/mysql/plugin.go:580.2,582.39 2 0
github.com/ebogdum/filemanager/internal/apps/mysql/plugin.go:582.39,585.10 3 0
github.com/ebogdum/filemanager/internal/apps/mysql/plugin.go:585.10,586.12 1 0
github.com/ebogdum/filemanager/internal/apps/mysql/plugin.go:589.3,590.17 2 0
github.com/ebogdum/filemanager/internal/apps/mysql/plugin.go:590.17,592.4 1 0
github.com/ebogdum/filemanager/internal/apps/mysql/plugin.go:595.3,596.29 2 0
github.com/ebogdum/filemanager/internal/apps/mysql/plugin.go:596.29,598.4 1 0
github.com/ebogdum/filemanager/internal/apps/mysql/plugin.go:599.3,601.28 2 0
github.com/ebogdum/filemanager/internal/apps/mysql/plugin.go:601.28,603.61 2 0
github.com/ebogdum/filemanager/internal/apps/mysql/plugin.go:603.61,605.5 1 0
github.com/ebogdum/filemanager/internal/apps/mysql/plugin.go:609.2,611.16 3 0
github.com/ebogdum/filemanager/internal/apps/mysql/plugin.go:611.16,613.3 1 0
github.com/ebogdum/filemanager/internal/apps/mysql/plugin.go:615.2,615.34 1 0
github.com/ebogdum/filemanager/internal/apps/mysql/plugin.go:619.71,620.27 1 0
github.com/ebogdum/filemanager/internal/apps/mysql/plugin.go:621.11,622.13 1 0
github.com/ebogdum/filemanager/internal/apps/mysql/plugin.go:623.12,624.8 1 0
github.com/ebogdum/filemanager/internal/apps/mysql/plugin.go:624.8,627.4 2 0
github.com/ebogdum/filemanager/internal/apps/mysql/plugin.go:628.3,629.13 2 0
github.com/ebogdum/filemanager/internal/apps/mysql/plugin.go:630.27,632.13 2 0
github.com/ebogdum/filemanager/internal/apps/mysql/plugin.go:633.14,635.13 2 0
github.com/ebogdum/filemanager/internal/apps/mysql/plugin.go:636.10,638.13 2 0
github.com/ebogdum/filemanager/internal/apps/mysql/plugin.go:643.55,645.16 2 0
github.com/ebogdum/filemanager/internal/apps/mysql/plugin.go:645.16,647.3 1 0
github.com/ebogdum/filemanager/internal/apps/mysql/plugin.go:649.2,651.41 2 0
github.com/ebogdum/filemanager/internal/apps/mysql/plugin.go:651.41,653.31 2 0
github.com/ebogdum/filemanager/internal/apps/mysql/plugin.go:653.31,654.12 1 0
github.com/ebogdum/filemanager/internal/apps/mysql/plugin.go:657.3,658.38 2 0
github.com/ebogdum/filemanager/internal/apps/mysql/plugin.go:658.38,660.4 1 0
github.com/ebogdum/filemanager/internal/apps/mysql/plugin.go:662.3,662.26 1 0
github.com/ebogdum/filemanager/internal/apps/mysql/plugin.go:662.26,664.4 1 0
github.com/ebogdum/filemanager/internal/apps/mysql/plugin.go:667.2,667.20 1 0
github.com/ebogdum/filemanager/internal/apps/mysql/plugin.go:671.36,674.72 2 0
github.com/ebogdum/filemanager/internal/apps/mysql/plugin.go:674.72,676.3 1 0
github.com/ebogdum/filemanager/internal/apps/mysql/plugin.go:677.2,677.73 1 0
github.com/ebogdum/filemanager/internal/apps/mysql/plugin.go:677.73,679.3 1 0
github.com/ebogdum/filemanager/internal/apps/mysql/plugin.go:682.2,682.55 1 0
github.com/ebogdum/filemanager/internal/apps/mysql/plugin.go:682.55,684.3 1 0
github.com/ebogdum/filemanager/internal/apps/mysql/plugin.go:687.2,687.53 1 0
github.com/ebogdum/filemanager/internal/apps/mysql/plugin.go:687.53,689.31 1 0
github.com/ebogdum/filemanager/internal/apps/mysql/plugin.go:689.31,691.4 1 0
github.com/ebogdum/filemanager/internal/apps/mysql/plugin.go:694.2,694.10 1 0
github.com/ebogdum/filemanager/internal/apps/mysql/plugin.go:698.56,700.9 2 0
github.com/ebogdum/filemanager/internal/apps/mysql/plugin.go:700.9,702.3 1 0
github.com/ebogdum/filemanager/internal/apps/mysql/plugin.go:704.2,705.9 2 0
github.com/ebogdum/filemanager/internal/apps/mysql/plugin.go:705.9,707.3 1 0
github.com/ebogdum/filemanager/internal/apps/mysql/plugin.go:709.2,712.40 2 0
github.com/ebogdum/filemanager/internal/apps/mysql/plugin.go:712.40,713.53 1 0
github.com/ebogdum/filemanager/internal/apps/mysql/plugin.go:713.53,715.33 2 0
github.com/ebogdum/filemanager/internal/apps/mysql/plugin.go:715.33,717.5 1 0
github.com/ebogdum/filemanager/internal/apps/mysql/plugin.go:718.4,718.32 1 0
github.com/ebogdum/filemanager/internal/apps/mysql/plugin.go:719.9,721.4 1 0
github.com/ebogdum/filemanager/internal/apps/mysql/plugin.go:725.2,725.43 1 0
github.com/ebogdum/filemanager/internal/apps/mysql/plugin.go:725.43,726.60 1 0
github.com/ebogdum/filemanager/internal/apps/mysql/plugin.go:726.60,727.66 1 0
github.com/ebogdum/filemanager/internal/apps/mysql/plugin.go:727.66,729.41 1 0
github.com/ebogdum/filemanager/internal/apps/mysql/plugin.go:729.41,731.6 1 0
github.com/ebogdum/filemanager/internal/apps/mysql/plugin.go:732.10,735.41 2 0
github.com/ebogdum/filemanager/internal/apps/mysql/plugin.go:735.41,737.6 1 0
github.com/ebogdum/filemanager/internal/apps/mysql/plugin.go:738.5,738.33 1 0
github.com/ebogdum/filemanager/internal/apps/mysql/plugin.go:740.9,742.4 1 0
github.com/ebogdum/filemanager/internal/apps/mysql/plugin.go:745.2,745.20 1 0
github.com/ebogdum/filemanager/internal/apps/mysql/plugin.go:749.62,756.42 4 0
github.com/ebogdum/filemanager/internal/apps/mysql/plugin.go:756.42,758.14 2 0
github.com/ebogdum/filemanager/internal/apps/mysql/plugin.go:758.14,764.12 2 0
github.com/ebogdum/filemanager/internal/apps/mysql/plugin.go:768.3,769.47 2 0
github.com/ebogdum/filemanager/internal/apps/mysql/plugin.go:773.2,773.42 1 0
github.com/ebogdum/filemanager/internal/apps/mysql/plugin.go:773.42,774.44 1 0
github.com/ebogdum/filemanager/internal/apps/mysql/plugin.go:774.44,780.4 1 0
github.com/ebogdum/filemanager/internal/apps/mysql/plugin.go:783.2,783.21 1 0
github.com/ebogdum/filemanager/internal/apps/mysql/plugin.go:787.83,793.22 4 0
github.com/ebogdum/filemanager/internal/apps/mysql/plugin.go:793.22,794.43 1 0
github.com/ebogdum/filemanager/internal/apps/mysql/plugin.go:794.43,801.4 1 0
github.com/ebogdum/filemanager/internal/apps/mysql/plugin.go:802.3,802.17 1 0
github.com/ebogdum/filemanager/internal/apps/mysql/plugin.go:806.2,806.34 1 0
github.com/ebogdum/filemanager/internal/apps/mysql/plugin.go:806.34,809.14 3 0
github.com/ebogdum/filemanager/internal/apps/mysql/plugin.go:809.14,815.12 2 0
github.com/ebogdum/filemanager/internal/apps/mysql/plugin.go:818.3,818.35 1 0
github.com/ebogdum/filemanager/internal/apps/mysql/plugin.go:818.35,825.4 1 0
github.com/ebogdum/filemanager/internal/apps/mysql/plugin.go:829.2,829.34 1 0
github.com/ebogdum/filemanager/internal/apps/mysql/plugin.go:829.34,830.40 1 0
github.com/ebogdum/filemanager/internal/apps/mysql/plugin.go:830.40,837.4 2 0
github.com/ebogdum/filemanager/internal/apps/mysql/plugin.go:840.2,840.16 1 0
github.com/ebogdum/filemanager/internal/apps/mysql/plugin.go:844.33,848.2 3 0
github.com/ebogdum/filemanager/internal/apps/envoy/plugin.go:20.20,22.2 1 0
github.com/ebogdum/filemanager/internal/apps/envoy/plugin.go:28.32,30.2 1 0
github.com/ebogdum/filemanager/internal/apps/envoy/plugin.go:33.35,35.2 1 0
github.com/ebogdum/filemanager/internal/apps/envoy/plugin.go:38.39,40.2 1 0
github.com/ebogdum/filemanager/internal/apps/envoy/plugin.go:43.40,45.2 1 0
github.com/ebogdum/filemanager/internal/apps/envoy/plugin.go:48.44,96.2 1 0
github.com/ebogdum/filemanager/internal/apps/envoy/plugin.go:99.38,114.2 1 0
github.com/ebogdum/filemanager/internal/apps/envoy/plugin.go:117.73,121.9 3 0
github.com/ebogdum/filemanager/internal/apps/envoy/plugin.go:121.9,123.3 1 0
github.com/ebogdum/filemanager/internal/apps/envoy/plugin.go:126.2,126.58 1 0
github.com/ebogdum/filemanager/internal/apps/envoy/plugin.go:126.58,128.3 1 0
github.com/ebogdum/filemanager/internal/apps/envoy/plugin.go:131.2,131.56 1 0
github.com/ebogdum/filemanager/internal/apps/envoy/plugin.go:131.56,133.3 1 0
github.com/ebogdum/filemanager/internal/apps/envoy/plugin.go:136.2,136.73 1 0
github.com/ebogdum/filemanager/internal/apps/envoy/plugin.go:136.73,138.3 1 0
github.com/ebogdum/filemanager/internal/apps/envoy/plugin.go:141.2,141.75 1 0
github.com/ebogdum/filemanager/internal/apps/envoy/plugin.go:141.75,143.3 1 0
github.com/ebogdum/filemanager/internal/apps/envoy/plugin.go:146.2,146.75 1 0
github.com/ebogdum/filemanager/internal/apps/envoy/plugin.go:146.75,148.3 1 0
github.com/ebogdum/filemanager/internal/apps/envoy/plugin.go:150.2,150.20 1 0
github.com/ebogdum/filemanager/internal/apps/envoy/plugin.go:153.79,157.58 2 0
github.com/ebogdum/filemanager/internal/apps/envoy/plugin.go:157.58,159.3 1 0
github.com/ebogdum/filemanager/internal/apps/envoy/plugin.go:162.2,162.54 1 0
github.com/ebogdum/filemanager/internal/apps/envoy/plugin.go:162.54,163.33 1 0
github.com/ebogdum/filemanager/internal/apps/envoy/plugin.go:163.33,164.46 1 0
github.com/ebogdum/filemanager/internal/apps/envoy/plugin.go:164.46,166.5 1 0
github.com/ebogdum/filemanager/internal/apps/envoy/plugin.go:170.2,170.15 1 0
github.com/ebogdum/filemanager/internal/apps/envoy/plugin.go:173.77,177.49 2 0
github.com/ebogdum/filemanager/internal/apps/envoy/plugin.go:177.49,178.20 1 0
github.com/ebogdum/filemanager/internal/apps/envoy/plugin.go:178.20,183.4 1 0
github.com/ebogdum/filemanager/internal/apps/envoy/plugin.go:187.2,187.39 1 0
github.com/ebogdum/filemanager/internal/apps/envoy/plugin.go:187.39,188.15 1 0
github.com/ebogdum/filemanager/internal/apps/envoy/plugin.go:188.15,193.4 1 0
github.com/ebogdum/filemanager/internal/apps/envoy/plugin.go:196.2,196.15 1 0
github.com/ebogdum/filemanager/internal/apps/envoy/plugin.go:199.93,203.57 2 0
github.com/ebogdum/filemanager/internal/apps/envoy/plugin.go:203.57,205.3 1 0
github.com/ebogdum/filemanager/internal/apps/envoy/plugin.go:208.2,208.55 1 0
github.com/ebogdum/filemanager/internal/apps/envoy/plugin.go:208.55,210.3 1 0
github.com/ebogdum/filemanager/internal/apps/envoy/plugin.go:213.2,213.53 1 0
github.com/ebogdum/filemanager/internal/apps/envoy/plugin.go:213.53,215.3 1 0
github.com/ebogdum/filemanager/internal/apps/envoy/plugin.go:217.2,217.15 1 0
github.com/ebogdum/filemanager/internal/apps/envoy/plugin.go:220.78,225.37 4 0
github.com/ebogdum/filemanager/internal/apps/envoy/plugin.go:225.37,227.10 2 0
github.com/ebogdum/filemanager/internal/apps/envoy/plugin.go:227.10,232.12 2 0
github.com/ebogdum/filemanager/internal/apps/envoy/plugin.go:236.3,236.51 1 0
github.com/ebogdum/filemanager/internal/apps/envoy/plugin.go:236.51,237.23 1 0
github.com/ebogdum/filemanager/internal/apps/envoy/plugin.go:237.23,242.5 1 0
github.com/ebogdum/filemanager/internal/apps/envoy/plugin.go:243.4,243.26 1 0
github.com/ebogdum/filemanager/internal/apps/envoy/plugin.go:244.9,249.4 1 0
github.com/ebogdum/filemanager/internal/apps/envoy/plugin.go:252.3,252.65 1 0
github.com/ebogdum/filemanager/internal/apps/envoy/plugin.go:252.65,254.24 2 0
github.com/ebogdum/filemanager/internal/apps/envoy/plugin.go:254.24,255.34 1 0
github.com/ebogdum/filemanager/internal/apps/envoy/plugin.go:255.34,260.6 1 0
github.com/ebogdum/filemanager/internal/apps/envoy/plugin.go:261.5,261.37 1 0
github.com/ebogdum/filemanager/internal/apps/envoy/plugin.go:263.4,263.116 1 0
github.com/ebogdum/filemanager/internal/apps/envoy/plugin.go:264.9,269.4 1 0
github.com/ebogdum/filemanager/internal/apps/envoy/plugin.go:272.3,272.67 1 0
github.com/ebogdum/filemanager/internal/apps/envoy/plugin.go:272.67,274.4 1 0
github.com/ebogdum/filemanager/internal/apps/envoy/plugin.go:277.2,277.15 1 0
github.com/ebogdum/filemanager/internal/apps/envoy/plugin.go:280.103,283.34 2 0
github.com/ebogdum/filemanager/internal/apps/envoy/plugin.go:283.34,285.10 2 0
github.com/ebogdum/filemanager/internal/apps/envoy/plugin.go:285.10,290.12 2 0
github.com/ebogdum/filemanager/internal/apps/envoy/plugin.go:294.3,294.50 1 0
github.com/ebogdum/filemanager/internal/apps/envoy/plugin.go:294.50,296.4 1 0
github.com/ebogdum/filemanager/internal/apps/envoy/plugin.go:299.3,299.76 1 0
github.com/ebogdum/filemanager/internal/apps/envoy/plugin.go:299.76,301.4 1 0
github.com/ebogdum/filemanager/internal/apps/envoy/plugin.go:304.2,304.15 1 0
github.com/ebogdum/filemanager/internal/apps/envoy/plugin.go:307.93,310.33 2 0
github.com/ebogdum/filemanager/internal/apps/envoy/plugin.go:310.33,312.10 2 0
github.com/ebogdum/filemanager/internal/apps/envoy/plugin.go:312.10,317.12 2 0
github.com/ebogdum/filemanager/internal/apps/envoy/plugin.go:321.3,321.49 1 0
github.com/ebogdum/filemanager/internal/apps/envoy/plugin.go:321.49,322.32 1 0
github.com/ebogdum/filemanager/internal/apps/envoy/plugin.go:322.32,327.5 1 0
github.com/ebogdum/filemanager/internal/apps/envoy/plugin.go:328.9,333.4 1 0
github.com/ebogdum/filemanager/internal/apps/envoy/plugin.go:336.3,336.72 1 0
github.com/ebogdum/filemanager/internal/apps/envoy/plugin.go:336.72,337.56 1 0
github.com/ebogdum/filemanager/internal/apps/envoy/plugin.go:337.56,338.33 1 0
github.com/ebogdum/filemanager/internal/apps/envoy/plugin.go:338.33,343.6 1 0
github.com/ebogdum/filemanager/internal/apps/envoy/plugin.go:348.2,348.15 1 0
github.com/ebogdum/filemanager/internal/apps/envoy/plugin.go:351.99,355.41 2 0
github.com/ebogdum/filemanager/internal/apps/envoy/plugin.go:355.41,362.33 3 0
github.com/ebogdum/filemanager/internal/apps/envoy/plugin.go:362.33,363.18 1 0
github.com/ebogdum/filemanager/internal/apps/envoy/plugin.go:363.18,365.10 2 0
github.com/ebogdum/filemanager/internal/apps/envoy/plugin.go:368.3,368.13 1 0
github.com/ebogdum/filemanager/internal/apps/envoy/plugin.go:368.13,373.4 1 0
github.com/ebogdum/filemanager/internal/apps/envoy/plugin.go:376.2,376.15 1 0
github.com/ebogdum/filemanager/internal/apps/envoy/plugin.go:379.76,383.35 3 0
github.com/ebogdum/filemanager/internal/apps/envoy/plugin.go:383.35,385.10 2 0
github.com/ebogdum/filemanager/internal/apps/envoy/plugin.go:385.10,390.12 2 0
github.com/ebogdum/filemanager/internal/apps/envoy/plugin.go:393.3,397.75 5 0
github.com/ebogdum/filemanager/internal/apps/envoy/plugin.go:399.2,399.15 1 0
github.com/ebogdum/filemanager/internal/apps/envoy/plugin.go:402.98,407.2 4 0
github.com/ebogdum/filemanager/internal/apps/envoy/plugin.go:409.116,412.9 3 0
github.com/ebogdum/filemanager/internal/apps/envoy/plugin.go:412.9,417.3 1 0
github.com/ebogdum/filemanager/internal/apps/envoy/plugin.go:419.2,419.21 1 0
github.com/ebogdum/filemanager/internal/apps/envoy/plugin.go:419.21,424.3 1 0
github.com/ebogdum/filemanager/internal/apps/envoy/plugin.go:426.2,427.12 2 0
github.com/ebogdum/filemanager/internal/apps/envoy/plugin.go:430.89,432.9 2 0
github.com/ebogdum/filemanager/internal/apps/envoy/plugin.go:432.9,434.3 1 0
github.com/ebogdum/filemanager/internal/apps/envoy/plugin.go:436.2,437.44 2 0
github.com/ebogdum/filemanager/internal/apps/envoy/plugin.go:437.44,439.3 1 0
github.com/ebogdum/filemanager/internal/apps/envoy/plugin.go:441.2,444.4 1 0
github.com/ebogdum/filemanager/internal/apps/envoy/plugin.go:447.93,449.9 2 0
github.com/ebogdum/filemanager/internal/apps/envoy/plugin.go:449.9,451.3 1 0
github.com/ebogdum/filemanager/internal/apps/envoy/plugin.go:453.2,457.44 2 0
github.com/ebogdum/filemanager/internal/apps/envoy/plugin.go:457.44,459.3 1 0
github.com/ebogdum/filemanager/internal/apps/envoy/plugin.go:461.2,464.4 1 0
github.com/ebogdum/filemanager/internal/apps/envoy/plugin.go:467.111,469.9 2 0
github.com/ebogdum/filemanager/internal/apps/envoy/plugin.go:469.9,471.3 1 0
github.com/ebogdum/filemanager/internal/apps/envoy/plugin.go:472.2,472.118 1 0
github.com/ebogdum/filemanager/internal/apps/envoy/plugin.go:475.109,477.9 2 0
github.com/ebogdum/filemanager/internal/apps/envoy/plugin.go:477.9,479.3 1 0
github.com/ebogdum/filemanager/internal/apps/envoy/plugin.go:480.2,480.98 1 0
github.com/ebogdum/filemanager/internal/apps/envoy/plugin.go:483.97,485.30 2 0
github.com/ebogdum/filemanager/internal/apps/envoy/plugin.go:485.30,487.3 1 0
github.com/ebogdum/filemanager/internal/apps/envoy/plugin.go:489.2,492.4 1 0
github.com/ebogdum/filemanager/internal/apps/envoy/plugin.go:495.107,497.9 2 0
github.com/ebogdum/filemanager/internal/apps/envoy/plugin.go:497.9,499.3 1 0
github.com/ebogdum/filemanager/internal/apps/envoy/plugin.go:501.2,502.37 2 0
github.com/ebogdum/filemanager/internal/apps/envoy/plugin.go:502.37,504.3 1 0
github.com/ebogdum/filemanager/internal/apps/envoy/plugin.go:505.2,505.15 1 0
github.com/ebogdum/filemanager/internal/apps/envoy/plugin.go:508.109,510.9 2 0
github.com/ebogdum/filemanager/internal/apps/envoy/plugin.go:510.9,512.3 1 0
github.com/ebogdum/filemanager/internal/apps/envoy/plugin.go:514.2,515.9 2 0
github.com/ebogdum/filemanager/internal/apps/envoy/plugin.go:515.9,517.3 1 0
github.com/ebogdum/filemanager/internal/apps/envoy/plugin.go:519.2,520.41 2 0
github.com/ebogdum/filemanager/internal/apps/envoy/plugin.go:520.41,522.3 1 0
github.com/ebogdum/filemanager/internal/apps/envoy/plugin.go:523.2,523.15 1 0
github.com/ebogdum/filemanager/internal/apps/envoy/plugin.go:526.126,528.9 2 0
github.com/ebogdum/filemanager/internal/apps/envoy/plugin.go:528.9,530.3 1 0
github.com/ebogdum/filemanager/internal/apps/envoy/plugin.go:532.2,533.9 2 0
github.com/ebogdum/filemanager/internal/apps/envoy/plugin.go:533.9,535.3 1 0
github.com/ebogdum/filemanager/internal/apps/envoy/plugin.go:537.2,538.9 2 0
github.com/ebogdum/filemanager/internal/apps/envoy/plugin.go:538.9,540.3 1 0
github.com/ebogdum/filemanager/internal/apps/envoy/plugin.go:542.2,543.48 2 0
github.com/ebogdum/filemanager/internal/apps/envoy/plugin.go:546.93,549.27 2 0
github.com/ebogdum/filemanager/internal/apps/envoy/plugin.go:549.27,551.10 2 0
github.com/ebogdum/filemanager/internal/apps/envoy/plugin.go:551.10,552.12 1 0
github.com/ebogdum/filemanager/internal/apps/envoy/plugin.go:556.3,556.54 1 0
github.com/ebogdum/filemanager/internal/apps/envoy/plugin.go:556.54,557.33 1 0
github.com/ebogdum/filemanager/internal/apps/envoy/plugin.go:557.33,562.5 1 0
github.com/ebogdum/filemanager/internal/apps/envoy/plugin.go:566.3,566.56 1 0
github.com/ebogdum/filemanager/internal/apps/envoy/plugin.go:566.56,567.34 1 0
github.com/ebogdum/filemanager/internal/apps/envoy/plugin.go:567.34,572.5 1 0
github.com/ebogdum/filemanager/internal/apps/envoy/plugin.go:576.3,578.33 3 0
github.com/ebogdum/filemanager/internal/apps/envoy/plugin.go:578.33,579.33 1 0
github.com/ebogdum/filemanager/internal/apps/envoy/plugin.go:579.33,581.10 2 0
github.com/ebogdum/filemanager/internal/apps/envoy/plugin.go:584.3,584.15 1 0
github.com/ebogdum/filemanager/internal/apps/envoy/plugin.go:584.15,589.4 1 0
github.com/ebogdum/filemanager/internal/apps/envoy/plugin.go:592.2,592.15 1 0
github.com/ebogdum/filemanager/internal/apps/envoy/plugin.go:595.74,599.33 3 0
github.com/ebogdum/filemanager/internal/apps/envoy/plugin.go:599.33,601.10 2 0
github.com/ebogdum/filemanager/internal/apps/envoy/plugin.go:601.10,602.12 1 0
github.com/ebogdum/filemanager/internal/apps/envoy/plugin.go:606.3,606.49 1 0
github.com/ebogdum/filemanager/internal/apps/envoy/plugin.go:606.49,607.23 1 0
github.com/ebogdum/filemanager/internal/apps/envoy/plugin.go:607.23,612.5 1 0
github.com/ebogdum/filemanager/internal/apps/envoy/plugin.go:613.4,613.26 1 0
github.com/ebogdum/filemanager/internal/apps/envoy/plugin.go:617.2,617.15 1 0
github.com/ebogdum/filemanager/internal/apps/envoy/plugin.go:620.87,624.60 2 0
github.com/ebogdum/filemanager/internal/apps/envoy/plugin.go:624.60,626.3 1 0
github.com/ebogdum/filemanager/internal/apps/envoy/plugin.go:629.2,629.60 1 0
github.com/ebogdum/filemanager/internal/apps/envoy/plugin.go:629.60,631.3 1 0
github.com/ebogdum/filemanager/internal/apps/envoy/plugin.go:634.2,634.60 1 0
github.com/ebogdum/filemanager/internal/apps/envoy/plugin.go:634.60,636.3 1 0
github.com/ebogdum/filemanager/internal/apps/envoy/plugin.go:638.2,638.15 1 0
github.com/ebogdum/filemanager/internal/apps/envoy/plugin.go:641.94,646.39 3 0
github.com/ebogdum/filemanager/internal/apps/envoy/plugin.go:646.39,648.3 1 0
github.com/ebogdum/filemanager/internal/apps/envoy/plugin.go:649.2,649.43 1 0
github.com/ebogdum/filemanager/internal/apps/envoy/plugin.go:649.43,651.3 1 0
github.com/ebogdum/filemanager/internal/apps/envoy/plugin.go:652.2,652.29 1 0
github.com/ebogdum/filemanager/internal/apps/envoy/plugin.go:652.29,654.3 1 0
github.com/ebogdum/filemanager/internal/apps/envoy/plugin.go:656.2,656.16 1 0
github.com/ebogdum/filemanager/internal/apps/envoy/plugin.go:656.16,661.3 1 0
github.com/ebogdum/filemanager/internal/apps/envoy/plugin.go:663.2,663.15 1 0
github.com/ebogdum/filemanager/internal/apps/envoy/plugin.go:666.94,670.49 2 0
github.com/ebogdum/filemanager/internal/apps/envoy/plugin.go:670.49,673.33 3 0
github.com/ebogdum/filemanager/internal/apps/envoy/plugin.go:673.33,674.21 1 0
github.com/ebogdum/filemanager/internal/apps/envoy/plugin.go:674.21,676.10 2 0
github.com/ebogdum/filemanager/internal/apps/envoy/plugin.go:679.3,679.13 1 0
github.com/ebogdum/filemanager/internal/apps/envoy/plugin.go:679.13,684.4 1 0
github.com/ebogdum/filemanager/internal/apps/envoy/plugin.go:688.2,688.58 1 0
github.com/ebogdum/filemanager/internal/apps/envoy/plugin.go:688.58,689.29 1 0
github.com/ebogdum/filemanager/internal/apps/envoy/plugin.go:689.29,694.4 1 0
github.com/ebogdum/filemanager/internal/apps/envoy/plugin.go:697.2,697.15 1 0
github.com/ebogdum/filemanager/internal/apps/envoy/plugin.go:700.86,704.64 2 0
github.com/ebogdum/filemanager/internal/apps/envoy/plugin.go:704.64,705.40 1 0
github.com/ebogdum/filemanager/internal/apps/envoy/plugin.go:705.40,710.4 1 0
github.com/ebogdum/filemanager/internal/apps/envoy/plugin.go:713.2,713.15 1 0
github.com/ebogdum/filemanager/internal/apps/envoy/plugin.go:716.96,719.70 2 0
github.com/ebogdum/filemanager/internal/apps/envoy/plugin.go:719.70,721.53 1 0
github.com/ebogdum/filemanager/internal/apps/envoy/plugin.go:721.53,722.18 1 0
github.com/ebogdum/filemanager/internal/apps/envoy/plugin.go:722.18,727.5 1 0
github.com/ebogdum/filemanager/internal/apps/envoy/plugin.go:731.3,731.52 1 0
github.com/ebogdum/filemanager/internal/apps/envoy/plugin.go:731.52,733.33 2 0
github.com/ebogdum/filemanager/internal/apps/envoy/plugin.go:734.13,735.13 1 0
github.com/ebogdum/filemanager/internal/apps/envoy/plugin.go:736.17,737.18 1 0
github.com/ebogdum/filemanager/internal/apps/envoy/plugin.go:739.4,739.32 1 0
github.com/ebogdum/filemanager/internal/apps/envoy/plugin.go:739.32,744.5 1 0
github.com/ebogdum/filemanager/internal/apps/envoy/plugin.go:748.2,748.54 1 0
github.com/ebogdum/filemanager/internal/apps/envoy/plugin.go:748.54,749.48 1 0
github.com/ebogdum/filemanager/internal/apps/envoy/plugin.go:749.48,750.22 1 0
github.com/ebogdum/filemanager/internal/apps/envoy/plugin.go:750.22,755.5 1 0
github.com/ebogdum/filemanager/internal/apps/envoy/plugin.go:759.2,759.15 1 0
github.com/ebogdum/filemanager/internal/apps/envoy/plugin.go:762.93,766.41 2 0
github.com/ebogdum/filemanager/internal/apps/envoy/plugin.go:766.41,773.33 3 0
github.com/ebogdum/filemanager/internal/apps/envoy/plugin.go:773.33,774.18 1 0
github.com/ebogdum/filemanager/internal/apps/envoy/plugin.go:774.18,776.10 2 0
github.com/ebogdum/filemanager/internal/apps/envoy/plugin.go:779.3,779.13 1 0
github.com/ebogdum/filemanager/internal/apps/envoy/plugin.go:779.13,784.4 1 0
github.com/ebogdum/filemanager/internal/apps/envoy/plugin.go:787.2,787.15 1 0
github.com/ebogdum/filemanager/internal/apps/envoy/plugin.go:791.81,793.9 2 0
github.com/ebogdum/filemanager/internal/apps/envoy/plugin.go:793.9,795.3 1 0
github.com/ebogdum/filemanager/internal/apps/envoy/plugin.go:797.2,801.20 5 0
github.com/ebogdum/filemanager/internal/apps/envoy/plugin.go:804.87,806.73 2 0
github.com/ebogdum/filemanager/internal/apps/envoy/plugin.go:806.73,808.3 1 0
github.com/ebogdum/filemanager/internal/apps/envoy/plugin.go:810.2,811.29 2 0
github.com/ebogdum/filemanager/internal/apps/envoy/plugin.go:811.29,813.3 1 0
github.com/ebogdum/filemanager/internal/apps/envoy/plugin.go:815.2,818.4 1 0
github.com/ebogdum/filemanager/internal/apps/envoy/plugin.go:821.56,822.79 1 0
github.com/ebogdum/filemanager/internal/apps/envoy/plugin.go:822.79,824.3 1 0
github.com/ebogdum/filemanager/internal/apps/envoy/plugin.go:825.2,825.76 1 0
github.com/ebogdum/filemanager/internal/apps/envoy/plugin.go:825.76,827.3 1 0
github.com/ebogdum/filemanager/internal/apps/envoy/plugin.go:828.2,828.14 1 0
github.com/ebogdum/filemanager/internal/apps/envoy/plugin.go:831.100,833.9 2 0
github.com/ebogdum/filemanager/internal/apps/envoy/plugin.go:833.9,835.3 1 0
github.com/ebogdum/filemanager/internal/apps/envoy/plugin.go:837.2,839.9 3 0
github.com/ebogdum/filemanager/internal/apps/envoy/plugin.go:839.9,841.3 1 0
github.com/ebogdum/filemanager/internal/apps/envoy/plugin.go:843.2,844.37 2 0
github.com/ebogdum/filemanager/internal/apps/envoy/plugin.go:844.37,846.3 1 0
github.com/ebogdum/filemanager/internal/apps/envoy/plugin.go:847.2,847.15 1 0
github.com/ebogdum/filemanager/internal/apps/envoy/plugin.go:850.64,853.9 3 0
github.com/ebogdum/filemanager/internal/apps/envoy/plugin.go:853.9,855.3 1 0
github.com/ebogdum/filemanager/internal/apps/envoy/plugin.go:857.2,857.35 1 0
github.com/ebogdum/filemanager/internal/apps/envoy/plugin.go:857.35,859.10 2 0
github.com/ebogdum/filemanager/internal/apps/envoy/plugin.go:859.10,860.12 1 0
github.com/ebogdum/filemanager/internal/apps/envoy/plugin.go:862.3,863.9 2 0
github.com/ebogdum/filemanager/internal/apps/envoy/plugin.go:863.9,865.4 1 0
github.com/ebogdum/filemanager/internal/apps/envoy/plugin.go:867.2,867.21 1 0
github.com/ebogdum/filemanager/internal/apps/envoy/plugin.go:870.122,872.9 2 0
github.com/ebogdum/filemanager/internal/apps/envoy/plugin.go:872.9,874.3 1 0
github.com/ebogdum/filemanager/internal/apps/envoy/plugin.go:876.2,877.9 2 0
github.com/ebogdum/filemanager/internal/apps/envoy/plugin.go:877.9,879.3 1 0
github.com/ebogdum/filemanager/internal/apps/envoy/plugin.go:881.2,882.43 2 0
github.com/ebogdum/filemanager/internal/apps/envoy/plugin.go:882.43,884.3 1 0
github.com/ebogdum/filemanager/internal/apps/envoy/plugin.go:885.2,885.15 1 0
github.com/ebogdum/filemanager/internal/apps/envoy/plugin.go:888.128,890.9 2 0
github.com/ebogdum/filemanager/internal/apps/envoy/plugin.go:890.9,892.3 1 0
github.com/ebogdum/filemanager/internal/apps/envoy/plugin.go:894.2,895.9 2 0
github.com/ebogdum/filemanager/internal/apps/envoy/plugin.go:895.9,897.3 1 0
github.com/ebogdum/filemanager/internal/apps/envoy/plugin.go:899.2,900.33 2 0
github.com/ebogdum/filemanager/internal/apps/envoy/plugin.go:900.33,902.3 1 0
github.com/ebogdum/filemanager/internal/apps/envoy/plugin.go:903.2,903.15 1 0
github.com/ebogdum/filemanager/internal/apps/envoy/plugin.go:906.118,908.9 2 0
github.com/ebogdum/filemanager/internal/apps/envoy/plugin.go:908.9,910.3 1 0
github.com/ebogdum/filemanager/internal/apps/envoy/plugin.go:912.2,913.9 2 0
github.com/ebogdum/filemanager/internal/apps/envoy/plugin.go:913.9,915.3 1 0
github.com/ebogdum/filemanager/internal/apps/envoy/plugin.go:917.2,918.9 2 0
github.com/ebogdum/filemanager/internal/apps/envoy/plugin.go:918.9,920.3 1 0
github.com/ebogdum/filemanager/internal/apps/envoy/plugin.go:922.2,923.9 2 0
github.com/ebogdum/filemanager/internal/apps/envoy/plugin.go:923.9,925.3 1 0
github.com/ebogdum/filemanager/internal/apps/envoy/plugin.go:927.2,928.43 2 0
github.com/ebogdum/filemanager/internal/apps/envoy/plugin.go:928.43,930.3 1 0
github.com/ebogdum/filemanager/internal/apps/envoy/plugin.go:931.2,931.15 1 0
github.com/ebogdum/filemanager/internal/apps/envoy/plugin.go:934.128,936.9 2 0
github.com/ebogdum/filemanager/internal/apps/envoy/plugin.go:936.9,938.3 1 0
github.com/ebogdum/filemanager/internal/apps/envoy/plugin.go:940.2,941.9 2 0
github.com/ebogdum/filemanager/internal/apps/envoy/plugin.go:941.9,943.3 1 0
github.com/ebogdum/filemanager/internal/apps/envoy/plugin.go:945.2,946.31 2 0
github.com/ebogdum/filemanager/internal/apps/envoy/plugin.go:946.31,948.3 1 0
github.com/ebogdum/filemanager/internal/apps/envoy/plugin.go:949.2,949.15 1 0
github.com/ebogdum/filemanager/internal/apps/envoy/plugin.go:952.115,954.9 2 0
github.com/ebogdum/filemanager/internal/apps/envoy/plugin.go:954.9,956.3 1 0
github.com/ebogdum/filemanager/internal/apps/envoy/plugin.go:958.2,959.9 2 0
github.com/ebogdum/filemanager/internal/apps/envoy/plugin.go:959.9,961.3 1 0
github.com/ebogdum/filemanager/internal/apps/envoy/plugin.go:963.2,964.34 2 0
github.com/ebogdum/filemanager/internal/apps/envoy/plugin.go:964.34,966.3 1 0
github.com/ebogdum/filemanager/internal/apps/envoy/plugin.go:968.2,971.4 1 0
github.com/ebogdum/filemanager/internal/apps/envoy/plugin.go:974.83,976.9 2 0
github.com/ebogdum/filemanager/internal/apps/envoy/plugin.go:976.9,978.3 1 0
github.com/ebogdum/filemanager/internal/apps/envoy/plugin.go:980.2,981.9 2 0
github.com/ebogdum/filemanager/internal/apps/envoy/plugin.go:981.9,983.3 1 0
github.com/ebogdum/filemanager/internal/apps/envoy/plugin.go:985.2,986.9 2 0
github.com/ebogdum/filemanager/internal/apps/envoy/plugin.go:986.9,988.3 1 0
github.com/ebogdum/filemanager/internal/apps/envoy/plugin.go:990.2,991.30 2 0
github.com/ebogdum/filemanager/internal/apps/envoy/plugin.go:991.30,993.3 1 0
github.com/ebogdum/filemanager/internal/apps/envoy/plugin.go:995.2,998.4 1 0
github.com/ebogdum/filemanager/internal/apps/envoy/plugin.go:1002.53,1005.2 1 0
github.com/ebogdum/filemanager/internal/apps/envoy/plugin.go:1008.55,1010.2 1 0
github.com/ebogdum/filemanager/internal/apps/envoy/plugin.go:1013.55,1015.54 2 0
github.com/ebogdum/filemanager/internal/apps/envoy/plugin.go:1015.54,1017.3 1 0
github.com/ebogdum/filemanager/internal/apps/envoy/plugin.go:1018.2,1018.20 1 0
github.com/ebogdum/filemanager/internal/apps/envoy/plugin.go:1022.56,1024.2 1 0
github.com/ebogdum/filemanager/internal/apps/envoy/plugin.go:1027.62,1029.2 1 0
github.com/ebogdum/filemanager/internal/apps/envoy/plugin.go:1033.50,1034.70 1 0
github.com/ebogdum/filemanager/internal/apps/envoy/plugin.go:1034.70,1038.3 3 0
github.com/ebogdum/filemanager/internal/apps/envoy/plugin.go:1039.2,1039.54 1 0
github.com/ebogdum/filemanager/internal/apps/envoy/plugin.go:1039.54,1040.44 1 0
github.com/ebogdum/filemanager/internal/apps/envoy/plugin.go:1040.44,1042.4 1 0
github.com/ebogdum/filemanager/internal/apps/envoy/plugin.go:1044.2,1044.11 1 0
github.com/ebogdum/filemanager/internal/apps/envoy/plugin.go:1047.42,1064.34 2 0
github.com/ebogdum/filemanager/internal/apps/envoy/plugin.go:1064.34,1065.17 1 0
github.com/ebogdum/filemanager/internal/apps/envoy/plugin.go:1065.17,1067.4 1 0
github.com/ebogdum/filemanager/internal/apps/envoy/plugin.go:1070.2,1070.42 1 0
github.com/ebogdum/filemanager/internal/apps/envoy/plugin.go:1073.42,1076.2 1 0
github.com/ebogdum/filemanager/internal/apps/envoy/plugin.go:1078.37,1082.2 2 0
github.com/ebogdum/filemanager/internal/apps/envoy/plugin.go:1084.57,1085.31 1 0
github.com/ebogdum/filemanager/internal/apps/envoy/plugin.go:1085.31,1086.22 1 0
github.com/ebogdum/filemanager/internal/apps/envoy/plugin.go:1086.22,1088.4 1 0
github.com/ebogdum/filemanager/internal/apps/envoy/plugin.go:1090.2,1090.14 1 0
github.com/ebogdum/filemanager/internal/apps/haproxy/plugin.go:21.20,23.2 1 0
github.com/ebogdum/filemanager/internal/apps/haproxy/plugin.go:29.32,31.2 1 0
github.com/ebogdum/filemanager/internal/apps/haproxy/plugin.go:34.35,36.2 1 0
github.com/ebogdum/filemanager/internal/apps/haproxy/plugin.go:39.39,41.2 1 0
github.com/ebogdum/filemanager/internal/apps/haproxy/plugin.go:44.40,46.2 1 0
github.com/ebogdum/filemanager/internal/apps/haproxy/plugin.go:49.44,88.2 1 0
github.com/ebogdum/filemanager/internal/apps/haproxy/plugin.go:91.38,116.2 1 0
github.com/ebogdum/filemanager/internal/apps/haproxy/plugin.go:119.73,123.9 3 0
github.com/ebogdum/filemanager/internal/apps/haproxy/plugin.go:123.9,125.3 1 0
github.com/ebogdum/filemanager/internal/apps/haproxy/plugin.go:128.2,128.60 1 0
github.com/ebogdum/filemanager/internal/apps/haproxy/plugin.go:128.60,130.3 1 0
github.com/ebogdum/filemanager/internal/apps/haproxy/plugin.go:130.8,135.3 1 0
github.com/ebogdum/filemanager/internal/apps/haproxy/plugin.go:138.2,138.64 1 0
github.com/ebogdum/filemanager/internal/apps/haproxy/plugin.go:138.64,140.3 1 0
github.com/ebogdum/filemanager/internal/apps/haproxy/plugin.go:143.2,143.56 1 0
github.com/ebogdum/filemanager/internal/apps/haproxy/plugin.go:143.56,145.3 1 0
github.com/ebogdum/filemanager/internal/apps/haproxy/plugin.go:148.2,148.54 1 0
github.com/ebogdum/filemanager/internal/apps/haproxy/plugin.go:148.54,150.3 1 0
github.com/ebogdum/filemanager/internal/apps/haproxy/plugin.go:153.2,153.51 1 0
github.com/ebogdum/filemanager/internal/apps/haproxy/plugin.go:153.51,155.3 1 0
github.com/ebogdum/filemanager/internal/apps/haproxy/plugin.go:157.2,157.20 1 0
github.com/ebogdum/filemanager/internal/apps/haproxy/plugin.go:160.81,164.42 2 0
github.com/ebogdum/filemanager/internal/apps/haproxy/plugin.go:164.42,166.30 2 0
github.com/ebogdum/filemanager/internal/apps/haproxy/plugin.go:167.12,168.12 1 0
github.com/ebogdum/filemanager/internal/apps/haproxy/plugin.go:169.16,170.17 1 0
github.com/ebogdum/filemanager/internal/apps/haproxy/plugin.go:172.3,172.16 1 0
github.com/ebogdum/filemanager/internal/apps/haproxy/plugin.go:172.16,177.4 1 0
github.com/ebogdum/filemanager/internal/apps/haproxy/plugin.go:181.2,181.40 1 0
github.com/ebogdum/filemanager/internal/apps/haproxy/plugin.go:181.40,183.29 2 0
github.com/ebogdum/filemanager/internal/apps/haproxy/plugin.go:184.12,185.13 1 0
github.com/ebogdum/filemanager/internal/apps/haproxy/plugin.go:186.16,187.18 1 0
github.com/ebogdum/filemanager/internal/apps/haproxy/plugin.go:189.3,189.16 1 0
github.com/ebogdum/filemanager/internal/apps/haproxy/plugin.go:189.16,194.4 1 0
github.com/ebogdum/filemanager/internal/apps/haproxy/plugin.go:196.3,199.5 1 0
github.com/ebogdum/filemanager/internal/apps/haproxy/plugin.go:203.2,203.68 1 0
github.com/ebogdum/filemanager/internal/apps/haproxy/plugin.go:203.68,204.86 1 0
github.com/ebogdum/filemanager/internal/apps/haproxy/plugin.go:204.87,206.4 0 0
github.com/ebogdum/filemanager/internal/apps/haproxy/plugin.go:206.9,211.4 1 0
github.com/ebogdum/filemanager/internal/apps/haproxy/plugin.go:214.2,214.15 1 0
github.com/ebogdum/filemanager/internal/apps/haproxy/plugin.go:217.85,221.47 2 0
github.com/ebogdum/filemanager/internal/apps/haproxy/plugin.go:221.47,224.33 3 0
github.com/ebogdum/filemanager/internal/apps/haproxy/plugin.go:224.33,225.18 1 0
github.com/ebogdum/filemanager/internal/apps/haproxy/plugin.go:225.18,227.10 2 0
github.com/ebogdum/filemanager/internal/apps/haproxy/plugin.go:230.3,230.13 1 0
github.com/ebogdum/filemanager/internal/apps/haproxy/plugin.go:230.13,235.4 1 0
github.com/ebogdum/filemanager/internal/apps/haproxy/plugin.go:239.2,239.61 1 0
github.com/ebogdum/filemanager/internal/apps/haproxy/plugin.go:239.61,240.36 1 0
github.com/ebogdum/filemanager/internal/apps/haproxy/plugin.go:240.36,241.40 1 0
github.com/ebogdum/filemanager/internal/apps/haproxy/plugin.go:241.40,242.32 1 0
github.com/ebogdum/filemanager/internal/apps/haproxy/plugin.go:242.32,247.6 1 0
github.com/ebogdum/filemanager/internal/apps/haproxy/plugin.go:252.3,253.39 2 0
github.com/ebogdum/filemanager/internal/apps/haproxy/plugin.go:253.39,254.33 1 0
github.com/ebogdum/filemanager/internal/apps/haproxy/plugin.go:254.33,259.5 1 0
github.com/ebogdum/filemanager/internal/apps/haproxy/plugin.go:264.2,264.53 1 0
github.com/ebogdum/filemanager/internal/apps/haproxy/plugin.go:264.53,266.3 1 0
github.com/ebogdum/filemanager/internal/apps/haproxy/plugin.go:268.2,268.15 1 0
github.com/ebogdum/filemanager/internal/apps/haproxy/plugin.go:271.78,276.37 4 0
github.com/ebogdum/filemanager/internal/apps/haproxy/plugin.go:276.37,278.10 2 0
github.com/ebogdum/filemanager/internal/apps/haproxy/plugin.go:278.10,283.12 2 0
github.com/ebogdum/filemanager/internal/apps/haproxy/plugin.go:286.3,290.63 5 0
github.com/ebogdum/filemanager/internal/apps/haproxy/plugin.go:293.2,293.15 1 0
github.com/ebogdum/filemanager/internal/apps/haproxy/plugin.go:296.76,300.35 3 0
github.com/ebogdum/filemanager/internal/apps/haproxy/plugin.go:300.35,302.10 2 0
github.com/ebogdum/filemanager/internal/apps/haproxy/plugin.go:302.10,307.12 2 0
github.com/ebogdum/filemanager/internal/apps/haproxy/plugin.go:311.3,312.24 2 0
github.com/ebogdum/filemanager/internal/apps/haproxy/plugin.go:312.24,317.4 1 0
github.com/ebogdum/filemanager/internal/apps/haproxy/plugin.go:317.9,318.23 1 0
github.com/ebogdum/filemanager/internal/apps/haproxy/plugin.go:318.23,323.5 1 0
github.com/ebogdum/filemanager/internal/apps/haproxy/plugin.go:324.4,324.26 1 0
github.com/ebogdum/filemanager/internal/apps/haproxy/plugin.go:328.3,328.51 1 0
github.com/ebogdum/filemanager/internal/apps/haproxy/plugin.go:328.51,330.4 1 0
github.com/ebogdum/filemanager/internal/apps/haproxy/plugin.go:333.3,333.49 1 0
github.com/ebogdum/filemanager/internal/apps/haproxy/plugin.go:333.49,335.4 1 0
github.com/ebogdum/filemanager/internal/apps/haproxy/plugin.go:335.9,340.4 1 0
github.com/ebogdum/filemanager/internal/apps/haproxy/plugin.go:343.3,343.35 1 0
github.com/ebogdum/filemanager/internal/apps/haproxy/plugin.go:343.36,345.4 0 0
github.com/ebogdum/filemanager/internal/apps/haproxy/plugin.go:345.9,350.4 1 0
github.com/ebogdum/filemanager/internal/apps/haproxy/plugin.go:353.2,353.15 1 0
github.com/ebogdum/filemanager/internal/apps/haproxy/plugin.go:356.80,360.33 3 0
github.com/ebogdum/filemanager/internal/apps/haproxy/plugin.go:360.33,362.10 2 0
github.com/ebogdum/filemanager/internal/apps/haproxy/plugin.go:362.10,367.12 2 0
github.com/ebogdum/filemanager/internal/apps/haproxy/plugin.go:371.3,372.24 2 0
github.com/ebogdum/filemanager/internal/apps/haproxy/plugin.go:372.24,377.4 1 0
github.com/ebogdum/filemanager/internal/apps/haproxy/plugin.go:377.9,378.23 1 0
github.com/ebogdum/filemanager/internal/apps/haproxy/plugin.go:378.23,383.5 1 0
github.com/ebogdum/filemanager/internal/apps/haproxy/plugin.go:384.4,384.26 1 0
github.com/ebogdum/filemanager/internal/apps/haproxy/plugin.go:388.3,388.38 1 0
github.com/ebogdum/filemanager/internal/apps/haproxy/plugin.go:388.38,393.4 1 0
github.com/ebogdum/filemanager/internal/apps/haproxy/plugin.go:396.3,396.53 1 0
github.com/ebogdum/filemanager/internal/apps/haproxy/plugin.go:396.53,398.4 1 0
github.com/ebogdum/filemanager/internal/apps/haproxy/plugin.go:401.2,401.15 1 0
github.com/ebogdum/filemanager/internal/apps/haproxy/plugin.go:404.97,409.21 3 0
github.com/ebogdum/filemanager/internal/apps/haproxy/plugin.go:409.21,411.3 1 0
github.com/ebogdum/filemanager/internal/apps/haproxy/plugin.go:413.2,421.37 4 0
github.com/ebogdum/filemanager/internal/apps/haproxy/plugin.go:421.37,422.22 1 0
github.com/ebogdum/filemanager/internal/apps/haproxy/plugin.go:422.22,424.9 2 0
github.com/ebogdum/filemanager/internal/apps/haproxy/plugin.go:428.2,428.12 1 0
github.com/ebogdum/filemanager/internal/apps/haproxy/plugin.go:428.12,433.3 1 0
github.com/ebogdum/filemanager/internal/apps/haproxy/plugin.go:435.2,435.15 1 0
github.com/ebogdum/filemanager/internal/apps/haproxy/plugin.go:438.93,442.33 3 0
github.com/ebogdum/filemanager/internal/apps/haproxy/plugin.go:442.33,444.3 1 0
github.com/ebogdum/filemanager/internal/apps/haproxy/plugin.go:446.2,446.15 1 0
github.com/ebogdum/filemanager/internal/apps/haproxy/plugin.go:449.112,452.23 3 0
github.com/ebogdum/filemanager/internal/apps/haproxy/plugin.go:452.23,457.3 1 0
github.com/ebogdum/filemanager/internal/apps/haproxy/plugin.go:459.2,459.21 1 0
github.com/ebogdum/filemanager/internal/apps/haproxy/plugin.go:459.21,464.3 1 0
github.com/ebogdum/filemanager/internal/apps/haproxy/plugin.go:466.2,467.12 2 0
github.com/ebogdum/filemanager/internal/apps/haproxy/plugin.go:470.112,471.44 1 0
github.com/ebogdum/filemanager/internal/apps/haproxy/plugin.go:471.44,473.3 1 0
github.com/ebogdum/filemanager/internal/apps/haproxy/plugin.go:475.2,475.44 1 0
github.com/ebogdum/filemanager/internal/apps/haproxy/plugin.go:475.44,477.3 1 0
github.com/ebogdum/filemanager/internal/apps/haproxy/plugin.go:479.2,482.4 1 0
github.com/ebogdum/filemanager/internal/apps/haproxy/plugin.go:485.109,489.24 3 0
github.com/ebogdum/filemanager/internal/apps/haproxy/plugin.go:489.24,494.3 1 0
github.com/ebogdum/filemanager/internal/apps/haproxy/plugin.go:495.2,495.21 1 0
github.com/ebogdum/filemanager/internal/apps/haproxy/plugin.go:495.21,500.3 1 0
github.com/ebogdum/filemanager/internal/apps/haproxy/plugin.go:501.2,502.15 2 0
github.com/ebogdum/filemanager/internal/apps/haproxy/plugin.go:505.80,507.29 2 0
github.com/ebogdum/filemanager/internal/apps/haproxy/plugin.go:507.29,509.34 2 0
github.com/ebogdum/filemanager/internal/apps/haproxy/plugin.go:509.34,510.12 1 0
github.com/ebogdum/filemanager/internal/apps/haproxy/plugin.go:512.3,515.5 1 0
github.com/ebogdum/filemanager/internal/apps/haproxy/plugin.go:517.2,517.15 1 0
github.com/ebogdum/filemanager/internal/apps/haproxy/plugin.go:520.95,521.73 1 0
github.com/ebogdum/filemanager/internal/apps/haproxy/plugin.go:521.73,523.3 1 0
github.com/ebogdum/filemanager/internal/apps/haproxy/plugin.go:524.2,524.61 1 0
github.com/ebogdum/filemanager/internal/apps/haproxy/plugin.go:524.61,526.3 1 0
github.com/ebogdum/filemanager/internal/apps/haproxy/plugin.go:528.2,531.4 1 0
github.com/ebogdum/filemanager/internal/apps/haproxy/plugin.go:534.85,536.9 2 0
github.com/ebogdum/filemanager/internal/apps/haproxy/plugin.go:536.9,538.3 1 0
github.com/ebogdum/filemanager/internal/apps/haproxy/plugin.go:540.2,541.39 2 0
github.com/ebogdum/filemanager/internal/apps/haproxy/plugin.go:541.39,542.24 1 0
github.com/ebogdum/filemanager/internal/apps/haproxy/plugin.go:542.24,544.4 1 0
github.com/ebogdum/filemanager/internal/apps/haproxy/plugin.go:547.2,550.4 1 0
github.com/ebogdum/filemanager/internal/apps/haproxy/plugin.go:553.97,555.9 2 0
github.com/ebogdum/filemanager/internal/apps/haproxy/plugin.go:555.9,557.3 1 0
github.com/ebogdum/filemanager/internal/apps/haproxy/plugin.go:558.2,558.65 1 0
github.com/ebogdum/filemanager/internal/apps/haproxy/plugin.go:561.120,563.9 2 0
github.com/ebogdum/filemanager/internal/apps/haproxy/plugin.go:563.9,564.76 1 0
github.com/ebogdum/filemanager/internal/apps/haproxy/plugin.go:564.76,569.4 1 0
github.com/ebogdum/filemanager/internal/apps/haproxy/plugin.go:570.3,570.13 1 0
github.com/ebogdum/filemanager/internal/apps/haproxy/plugin.go:573.2,577.15 5 0
github.com/ebogdum/filemanager/internal/apps/haproxy/plugin.go:580.133,583.23 3 0
github.com/ebogdum/filemanager/internal/apps/haproxy/plugin.go:583.23,588.3 1 0
github.com/ebogdum/filemanager/internal/apps/haproxy/plugin.go:590.2,590.21 1 0
github.com/ebogdum/filemanager/internal/apps/haproxy/plugin.go:590.21,595.3 1 0
github.com/ebogdum/filemanager/internal/apps/haproxy/plugin.go:597.2,598.12 2 0
github.com/ebogdum/filemanager/internal/apps/haproxy/plugin.go:601.109,604.9 3 0
github.com/ebogdum/filemanager/internal/apps/haproxy/plugin.go:604.9,609.3 1 0
github.com/ebogdum/filemanager/internal/apps/haproxy/plugin.go:610.2,610.35 1 0
github.com/ebogdum/filemanager/internal/apps/haproxy/plugin.go:610.35,612.3 1 0
github.com/ebogdum/filemanager/internal/apps/haproxy/plugin.go:613.2,616.4 1 0
github.com/ebogdum/filemanager/internal/apps/haproxy/plugin.go:619.108,621.9 2 0
github.com/ebogdum/filemanager/internal/apps/haproxy/plugin.go:621.9,623.3 1 0
github.com/ebogdum/filemanager/internal/apps/haproxy/plugin.go:625.2,626.9 2 0
github.com/ebogdum/filemanager/internal/apps/haproxy/plugin.go:626.9,628.3 1 0
github.com/ebogdum/filemanager/internal/apps/haproxy/plugin.go:629.2,629.24 1 0
github.com/ebogdum/filemanager/internal/apps/haproxy/plugin.go:629.24,631.3 1 0
github.com/ebogdum/filemanager/internal/apps/haproxy/plugin.go:633.2,636.4 1 0
github.com/ebogdum/filemanager/internal/apps/haproxy/plugin.go:639.87,643.27 3 0
github.com/ebogdum/filemanager/internal/apps/haproxy/plugin.go:643.27,645.10 2 0
github.com/ebogdum/filemanager/internal/apps/haproxy/plugin.go:645.10,646.12 1 0
github.com/ebogdum/filemanager/internal/apps/haproxy/plugin.go:650.3,651.24 2 0
github.com/ebogdum/filemanager/internal/apps/haproxy/plugin.go:651.24,656.4 1 0
github.com/ebogdum/filemanager/internal/apps/haproxy/plugin.go:656.9,657.23 1 0
github.com/ebogdum/filemanager/internal/apps/haproxy/plugin.go:657.23,662.5 1 0
github.com/ebogdum/filemanager/internal/apps/haproxy/plugin.go:663.4,663.26 1 0
github.com/ebogdum/filemanager/internal/apps/haproxy/plugin.go:667.3,667.49 1 0
github.com/ebogdum/filemanager/internal/apps/haproxy/plugin.go:667.49,672.4 1 0
github.com/ebogdum/filemanager/internal/apps/haproxy/plugin.go:675.2,675.15 1 0
github.com/ebogdum/filemanager/internal/apps/haproxy/plugin.go:679.81,681.9 2 0
github.com/ebogdum/filemanager/internal/apps/haproxy/plugin.go:681.9,683.3 1 0
github.com/ebogdum/filemanager/internal/apps/haproxy/plugin.go:685.2,690.20 5 0
github.com/ebogdum/filemanager/internal/apps/haproxy/plugin.go:693.68,697.8 3 0
github.com/ebogdum/filemanager/internal/apps/haproxy/plugin.go:697.8,698.36 1 0
github.com/ebogdum/filemanager/internal/apps/haproxy/plugin.go:698.36,699.54 1 0
github.com/ebogdum/filemanager/internal/apps/haproxy/plugin.go:699.54,700.52 1 0
github.com/ebogdum/filemanager/internal/apps/haproxy/plugin.go:700.52,702.6 1 0
github.com/ebogdum/filemanager/internal/apps/haproxy/plugin.go:707.2,708.8 2 0
github.com/ebogdum/filemanager/internal/apps/haproxy/plugin.go:708.8,709.42 1 0
github.com/ebogdum/filemanager/internal/apps/haproxy/plugin.go:709.42,710.53 1 0
github.com/ebogdum/filemanager/internal/apps/haproxy/plugin.go:710.53,711.51 1 0
github.com/ebogdum/filemanager/internal/apps/haproxy/plugin.go:711.51,713.6 1 0
github.com/ebogdum/filemanager/internal/apps/haproxy/plugin.go:718.2,718.21 1 0
github.com/ebogdum/filemanager/internal/apps/haproxy/plugin.go:721.121,723.9 2 0
github.com/ebogdum/filemanager/internal/apps/haproxy/plugin.go:723.9,725.3 1 0
github.com/ebogdum/filemanager/internal/apps/haproxy/plugin.go:727.2,728.37 2 0
github.com/ebogdum/filemanager/internal/apps/haproxy/plugin.go:728.37,730.10 2 0
github.com/ebogdum/filemanager/internal/apps/haproxy/plugin.go:730.10,731.12 1 0
github.com/ebogdum/filemanager/internal/apps/haproxy/plugin.go:733.3,734.91 2 0
github.com/ebogdum/filemanager/internal/apps/haproxy/plugin.go:736.2,736.15 1 0
github.com/ebogdum/filemanager/internal/apps/haproxy/plugin.go:739.134,741.41 2 0
github.com/ebogdum/filemanager/internal/apps/haproxy/plugin.go:741.41,743.3 1 0
github.com/ebogdum/filemanager/internal/apps/haproxy/plugin.go:745.2,748.4 1 0
github.com/ebogdum/filemanager/internal/apps/haproxy/plugin.go:751.131,753.9 2 0
github.com/ebogdum/filemanager/internal/apps/haproxy/plugin.go:753.9,755.3 1 0
github.com/ebogdum/filemanager/internal/apps/haproxy/plugin.go:757.2,758.41 2 0
github.com/ebogdum/filemanager/internal/apps/haproxy/plugin.go:758.41,760.10 2 0
github.com/ebogdum/filemanager/internal/apps/haproxy/plugin.go:760.10,761.12 1 0
github.com/ebogdum/filemanager/internal/apps/haproxy/plugin.go:763.3,764.35 2 0
github.com/ebogdum/filemanager/internal/apps/haproxy/plugin.go:764.35,765.12 1 0
github.com/ebogdum/filemanager/internal/apps/haproxy/plugin.go:767.3,770.5 1 0
github.com/ebogdum/filemanager/internal/apps/haproxy/plugin.go:772.2,772.15 1 0
github.com/ebogdum/filemanager/internal/apps/haproxy/plugin.go:775.87,777.9 2 0
github.com/ebogdum/filemanager/internal/apps/haproxy/plugin.go:777.9,779.3 1 0
github.com/ebogdum/filemanager/internal/apps/haproxy/plugin.go:781.2,782.63 2 0
github.com/ebogdum/filemanager/internal/apps/haproxy/plugin.go:782.63,787.3 1 0
github.com/ebogdum/filemanager/internal/apps/haproxy/plugin.go:789.2,790.9 2 0
github.com/ebogdum/filemanager/internal/apps/haproxy/plugin.go:790.9,792.3 1 0
github.com/ebogdum/filemanager/internal/apps/haproxy/plugin.go:794.2,795.46 2 0
github.com/ebogdum/filemanager/internal/apps/haproxy/plugin.go:795.46,800.3 1 0
github.com/ebogdum/filemanager/internal/apps/haproxy/plugin.go:802.2,802.15 1 0
github.com/ebogdum/filemanager/internal/apps/haproxy/plugin.go:806.53,809.2 1 0
github.com/ebogdum/filemanager/internal/apps/haproxy/plugin.go:812.55,814.9 2 0
github.com/ebogdum/filemanager/internal/apps/haproxy/plugin.go:814.9,816.3 1 0
github.com/ebogdum/filemanager/internal/apps/haproxy/plugin.go:818.2,821.60 2 0
github.com/ebogdum/filemanager/internal/apps/haproxy/plugin.go:821.60,825.3 3 0
github.com/ebogdum/filemanager/internal/apps/haproxy/plugin.go:828.2,828.64 1 0
github.com/ebogdum/filemanager/internal/apps/haproxy/plugin.go:828.64,832.3 3 0
github.com/ebogdum/filemanager/internal/apps/haproxy/plugin.go:835.2,835.56 1 0
github.com/ebogdum/filemanager/internal/apps/haproxy/plugin.go:835.56,836.38 1 0
github.com/ebogdum/filemanager/internal/apps/haproxy/plugin.go:836.38,837.50 1 0
github.com/ebogdum/filemanager/internal/apps/haproxy/plugin.go:837.50,842.5 4 0
github.com/ebogdum/filemanager/internal/apps/haproxy/plugin.go:847.2,847.54 1 0
github.com/ebogdum/filemanager/internal/apps/haproxy/plugin.go:847.54,848.36 1 0
github.com/ebogdum/filemanager/internal/apps/haproxy/plugin.go:848.36,849.49 1 0
github.com/ebogdum/filemanager/internal/apps/haproxy/plugin.go:849.49,854.5 4 0
github.com/ebogdum/filemanager/internal/apps/haproxy/plugin.go:859.2,859.51 1 0
github.com/ebogdum/filemanager/internal/apps/haproxy/plugin.go:859.51,860.34 1 0
github.com/ebogdum/filemanager/internal/apps/haproxy/plugin.go:860.34,861.53 1 0
github.com/ebogdum/filemanager/internal/apps/haproxy/plugin.go:861.53,866.5 4 0
github.com/ebogdum/filemanager/internal/apps/haproxy/plugin.go:870.2,870.33 1 0
github.com/ebogdum/filemanager/internal/apps/haproxy/plugin.go:873.76,876.34 2 0
github.com/ebogdum/filemanager/internal/apps/haproxy/plugin.go:876.34,877.20 1 0
github.com/ebogdum/filemanager/internal/apps/haproxy/plugin.go:877.20,878.12 1 0
github.com/ebogdum/filemanager/internal/apps/haproxy/plugin.go:880.3,880.44 1 0
github.com/ebogdum/filemanager/internal/apps/haproxy/plugin.go:884.76,885.27 1 0
github.com/ebogdum/filemanager/internal/apps/haproxy/plugin.go:886.14,887.59 1 0
github.com/ebogdum/filemanager/internal/apps/haproxy/plugin.go:888.12,889.8 1 0
github.com/ebogdum/filemanager/internal/apps/haproxy/plugin.go:889.8,891.4 1 0
github.com/ebogdum/filemanager/internal/apps/haproxy/plugin.go:892.20,893.59 1 0
github.com/ebogdum/filemanager/internal/apps/haproxy/plugin.go:894.13,895.39 1 0
github.com/ebogdum/filemanager/internal/apps/haproxy/plugin.go:896.22,897.38 1 0
github.com/ebogdum/filemanager/internal/apps/haproxy/plugin.go:901.77,902.29 1 0
github.com/ebogdum/filemanager/internal/apps/haproxy/plugin.go:902.29,904.3 1 0
github.com/ebogdum/filemanager/internal/apps/haproxy/plugin.go:907.78,908.34 1 0
github.com/ebogdum/filemanager/internal/apps/haproxy/plugin.go:909.14,910.67 1 0
github.com/ebogdum/filemanager/internal/apps/haproxy/plugin.go:911.22,912.22 1 0
github.com/ebogdum/filemanager/internal/apps/haproxy/plugin.go:912.22,914.4 1 0
github.com/ebogdum/filemanager/internal/apps/haproxy/plugin.go:918.88,921.29 3 0
github.com/ebogdum/filemanager/internal/apps/haproxy/plugin.go:921.29,923.3 1 0
github.com/ebogdum/filemanager/internal/apps/haproxy/plugin.go:925.2,926.54 2 0
github.com/ebogdum/filemanager/internal/apps/haproxy/plugin.go:926.54,928.3 1 0
github.com/ebogdum/filemanager/internal/apps/haproxy/plugin.go:929.2,929.40 1 0
github.com/ebogdum/filemanager/internal/apps/haproxy/plugin.go:929.40,931.3 1 0
github.com/ebogdum/filemanager/internal/apps/haproxy/plugin.go:932.2,932.29 1 0
github.com/ebogdum/filemanager/internal/apps/haproxy/plugin.go:935.86,936.13 1 0
github.com/ebogdum/filemanager/internal/apps/haproxy/plugin.go:937.17,938.54 1 0
github.com/ebogdum/filemanager/internal/apps/haproxy/plugin.go:939.16,940.42 1 0
github.com/ebogdum/filemanager/internal/apps/haproxy/plugin.go:941.15,942.52 1 0
github.com/ebogdum/filemanager/internal/apps/haproxy/plugin.go:943.10,944.50 1 0
github.com/ebogdum/filemanager/internal/apps/haproxy/plugin.go:948.97,949.45 1 0
github.com/ebogdum/filemanager/internal/apps/haproxy/plugin.go:949.45,951.3 1 0
github.com/ebogdum/filemanager/internal/apps/haproxy/plugin.go:954.85,955.45 1 0
github.com/ebogdum/filemanager/internal/apps/haproxy/plugin.go:955.45,956.63 1 0
github.com/ebogdum/filemanager/internal/apps/haproxy/plugin.go:956.63,958.12 2 0
github.com/ebogdum/filemanager/internal/apps/haproxy/plugin.go:960.3,960.82 1 0
github.com/ebogdum/filemanager/internal/apps/haproxy/plugin.go:964.93,965.45 1 0
github.com/ebogdum/filemanager/internal/apps/haproxy/plugin.go:965.45,967.3 1 0
github.com/ebogdum/filemanager/internal/apps/haproxy/plugin.go:971.55,981.32 9 0
github.com/ebogdum/filemanager/internal/apps/haproxy/plugin.go:981.32,983.34 2 0
github.com/ebogdum/filemanager/internal/apps/haproxy/plugin.go:983.34,984.12 1 0
github.com/ebogdum/filemanager/internal/apps/haproxy/plugin.go:987.3,988.15 2 0
github.com/ebogdum/filemanager/internal/apps/haproxy/plugin.go:988.15,991.12 3 0
github.com/ebogdum/filemanager/internal/apps/haproxy/plugin.go:994.3,994.25 1 0
github.com/ebogdum/filemanager/internal/apps/haproxy/plugin.go:994.25,996.4 1 0
github.com/ebogdum/filemanager/internal/apps/haproxy/plugin.go:999.2,1001.20 3 0
github.com/ebogdum/filemanager/internal/apps/haproxy/plugin.go:1004.46,1006.2 1 0
github.com/ebogdum/filemanager/internal/apps/haproxy/plugin.go:1008.84,1009.9 1 0
github.com/ebogdum/filemanager/internal/apps/haproxy/plugin.go:1010.41,1011.28 1 0
github.com/ebogdum/filemanager/internal/apps/haproxy/plugin.go:1012.43,1013.30 1 0
github.com/ebogdum/filemanager/internal/apps/haproxy/plugin.go:1014.44,1015.65 1 0
github.com/ebogdum/filemanager/internal/apps/haproxy/plugin.go:1016.43,1017.63 1 0
github.com/ebogdum/filemanager/internal/apps/haproxy/plugin.go:1018.42,1019.61 1 0
github.com/ebogdum/filemanager/internal/apps/haproxy/plugin.go:1020.10,1021.23 1 0
github.com/ebogdum/filemanager/internal/apps/haproxy/plugin.go:1025.81,1026.17 1 0
github.com/ebogdum/filemanager/internal/apps/haproxy/plugin.go:1027.39,1028.53 1 0
github.com/ebogdum/filemanager/internal/apps/haproxy/plugin.go:1029.10,1030.45 1 0
github.com/ebogdum/filemanager/internal/apps/haproxy/plugin.go:1034.69,1036.21 2 0
github.com/ebogdum/filemanager/internal/apps/haproxy/plugin.go:1036.21,1039.3 2 0
github.com/ebogdum/filemanager/internal/apps/haproxy/plugin.go:1040.2,1040.34 1 0
github.com/ebogdum/filemanager/internal/apps/haproxy/plugin.go:1051.3,1052.48 1 0
github.com/ebogdum/filemanager/internal/apps/haproxy/plugin.go:1052.48,1054.3 1 0
github.com/ebogdum/filemanager/internal/apps/haproxy/plugin.go:1055.2,1055.94 1 0
github.com/ebogdum/filemanager/internal/apps/haproxy/plugin.go:1058.101,1059.24 1 0
github.com/ebogdum/filemanager/internal/apps/haproxy/plugin.go:1059.24,1061.3 1 0
github.com/ebogdum/filemanager/internal/apps/haproxy/plugin.go:1062.2,1062.23 1 0
github.com/ebogdum/filemanager/internal/apps/haproxy/plugin.go:1062.23,1064.3 1 0
github.com/ebogdum/filemanager/internal/apps/haproxy/plugin.go:1065.2,1065.21 1 0
github.com/ebogdum/filemanager/internal/apps/haproxy/plugin.go:1065.21,1067.3 1 0
github.com/ebogdum/filemanager/internal/apps/haproxy/plugin.go:1070.132,1071.17 1 0
github.com/ebogdum/filemanager/internal/apps/haproxy/plugin.go:1072.16,1073.26 1 0
github.com/ebogdum/filemanager/internal/apps/haproxy/plugin.go:1074.18,1075.28 1 0
github.com/ebogdum/filemanager/internal/apps/haproxy/plugin.go:1076.18,1077.40 1 0
github.com/ebogdum/filemanager/internal/apps/haproxy/plugin.go:1078.17,1079.38 1 0
github.com/ebogdum/filemanager/internal/apps/haproxy/plugin.go:1080.16,1081.34 1 0
github.com/ebogdum/filemanager/internal/apps/haproxy/plugin.go:1086.56,1088.2 1 0
github.com/ebogdum/filemanager/internal/apps/haproxy/plugin.go:1091.62,1093.2 1 0
github.com/ebogdum/filemanager/internal/apps/haproxy/plugin.go:1097.42,1101.2 2 0
github.com/ebogdum/filemanager/internal/apps/haproxy/plugin.go:1103.36,1105.38 1 0
github.com/ebogdum/filemanager/internal/apps/haproxy/plugin.go:1105.38,1107.3 1 0
github.com/ebogdum/filemanager/internal/apps/haproxy/plugin.go:1108.2,1108.35 1 0
github.com/ebogdum/filemanager/internal/apps/haproxy/plugin.go:1108.35,1111.3 2 0
github.com/ebogdum/filemanager/internal/apps/haproxy/plugin.go:1112.2,1112.34 1 0
github.com/ebogdum/filemanager/internal/apps/haproxy/plugin.go:1112.34,1115.3 2 0
github.com/ebogdum/filemanager/internal/apps/haproxy/plugin.go:1118.2,1119.16 2 0
github.com/ebogdum/filemanager/internal/apps/haproxy/plugin.go:1119.16,1121.3 1 0
github.com/ebogdum/filemanager/internal/apps/haproxy/plugin.go:1122.2,1122.44 1 0
github.com/ebogdum/filemanager/internal/apps/haproxy/plugin.go:1122.45,1125.3 0 0
github.com/ebogdum/filemanager/internal/apps/haproxy/plugin.go:1126.2,1127.19 2 0
github.com/ebogdum/filemanager/internal/apps/haproxy/plugin.go:1130.44,1134.2 2 0
github.com/ebogdum/filemanager/internal/apps/haproxy/plugin.go:1136.48,1139.16 2 0
github.com/ebogdum/filemanager/internal/apps/haproxy/plugin.go:1139.16,1141.3 1 0
github.com/ebogdum/filemanager/internal/apps/haproxy/plugin.go:1142.2,1143.19 2 0
github.com/ebogdum/filemanager/internal/apps/haproxy/plugin.go:1146.41,1147.23 1 0
github.com/ebogdum/filemanager/internal/apps/haproxy/plugin.go:1148.11,1149.17 1 0
github.com/ebogdum/filemanager/internal/apps/haproxy/plugin.go:1150.13,1151.22 1 0
github.com/ebogdum/filemanager/internal/apps/haproxy/plugin.go:1152.15,1153.22 1 0
github.com/ebogdum/filemanager/internal/apps/haproxy/plugin.go:1154.10,1155.18 1 0
github.com/ebogdum/filemanager/internal/apps/sshd/plugin.go:21.20,23.2 1 0
github.com/ebogdum/filemanager/internal/apps/sshd/plugin.go:29.32,31.2 1 0
github.com/ebogdum/filemanager/internal/apps/sshd/plugin.go:34.35,36.2 1 0
github.com/ebogdum/filemanager/internal/apps/sshd/plugin.go:39.39,41.2 1 0
github.com/ebogdum/filemanager/internal/apps/sshd/plugin.go:44.40,46.2 1 0
github.com/ebogdum/filemanager/internal/apps/sshd/plugin.go:49.44,108.2 1 0
github.com/ebogdum/filemanager/internal/apps/sshd/plugin.go:111.38,130.2 1 0
github.com/ebogdum/filemanager/internal/apps/sshd/plugin.go:133.73,135.9 2 0
github.com/ebogdum/filemanager/internal/apps/sshd/plugin.go:135.9,137.3 1 0
github.com/ebogdum/filemanager/internal/apps/sshd/plugin.go:139.2,150.20 12 0
github.com/ebogdum/filemanager/internal/apps/sshd/plugin.go:153.74,155.9 2 0
github.com/ebogdum/filemanager/internal/apps/sshd/plugin.go:155.9,157.3 1 0
github.com/ebogdum/filemanager/internal/apps/sshd/plugin.go:158.2,158.38 1 0
github.com/ebogdum/filemanager/internal/apps/sshd/plugin.go:158.38,160.3 1 0
github.com/ebogdum/filemanager/internal/apps/sshd/plugin.go:162.2,165.4 1 0
github.com/ebogdum/filemanager/internal/apps/sshd/plugin.go:168.85,170.9 2 0
github.com/ebogdum/filemanager/internal/apps/sshd/plugin.go:170.9,172.3 1 0
github.com/ebogdum/filemanager/internal/apps/sshd/plugin.go:174.2,175.49 2 0
github.com/ebogdum/filemanager/internal/apps/sshd/plugin.go:175.49,177.3 1 0
github.com/ebogdum/filemanager/internal/apps/sshd/plugin.go:179.2,182.4 1 0
github.com/ebogdum/filemanager/internal/apps/sshd/plugin.go:185.78,187.9 2 0
github.com/ebogdum/filemanager/internal/apps/sshd/plugin.go:187.9,189.3 1 0
github.com/ebogdum/filemanager/internal/apps/sshd/plugin.go:191.2,192.47 2 0
github.com/ebogdum/filemanager/internal/apps/sshd/plugin.go:192.47,194.3 1 0
github.com/ebogdum/filemanager/internal/apps/sshd/plugin.go:196.2,199.4 1 0
github.com/ebogdum/filemanager/internal/apps/sshd/plugin.go:202.84,204.9 2 0
github.com/ebogdum/filemanager/internal/apps/sshd/plugin.go:204.9,206.3 1 0
github.com/ebogdum/filemanager/internal/apps/sshd/plugin.go:208.2,212.57 2 0
github.com/ebogdum/filemanager/internal/apps/sshd/plugin.go:212.57,214.3 1 0
github.com/ebogdum/filemanager/internal/apps/sshd/plugin.go:216.2,219.4 1 0
github.com/ebogdum/filemanager/internal/apps/sshd/plugin.go:222.83,224.9 2 0
github.com/ebogdum/filemanager/internal/apps/sshd/plugin.go:224.9,226.3 1 0
github.com/ebogdum/filemanager/internal/apps/sshd/plugin.go:228.2,229.54 2 0
github.com/ebogdum/filemanager/internal/apps/sshd/plugin.go:229.54,231.3 1 0
github.com/ebogdum/filemanager/internal/apps/sshd/plugin.go:233.2,236.4 1 0
github.com/ebogdum/filemanager/internal/apps/sshd/plugin.go:239.83,240.63 1 0
github.com/ebogdum/filemanager/internal/apps/sshd/plugin.go:240.63,241.39 1 0
github.com/ebogdum/filemanager/internal/apps/sshd/plugin.go:241.39,243.4 1 0
github.com/ebogdum/filemanager/internal/apps/sshd/plugin.go:244.3,247.5 1 0
github.com/ebogdum/filemanager/internal/apps/sshd/plugin.go:250.2,251.9 2 0
github.com/ebogdum/filemanager/internal/apps/sshd/plugin.go:251.9,253.3 1 0
github.com/ebogdum/filemanager/internal/apps/sshd/plugin.go:255.2,256.35 2 0
github.com/ebogdum/filemanager/internal/apps/sshd/plugin.go:256.35,258.43 2 0
github.com/ebogdum/filemanager/internal/apps/sshd/plugin.go:258.43,259.12 1 0
github.com/ebogdum/filemanager/internal/apps/sshd/plugin.go:261.3,264.5 1 0
github.com/ebogdum/filemanager/internal/apps/sshd/plugin.go:266.2,266.15 1 0
github.com/ebogdum/filemanager/internal/apps/sshd/plugin.go:269.81,271.9 2 0
github.com/ebogdum/filemanager/internal/apps/sshd/plugin.go:271.9,273.3 1 0
github.com/ebogdum/filemanager/internal/apps/sshd/plugin.go:275.2,275.37 1 0
github.com/ebogdum/filemanager/internal/apps/sshd/plugin.go:275.37,277.3 1 0
github.com/ebogdum/filemanager/internal/apps/sshd/plugin.go:279.2,282.4 1 0
github.com/ebogdum/filemanager/internal/apps/sshd/plugin.go:285.88,287.54 2 0
github.com/ebogdum/filemanager/internal/apps/sshd/plugin.go:287.54,289.3 1 0
github.com/ebogdum/filemanager/internal/apps/sshd/plugin.go:290.2,290.48 1 0
github.com/ebogdum/filemanager/internal/apps/sshd/plugin.go:290.48,292.3 1 0
github.com/ebogdum/filemanager/internal/apps/sshd/plugin.go:293.2,293.56 1 0
github.com/ebogdum/filemanager/internal/apps/sshd/plugin.go:293.56,295.3 1 0
github.com/ebogdum/filemanager/internal/apps/sshd/plugin.go:296.2,296.15 1 0
github.com/ebogdum/filemanager/internal/apps/sshd/plugin.go:299.92,301.9 2 0
github.com/ebogdum/filemanager/internal/apps/sshd/plugin.go:301.9,303.3 1 0
github.com/ebogdum/filemanager/internal/apps/sshd/plugin.go:304.2,304.39 1 0
github.com/ebogdum/filemanager/internal/apps/sshd/plugin.go:307.83,316.39 3 0
github.com/ebogdum/filemanager/internal/apps/sshd/plugin.go:316.39,318.10 2 0
github.com/ebogdum/filemanager/internal/apps/sshd/plugin.go:318.10,319.12 1 0
github.com/ebogdum/filemanager/internal/apps/sshd/plugin.go:321.3,321.49 1 0
github.com/ebogdum/filemanager/internal/apps/sshd/plugin.go:321.49,326.4 1 0
github.com/ebogdum/filemanager/internal/apps/sshd/plugin.go:328.2,328.15 1 0
github.com/ebogdum/filemanager/internal/apps/sshd/plugin.go:331.75,342.36 4 0
github.com/ebogdum/filemanager/internal/apps/sshd/plugin.go:342.36,344.36 2 0
github.com/ebogdum/filemanager/internal/apps/sshd/plugin.go:344.36,345.22 1 0
github.com/ebogdum/filemanager/internal/apps/sshd/plugin.go:345.22,350.5 1 0
github.com/ebogdum/filemanager/internal/apps/sshd/plugin.go:354.2,354.15 1 0
github.com/ebogdum/filemanager/internal/apps/sshd/plugin.go:357.69,368.30 4 0
github.com/ebogdum/filemanager/internal/apps/sshd/plugin.go:368.30,370.33 2 0
github.com/ebogdum/filemanager/internal/apps/sshd/plugin.go:370.33,371.19 1 0
github.com/ebogdum/filemanager/internal/apps/sshd/plugin.go:371.19,376.5 1 0
github.com/ebogdum/filemanager/internal/apps/sshd/plugin.go:380.2,380.15 1 0
github.com/ebogdum/filemanager/internal/apps/sshd/plugin.go:383.77,394.28 4 0
github.com/ebogdum/filemanager/internal/apps/sshd/plugin.go:394.28,396.32 2 0
github.com/ebogdum/filemanager/internal/apps/sshd/plugin.go:396.32,397.17 1 0
github.com/ebogdum/filemanager/internal/apps/sshd/plugin.go:397.17,402.5 1 0
github.com/ebogdum/filemanager/internal/apps/sshd/plugin.go:406.2,406.15 1 0
github.com/ebogdum/filemanager/internal/apps/sshd/plugin.go:409.78,412.32 2 0
github.com/ebogdum/filemanager/internal/apps/sshd/plugin.go:412.32,414.10 2 0
github.com/ebogdum/filemanager/internal/apps/sshd/plugin.go:414.10,419.12 2 0
github.com/ebogdum/filemanager/internal/apps/sshd/plugin.go:423.3,423.58 1 0
github.com/ebogdum/filemanager/internal/apps/sshd/plugin.go:423.58,424.41 1 0
github.com/ebogdum/filemanager/internal/apps/sshd/plugin.go:424.41,429.5 1 0
github.com/ebogdum/filemanager/internal/apps/sshd/plugin.go:430.9,435.4 1 0
github.com/ebogdum/filemanager/internal/apps/sshd/plugin.go:438.3,480.29 2 0
github.com/ebogdum/filemanager/internal/apps/sshd/plugin.go:480.29,481.26 1 0
github.com/ebogdum/filemanager/internal/apps/sshd/plugin.go:481.26,482.13 1 0
github.com/ebogdum/filemanager/internal/apps/sshd/plugin.go:484.4,484.34 1 0
github.com/ebogdum/filemanager/internal/apps/sshd/plugin.go:484.34,489.5 1 0
github.com/ebogdum/filemanager/internal/apps/sshd/plugin.go:493.2,493.15 1 0
github.com/ebogdum/filemanager/internal/apps/sshd/plugin.go:497.81,501.9 3 0
github.com/ebogdum/filemanager/internal/apps/sshd/plugin.go:501.9,503.3 1 0
github.com/ebogdum/filemanager/internal/apps/sshd/plugin.go:507.2,507.65 1 0
github.com/ebogdum/filemanager/internal/apps/sshd/plugin.go:507.65,508.26 1 0
github.com/ebogdum/filemanager/internal/apps/sshd/plugin.go:508.26,513.4 1 0
github.com/ebogdum/filemanager/internal/apps/sshd/plugin.go:517.2,517.88 1 0
github.com/ebogdum/filemanager/internal/apps/sshd/plugin.go:517.88,520.61 2 0
github.com/ebogdum/filemanager/internal/apps/sshd/plugin.go:520.61,522.4 1 0
github.com/ebogdum/filemanager/internal/apps/sshd/plugin.go:523.3,523.18 1 0
github.com/ebogdum/filemanager/internal/apps/sshd/plugin.go:523.18,528.4 1 0
github.com/ebogdum/filemanager/internal/apps/sshd/plugin.go:532.2,532.84 1 0
github.com/ebogdum/filemanager/internal/apps/sshd/plugin.go:532.84,537.3 1 0
github.com/ebogdum/filemanager/internal/apps/sshd/plugin.go:540.2,540.61 1 0
github.com/ebogdum/filemanager/internal/apps/sshd/plugin.go:540.61,545.3 1 0
github.com/ebogdum/filemanager/internal/apps/sshd/plugin.go:548.2,548.47 1 0
github.com/ebogdum/filemanager/internal/apps/sshd/plugin.go:548.47,550.31 2 0
github.com/ebogdum/filemanager/internal/apps/sshd/plugin.go:551.12,552.19 1 0
github.com/ebogdum/filemanager/internal/apps/sshd/plugin.go:553.16,554.24 1 0
github.com/ebogdum/filemanager/internal/apps/sshd/plugin.go:556.3,556.23 1 0
github.com/ebogdum/filemanager/internal/apps/sshd/plugin.go:556.23,561.4 1 0
github.com/ebogdum/filemanager/internal/apps/sshd/plugin.go:565.2,565.50 1 0
github.com/ebogdum/filemanager/internal/apps/sshd/plugin.go:565.50,566.87 1 0
github.com/ebogdum/filemanager/internal/apps/sshd/plugin.go:566.87,567.36 1 0
github.com/ebogdum/filemanager/internal/apps/sshd/plugin.go:567.36,572.5 1 0
github.com/ebogdum/filemanager/internal/apps/sshd/plugin.go:577.2,577.89 1 0
github.com/ebogdum/filemanager/internal/apps/sshd/plugin.go:577.89,582.3 1 0
github.com/ebogdum/filemanager/internal/apps/sshd/plugin.go:585.2,585.76 1 0
github.com/ebogdum/filemanager/internal/apps/sshd/plugin.go:585.76,590.3 1 0
github.com/ebogdum/filemanager/internal/apps/sshd/plugin.go:592.2,592.20 1 0
github.com/ebogdum/filemanager/internal/apps/sshd/plugin.go:596.53,598.9 2 0
github.com/ebogdum/filemanager/internal/apps/sshd/plugin.go:598.9,600.3 1 0
github.com/ebogdum/filemanager/internal/apps/sshd/plugin.go:605.2,605.23 1 0
github.com/ebogdum/filemanager/internal/apps/sshd/plugin.go:609.55,611.9 2 0
github.com/ebogdum/filemanager/internal/apps/sshd/plugin.go:611.9,613.3 1 0
github.com/ebogdum/filemanager/internal/apps/sshd/plugin.go:615.2,619.33 5 0
github.com/ebogdum/filemanager/internal/apps/sshd/plugin.go:622.49,625.2 2 0
github.com/ebogdum/filemanager/internal/apps/sshd/plugin.go:627.77,628.36 1 0
github.com/ebogdum/filemanager/internal/apps/sshd/plugin.go:628.36,629.21 1 0
github.com/ebogdum/filemanager/internal/apps/sshd/plugin.go:629.21,630.12 1 0
github.com/ebogdum/filemanager/internal/apps/sshd/plugin.go:632.3,632.48 1 0
github.com/ebogdum/filemanager/internal/apps/sshd/plugin.go:632.48,633.12 1 0
github.com/ebogdum/filemanager/internal/apps/sshd/plugin.go:635.3,635.66 1 0
github.com/ebogdum/filemanager/internal/apps/sshd/plugin.go:639.81,640.13 1 0
github.com/ebogdum/filemanager/internal/apps/sshd/plugin.go:641.19,643.14 2 0
github.com/ebogdum/filemanager/internal/apps/sshd/plugin.go:644.17,646.14 2 0
github.com/ebogdum/filemanager/internal/apps/sshd/plugin.go:647.23,649.14 2 0
github.com/ebogdum/filemanager/internal/apps/sshd/plugin.go:650.10,651.15 1 0
github.com/ebogdum/filemanager/internal/apps/sshd/plugin.go:655.67,656.50 1 0
github.com/ebogdum/filemanager/internal/apps/sshd/plugin.go:656.50,657.37 1 0
github.com/ebogdum/filemanager/internal/apps/sshd/plugin.go:657.37,659.4 1 0
github.com/ebogdum/filemanager/internal/apps/sshd/plugin.go:660.3,660.9 1 0
github.com/ebogdum/filemanager/internal/apps/sshd/plugin.go:663.2,663.53 1 0
github.com/ebogdum/filemanager/internal/apps/sshd/plugin.go:663.53,664.37 1 0
github.com/ebogdum/filemanager/internal/apps/sshd/plugin.go:664.37,666.4 1 0
github.com/ebogdum/filemanager/internal/apps/sshd/plugin.go:670.78,671.27 1 0
github.com/ebogdum/filemanager/internal/apps/sshd/plugin.go:672.14,673.49 1 0
github.com/ebogdum/filemanager/internal/apps/sshd/plugin.go:674.13,675.26 1 0
github.com/ebogdum/filemanager/internal/apps/sshd/plugin.go:675.26,677.4 1 0
github.com/ebogdum/filemanager/internal/apps/sshd/plugin.go:681.74,683.9 2 0
github.com/ebogdum/filemanager/internal/apps/sshd/plugin.go:683.9,685.3 1 0
github.com/ebogdum/filemanager/internal/apps/sshd/plugin.go:687.2,687.32 1 0
github.com/ebogdum/filemanager/internal/apps/sshd/plugin.go:687.32,689.10 2 0
github.com/ebogdum/filemanager/internal/apps/sshd/plugin.go:689.10,690.12 1 0
github.com/ebogdum/filemanager/internal/apps/sshd/plugin.go:693.3,694.58 2 0
github.com/ebogdum/filemanager/internal/apps/sshd/plugin.go:694.58,696.4 1 0
github.com/ebogdum/filemanager/internal/apps/sshd/plugin.go:697.3,697.36 1 0
github.com/ebogdum/filemanager/internal/apps/sshd/plugin.go:697.36,698.26 1 0
github.com/ebogdum/filemanager/internal/apps/sshd/plugin.go:698.26,699.13 1 0
github.com/ebogdum/filemanager/internal/apps/sshd/plugin.go:701.4,701.71 1 0
github.com/ebogdum/filemanager/internal/apps/sshd/plugin.go:707.55,713.29 5 0
github.com/ebogdum/filemanager/internal/apps/sshd/plugin.go:713.29,715.49 2 0
github.com/ebogdum/filemanager/internal/apps/sshd/plugin.go:715.49,716.12 1 0
github.com/ebogdum/filemanager/internal/apps/sshd/plugin.go:719.3,720.10 2 0
github.com/ebogdum/filemanager/internal/apps/sshd/plugin.go:720.10,721.12 1 0
github.com/ebogdum/filemanager/internal/apps/sshd/plugin.go:724.3,724.38 1 0
github.com/ebogdum/filemanager/internal/apps/sshd/plugin.go:724.38,726.12 2 0
github.com/ebogdum/filemanager/internal/apps/sshd/plugin.go:729.3,729.26 1 0
github.com/ebogdum/filemanager/internal/apps/sshd/plugin.go:729.26,731.12 2 0
github.com/ebogdum/filemanager/internal/apps/sshd/plugin.go:734.3,734.47 1 0
github.com/ebogdum/filemanager/internal/apps/sshd/plugin.go:737.2,737.25 1 0
github.com/ebogdum/filemanager/internal/apps/sshd/plugin.go:737.25,739.3 1 0
github.com/ebogdum/filemanager/internal/apps/sshd/plugin.go:740.2,740.22 1 0
github.com/ebogdum/filemanager/internal/apps/sshd/plugin.go:740.22,742.3 1 0
github.com/ebogdum/filemanager/internal/apps/sshd/plugin.go:743.2,743.20 1 0
github.com/ebogdum/filemanager/internal/apps/sshd/plugin.go:746.61,748.20 2 0
github.com/ebogdum/filemanager/internal/apps/sshd/plugin.go:748.20,750.3 1 0
github.com/ebogdum/filemanager/internal/apps/sshd/plugin.go:751.2,751.52 1 0
github.com/ebogdum/filemanager/internal/apps/sshd/plugin.go:754.112,755.25 1 0
github.com/ebogdum/filemanager/internal/apps/sshd/plugin.go:755.25,757.3 1 0
github.com/ebogdum/filemanager/internal/apps/sshd/plugin.go:758.2,758.56 1 0
github.com/ebogdum/filemanager/internal/apps/sshd/plugin.go:761.73,762.13 1 0
github.com/ebogdum/filemanager/internal/apps/sshd/plugin.go:763.34,764.52 1 0
github.com/ebogdum/filemanager/internal/apps/sshd/plugin.go:765.19,766.46 1 0
github.com/ebogdum/filemanager/internal/apps/sshd/plugin.go:767.10,768.34 1 0
github.com/ebogdum/filemanager/internal/apps/sshd/plugin.go:772.78,773.45 1 0
github.com/ebogdum/filemanager/internal/apps/sshd/plugin.go:773.45,776.3 2 0
github.com/ebogdum/filemanager/internal/apps/sshd/plugin.go:777.2,777.46 1 0
github.com/ebogdum/filemanager/internal/apps/sshd/plugin.go:777.46,780.3 2 0
github.com/ebogdum/filemanager/internal/apps/sshd/plugin.go:781.2,781.21 1 0
github.com/ebogdum/filemanager/internal/apps/sshd/plugin.go:784.72,786.24 2 0
github.com/ebogdum/filemanager/internal/apps/sshd/plugin.go:786.24,788.3 1 0
github.com/ebogdum/filemanager/internal/apps/sshd/plugin.go:790.2,790.64 1 0
github.com/ebogdum/filemanager/internal/apps/sshd/plugin.go:790.64,793.3 2 0
github.com/ebogdum/filemanager/internal/apps/sshd/plugin.go:795.2,797.3 1 0
github.com/ebogdum/filemanager/internal/apps/sshd/plugin.go:801.56,803.2 1 0
github.com/ebogdum/filemanager/internal/apps/sshd/plugin.go:806.62,808.2 1 0
github.com/ebogdum/filemanager/internal/apps/sshd/plugin.go:812.36,813.27 1 0
github.com/ebogdum/filemanager/internal/apps/sshd/plugin.go:814.12,815.8 1 0
github.com/ebogdum/filemanager/internal/apps/sshd/plugin.go:815.8,817.4 1 0
github.com/ebogdum/filemanager/internal/apps/sshd/plugin.go:818.3,818.14 1 0
github.com/ebogdum/filemanager/internal/apps/sshd/plugin.go:819.11,820.25 1 0
github.com/ebogdum/filemanager/internal/apps/sshd/plugin.go:821.15,822.30 1 0
github.com/ebogdum/filemanager/internal/apps/sshd/plugin.go:823.14,824.11 1 0
github.com/ebogdum/filemanager/internal/apps/sshd/plugin.go:825.10,826.30 1 0
github.com/ebogdum/filemanager/internal/apps/sshd/plugin.go:830.35,832.37 1 0
github.com/ebogdum/filemanager/internal/apps/sshd/plugin.go:832.37,834.3 1 0
github.com/ebogdum/filemanager/internal/apps/sshd/plugin.go:835.2,835.36 1 0
github.com/ebogdum/filemanager/internal/apps/sshd/plugin.go:835.36,837.3 1 0
github.com/ebogdum/filemanager/internal/apps/sshd/plugin.go:840.2,840.47 1 0
github.com/ebogdum/filemanager/internal/apps/sshd/plugin.go:840.47,842.3 1 0
github.com/ebogdum/filemanager/internal/apps/sshd/plugin.go:844.2,844.14 1 0
github.com/ebogdum/filemanager/internal/apps/sshd/plugin.go:847.38,848.23 1 0
github.com/ebogdum/filemanager/internal/apps/sshd/plugin.go:849.11,850.17 1 0
github.com/ebogdum/filemanager/internal/apps/sshd/plugin.go:851.13,852.22 1 0
github.com/ebogdum/filemanager/internal/apps/sshd/plugin.go:853.15,854.22 1 0
github.com/ebogdum/filemanager/internal/apps/sshd/plugin.go:855.10,856.18 1 0
github.com/ebogdum/filemanager/internal/apps/sshd/plugin.go:860.65,861.31 1 0
github.com/ebogdum/filemanager/internal/apps/sshd/plugin.go:861.31,862.25 1 0
github.com/ebogdum/filemanager/internal/apps/sshd/plugin.go:862.25,864.4 1 0
github.com/ebogdum/filemanager/internal/apps/sshd/plugin.go:866.2,866.14 1 0
github.com/ebogdum/filemanager/internal/apps/sshd/plugin.go:869.45,871.54 1 0
github.com/ebogdum/filemanager/internal/apps/sshd/plugin.go:871.54,873.3 1 0
github.com/ebogdum/filemanager/internal/apps/sshd/plugin.go:876.2,876.33 1 0
github.com/ebogdum/filemanager/internal/apps/sshd/plugin.go:876.33,878.17 2 0
github.com/ebogdum/filemanager/internal/apps/sshd/plugin.go:878.17,880.32 1 0
github.com/ebogdum/filemanager/internal/apps/sshd/plugin.go:880.32,882.5 1 0
github.com/ebogdum/filemanager/internal/apps/sshd/plugin.go:883.4,883.16 1 0
github.com/ebogdum/filemanager/internal/apps/sshd/plugin.go:885.3,885.45 1 0
github.com/ebogdum/filemanager/internal/apps/sshd/plugin.go:885.45,887.4 1 0
github.com/ebogdum/filemanager/internal/apps/sshd/plugin.go:888.3,888.47 1 0
github.com/ebogdum/filemanager/internal/apps/sshd/plugin.go:888.47,890.4 1 0
github.com/ebogdum/filemanager/internal/apps/sshd/plugin.go:891.3,891.14 1 0
github.com/ebogdum/filemanager/internal/apps/sshd/plugin.go:895.2,895.30 1 0
github.com/ebogdum/filemanager/internal/apps/sshd/plugin.go:895.30,897.3 1 0
github.com/ebogdum/filemanager/internal/apps/sshd/plugin.go:900.2,901.34 2 0
github.com/ebogdum/filemanager/internal/apps/sshd/plugin.go:904.44,906.47 1 0
github.com/ebogdum/filemanager/internal/apps/sshd/plugin.go:906.47,908.3 1 0
github.com/ebogdum/filemanager/internal/apps/sshd/plugin.go:910.2,911.35 2 0
github.com/ebogdum/filemanager/internal/apps/sshd/plugin.go:914.51,920.59 3 0
github.com/ebogdum/filemanager/internal/apps/sshd/plugin.go:920.59,922.3 1 0
github.com/ebogdum/filemanager/internal/apps/sshd/plugin.go:925.2,926.35 2 0
github.com/ebogdum/filemanager/internal/apps/sshd/plugin.go:926.35,927.38 1 0
github.com/ebogdum/filemanager/internal/apps/sshd/plugin.go:927.38,929.9 2 0
github.com/ebogdum/filemanager/internal/apps/sshd/plugin.go:933.2,933.14 1 0
github.com/ebogdum/filemanager/internal/apps/prometheus/plugin.go:22.20,24.2 1 0
github.com/ebogdum/filemanager/internal/apps/prometheus/plugin.go:27.32,29.2 1 0
github.com/ebogdum/filemanager/internal/apps/prometheus/plugin.go:32.35,34.2 1 0
github.com/ebogdum/filemanager/internal/apps/prometheus/plugin.go:37.39,39.2 1 0
github.com/ebogdum/filemanager/internal/apps/prometheus/plugin.go:42.40,44.2 1 0
github.com/ebogdum/filemanager/internal/apps/prometheus/plugin.go:47.44,182.2 1 0
github.com/ebogdum/filemanager/internal/apps/prometheus/plugin.go:185.38,202.2 1 0
github.com/ebogdum/filemanager/internal/apps/prometheus/plugin.go:205.73,209.9 3 0
github.com/ebogdum/filemanager/internal/apps/prometheus/plugin.go:209.9,211.3 1 0
github.com/ebogdum/filemanager/internal/apps/prometheus/plugin.go:214.2,214.43 1 0
github.com/ebogdum/filemanager/internal/apps/prometheus/plugin.go:214.43,217.3 2 0
github.com/ebogdum/filemanager/internal/apps/prometheus/plugin.go:220.2,220.58 1 0
github.com/ebogdum/filemanager/internal/apps/prometheus/plugin.go:220.58,223.3 2 0
github.com/ebogdum/filemanager/internal/apps/prometheus/plugin.go:226.2,226.54 1 0
github.com/ebogdum/filemanager/internal/apps/prometheus/plugin.go:226.54,229.3 2 0
github.com/ebogdum/filemanager/internal/apps/prometheus/plugin.go:231.2,231.20 1 0
github.com/ebogdum/filemanager/internal/apps/prometheus/plugin.go:234.70,238.9 3 0
github.com/ebogdum/filemanager/internal/apps/prometheus/plugin.go:238.9,240.3 1 0
github.com/ebogdum/filemanager/internal/apps/prometheus/plugin.go:243.2,244.39 2 0
github.com/ebogdum/filemanager/internal/apps/prometheus/plugin.go:244.39,245.36 1 0
github.com/ebogdum/filemanager/internal/apps/prometheus/plugin.go:245.36,246.27 1 0
github.com/ebogdum/filemanager/internal/apps/prometheus/plugin.go:246.27,251.5 1 0
github.com/ebogdum/filemanager/internal/apps/prometheus/plugin.go:255.2,255.15 1 0
github.com/ebogdum/filemanager/internal/apps/prometheus/plugin.go:258.84,262.9 3 0
github.com/ebogdum/filemanager/internal/apps/prometheus/plugin.go:262.9,264.3 1 0
github.com/ebogdum/filemanager/internal/apps/prometheus/plugin.go:266.2,268.33 2 0
github.com/ebogdum/filemanager/internal/apps/prometheus/plugin.go:268.33,272.10 3 0
github.com/ebogdum/filemanager/internal/apps/prometheus/plugin.go:272.10,277.12 2 0
github.com/ebogdum/filemanager/internal/apps/prometheus/plugin.go:281.3,282.10 2 0
github.com/ebogdum/filemanager/internal/apps/prometheus/plugin.go:282.10,287.4 1 0
github.com/ebogdum/filemanager/internal/apps/prometheus/plugin.go:287.9,289.28 2 0
github.com/ebogdum/filemanager/internal/apps/prometheus/plugin.go:289.28,294.5 1 0
github.com/ebogdum/filemanager/internal/apps/prometheus/plugin.go:295.4,298.35 2 0
github.com/ebogdum/filemanager/internal/apps/prometheus/plugin.go:298.35,303.5 1 0
github.com/ebogdum/filemanager/internal/apps/prometheus/plugin.go:307.3,307.59 1 0
github.com/ebogdum/filemanager/internal/apps/prometheus/plugin.go:307.59,310.4 2 0
github.com/ebogdum/filemanager/internal/apps/prometheus/plugin.go:313.3,313.61 1 0
github.com/ebogdum/filemanager/internal/apps/prometheus/plugin.go:313.61,316.4 2 0
github.com/ebogdum/filemanager/internal/apps/prometheus/plugin.go:319.2,319.15 1 0
github.com/ebogdum/filemanager/internal/apps/prometheus/plugin.go:322.101,326.9 3 0
github.com/ebogdum/filemanager/internal/apps/prometheus/plugin.go:326.9,328.3 1 0
github.com/ebogdum/filemanager/internal/apps/prometheus/plugin.go:330.2,330.33 1 0
github.com/ebogdum/filemanager/internal/apps/prometheus/plugin.go:330.33,334.10 3 0
github.com/ebogdum/filemanager/internal/apps/prometheus/plugin.go:334.10,339.12 2 0
github.com/ebogdum/filemanager/internal/apps/prometheus/plugin.go:343.3,344.10 2 0
github.com/ebogdum/filemanager/internal/apps/prometheus/plugin.go:344.10,349.4 1 0
github.com/ebogdum/filemanager/internal/apps/prometheus/plugin.go:349.9,352.4 2 0
github.com/ebogdum/filemanager/internal/apps/prometheus/plugin.go:355.2,355.15 1 0
github.com/ebogdum/filemanager/internal/apps/prometheus/plugin.go:358.85,362.9 3 0
github.com/ebogdum/filemanager/internal/apps/prometheus/plugin.go:362.9,364.38 1 0
github.com/ebogdum/filemanager/internal/apps/prometheus/plugin.go:364.38,366.4 1 0
github.com/ebogdum/filemanager/internal/apps/prometheus/plugin.go:367.3,367.83 1 0
github.com/ebogdum/filemanager/internal/apps/prometheus/plugin.go:370.2,370.36 1 0
github.com/ebogdum/filemanager/internal/apps/prometheus/plugin.go:370.36,372.10 2 0
github.com/ebogdum/filemanager/internal/apps/prometheus/plugin.go:372.10,377.12 2 0
github.com/ebogdum/filemanager/internal/apps/prometheus/plugin.go:381.3,381.32 1 0
github.com/ebogdum/filemanager/internal/apps/prometheus/plugin.go:381.32,386.4 1 0
github.com/ebogdum/filemanager/internal/apps/prometheus/plugin.go:389.2,389.15 1 0
github.com/ebogdum/filemanager/internal/apps/prometheus/plugin.go:392.99,396.9 3 0
github.com/ebogdum/filemanager/internal/apps/prometheus/plugin.go:396.9,398.3 1 0
github.com/ebogdum/filemanager/internal/apps/prometheus/plugin.go:400.2,405.33 2 0
github.com/ebogdum/filemanager/internal/apps/prometheus/plugin.go:405.33,409.10 3 0
github.com/ebogdum/filemanager/internal/apps/prometheus/plugin.go:409.10,414.12 2 0
github.com/ebogdum/filemanager/internal/apps/prometheus/plugin.go:418.3,418.44 1 0
github.com/ebogdum/filemanager/internal/apps/prometheus/plugin.go:418.44,420.32 2 0
github.com/ebogdum/filemanager/internal/apps/prometheus/plugin.go:420.32,425.5 1 0
github.com/ebogdum/filemanager/internal/apps/prometheus/plugin.go:429.3,429.42 1 0
github.com/ebogdum/filemanager/internal/apps/prometheus/plugin.go:429.42,431.54 2 0
github.com/ebogdum/filemanager/internal/apps/prometheus/plugin.go:431.54,436.5 1 0
github.com/ebogdum/filemanager/internal/apps/prometheus/plugin.go:440.2,440.15 1 0
github.com/ebogdum/filemanager/internal/apps/prometheus/plugin.go:443.80,447.9 3 0
github.com/ebogdum/filemanager/internal/apps/prometheus/plugin.go:447.9,449.3 1 0
github.com/ebogdum/filemanager/internal/apps/prometheus/plugin.go:451.2,451.33 1 0
github.com/ebogdum/filemanager/internal/apps/prometheus/plugin.go:451.33,455.10 3 0
github.com/ebogdum/filemanager/internal/apps/prometheus/plugin.go:455.10,460.12 2 0
github.com/ebogdum/filemanager/internal/apps/prometheus/plugin.go:464.3,464.37 1 0
github.com/ebogdum/filemanager/internal/apps/prometheus/plugin.go:464.37,469.4 1 0
github.com/ebogdum/filemanager/internal/apps/prometheus/plugin.go:472.2,472.15 1 0
github.com/ebogdum/filemanager/internal/apps/prometheus/plugin.go:476.81,480.9 3 0
github.com/ebogdum/filemanager/internal/apps/prometheus/plugin.go:480.9,482.3 1 0
github.com/ebogdum/filemanager/internal/apps/prometheus/plugin.go:485.2,485.66 1 0
github.com/ebogdum/filemanager/internal/apps/prometheus/plugin.go:485.66,486.36 1 0
github.com/ebogdum/filemanager/internal/apps/prometheus/plugin.go:486.36,487.44 1 0
github.com/ebogdum/filemanager/internal/apps/prometheus/plugin.go:487.44,489.53 1 0
github.com/ebogdum/filemanager/internal/apps/prometheus/plugin.go:489.53,491.64 2 0
github.com/ebogdum/filemanager/internal/apps/prometheus/plugin.go:491.64,492.50 1 0
github.com/ebogdum/filemanager/internal/apps/prometheus/plugin.go:492.50,494.8 1 0
github.com/ebogdum/filemanager/internal/apps/prometheus/plugin.go:497.6,497.75 1 0
github.com/ebogdum/filemanager/internal/apps/prometheus/plugin.go:497.75,502.7 1 0
github.com/ebogdum/filemanager/internal/apps/prometheus/plugin.go:508.2,508.20 1 0
github.com/ebogdum/filemanager/internal/apps/prometheus/plugin.go:512.53,514.9 2 0
github.com/ebogdum/filemanager/internal/apps/prometheus/plugin.go:514.9,516.3 1 0
github.com/ebogdum/filemanager/internal/apps/prometheus/plugin.go:518.2,521.30 2 0
github.com/ebogdum/filemanager/internal/apps/prometheus/plugin.go:521.30,522.12 1 0
github.com/ebogdum/filemanager/internal/apps/prometheus/plugin.go:523.17,524.47 1 0
github.com/ebogdum/filemanager/internal/apps/prometheus/plugin.go:524.47,526.35 2 0
github.com/ebogdum/filemanager/internal/apps/prometheus/plugin.go:526.35,528.29 1 0
github.com/ebogdum/filemanager/internal/apps/prometheus/plugin.go:528.29,530.7 1 0
github.com/ebogdum/filemanager/internal/apps/prometheus/plugin.go:530.12,532.7 1 0
github.com/ebogdum/filemanager/internal/apps/prometheus/plugin.go:534.5,534.27 1 0
github.com/ebogdum/filemanager/internal/apps/prometheus/plugin.go:535.10,537.5 1 0
github.com/ebogdum/filemanager/internal/apps/prometheus/plugin.go:539.25,540.36 1 0
github.com/ebogdum/filemanager/internal/apps/prometheus/plugin.go:540.36,542.31 2 0
github.com/ebogdum/filemanager/internal/apps/prometheus/plugin.go:542.31,544.6 1 0
github.com/ebogdum/filemanager/internal/apps/prometheus/plugin.go:545.5,545.34 1 0
github.com/ebogdum/filemanager/internal/apps/prometheus/plugin.go:546.10,548.5 1 0
github.com/ebogdum/filemanager/internal/apps/prometheus/plugin.go:550.11,551.17 1 0
github.com/ebogdum/filemanager/internal/apps/prometheus/plugin.go:555.2,555.20 1 0
github.com/ebogdum/filemanager/internal/apps/prometheus/plugin.go:558.56,560.9 2 0
github.com/ebogdum/filemanager/internal/apps/prometheus/plugin.go:560.9,562.3 1 0
github.com/ebogdum/filemanager/internal/apps/prometheus/plugin.go:564.2,565.30 2 0
github.com/ebogdum/filemanager/internal/apps/prometheus/plugin.go:565.30,566.25 1 0
github.com/ebogdum/filemanager/internal/apps/prometheus/plugin.go:566.25,568.4 1 0
github.com/ebogdum/filemanager/internal/apps/prometheus/plugin.go:568.9,570.4 1 0
github.com/ebogdum/filemanager/internal/apps/prometheus/plugin.go:572.2,572.15 1 0
github.com/ebogdum/filemanager/internal/apps/prometheus/plugin.go:576.55,578.2 1 0
github.com/ebogdum/filemanager/internal/apps/prometheus/plugin.go:581.55,583.54 2 0
github.com/ebogdum/filemanager/internal/apps/prometheus/plugin.go:583.54,585.3 1 0
github.com/ebogdum/filemanager/internal/apps/prometheus/plugin.go:586.2,586.20 1 0
github.com/ebogdum/filemanager/internal/apps/prometheus/plugin.go:590.56,594.27 3 0
github.com/ebogdum/filemanager/internal/apps/prometheus/plugin.go:594.27,596.3 1 0
github.com/ebogdum/filemanager/internal/apps/prometheus/plugin.go:598.2,601.28 2 0
github.com/ebogdum/filemanager/internal/apps/prometheus/plugin.go:601.28,603.3 1 0
github.com/ebogdum/filemanager/internal/apps/prometheus/plugin.go:606.2,606.31 1 0
github.com/ebogdum/filemanager/internal/apps/prometheus/plugin.go:606.31,607.12 1 0
github.com/ebogdum/filemanager/internal/apps/prometheus/plugin.go:608.25,610.50 1 0
github.com/ebogdum/filemanager/internal/apps/prometheus/plugin.go:612.21,614.41 1 0
github.com/ebogdum/filemanager/internal/apps/prometheus/plugin.go:616.38,618.41 1 0
github.com/ebogdum/filemanager/internal/apps/prometheus/plugin.go:620.29,622.37 1 0
github.com/ebogdum/filemanager/internal/apps/prometheus/plugin.go:622.37,625.5 2 0
github.com/ebogdum/filemanager/internal/apps/prometheus/plugin.go:625.10,627.5 1 0
github.com/ebogdum/filemanager/internal/apps/prometheus/plugin.go:629.11,630.27 1 0
github.com/ebogdum/filemanager/internal/apps/prometheus/plugin.go:634.2,634.20 1 0
github.com/ebogdum/filemanager/internal/apps/prometheus/plugin.go:637.60,641.13 3 0
github.com/ebogdum/filemanager/internal/apps/prometheus/plugin.go:641.13,643.3 1 0
github.com/ebogdum/filemanager/internal/apps/prometheus/plugin.go:644.2,644.16 1 0
github.com/ebogdum/filemanager/internal/apps/prometheus/plugin.go:644.16,646.3 1 0
github.com/ebogdum/filemanager/internal/apps/prometheus/plugin.go:649.2,651.32 3 0
github.com/ebogdum/filemanager/internal/apps/prometheus/plugin.go:651.32,653.41 2 0
github.com/ebogdum/filemanager/internal/apps/prometheus/plugin.go:653.41,654.52 1 0
github.com/ebogdum/filemanager/internal/apps/prometheus/plugin.go:654.52,656.5 1 0
github.com/ebogdum/filemanager/internal/apps/prometheus/plugin.go:661.2,661.35 1 0
github.com/ebogdum/filemanager/internal/apps/prometheus/plugin.go:661.35,663.10 2 0
github.com/ebogdum/filemanager/internal/apps/prometheus/plugin.go:663.10,665.12 2 0
github.com/ebogdum/filemanager/internal/apps/prometheus/plugin.go:668.3,669.10 2 0
github.com/ebogdum/filemanager/internal/apps/prometheus/plugin.go:669.10,671.12 2 0
github.com/ebogdum/filemanager/internal/apps/prometheus/plugin.go:674.3,674.47 1 0
github.com/ebogdum/filemanager/internal/apps/prometheus/plugin.go:674.47,676.55 1 0
github.com/ebogdum/filemanager/internal/apps/prometheus/plugin.go:676.55,679.5 2 0
github.com/ebogdum/filemanager/internal/apps/prometheus/plugin.go:680.9,684.4 2 0
github.com/ebogdum/filemanager/internal/apps/prometheus/plugin.go:687.2,687.15 1 0
github.com/ebogdum/filemanager/internal/apps/prometheus/plugin.go:690.60,694.27 3 0
github.com/ebogdum/filemanager/internal/apps/prometheus/plugin.go:694.27,696.3 1 0
github.com/ebogdum/filemanager/internal/apps/prometheus/plugin.go:698.2,699.28 2 0
github.com/ebogdum/filemanager/internal/apps/prometheus/plugin.go:699.28,701.3 1 0
github.com/ebogdum/filemanager/internal/apps/prometheus/plugin.go:702.2,702.31 1 0
github.com/ebogdum/filemanager/internal/apps/prometheus/plugin.go:702.31,703.36 1 0
github.com/ebogdum/filemanager/internal/apps/prometheus/plugin.go:703.36,704.52 1 0
github.com/ebogdum/filemanager/internal/apps/prometheus/plugin.go:704.52,705.48 1 0
github.com/ebogdum/filemanager/internal/apps/prometheus/plugin.go:705.48,708.14 3 0
github.com/ebogdum/filemanager/internal/apps/prometheus/plugin.go:712.3,712.16 1 0
github.com/ebogdum/filemanager/internal/apps/prometheus/plugin.go:714.2,714.20 1 0
github.com/ebogdum/filemanager/internal/apps/prometheus/plugin.go:718.62,720.2 1 0
github.com/ebogdum/filemanager/internal/apps/prometheus/plugin.go:724.34,726.9 2 0
github.com/ebogdum/filemanager/internal/apps/prometheus/plugin.go:726.9,728.19 1 0
github.com/ebogdum/filemanager/internal/apps/prometheus/plugin.go:729.28,730.15 1 0
github.com/ebogdum/filemanager/internal/apps/prometheus/plugin.go:731.11,732.16 1 0
github.com/ebogdum/filemanager/internal/apps/prometheus/plugin.go:735.2,736.19 2 0
github.com/ebogdum/filemanager/internal/apps/prometheus/plugin.go:741.39,743.2 1 0
github.com/ebogdum/filemanager/internal/apps/prometheus/plugin.go:747.40,750.2 1 0
github.com/ebogdum/filemanager/internal/apps/prometheus/plugin.go:752.40,762.2 2 0
github.com/ebogdum/filemanager/internal/apps/prometheus/plugin.go:764.38,765.23 1 0
github.com/ebogdum/filemanager/internal/apps/prometheus/plugin.go:766.14,768.52 1 0
github.com/ebogdum/filemanager/internal/apps/prometheus/plugin.go:768.52,770.4 1 0
github.com/ebogdum/filemanager/internal/apps/prometheus/plugin.go:771.3,771.11 1 0
github.com/ebogdum/filemanager/internal/apps/prometheus/plugin.go:772.11,773.31 1 0
github.com/ebogdum/filemanager/internal/apps/prometheus/plugin.go:774.13,775.31 1 0
github.com/ebogdum/filemanager/internal/apps/prometheus/plugin.go:776.15,777.31 1 0
github.com/ebogdum/filemanager/internal/apps/prometheus/plugin.go:778.10,779.30 1 0
github.com/ebogdum/filemanager/internal/apps/prometheus/plugin.go:783.40,787.32 3 0
github.com/ebogdum/filemanager/internal/apps/prometheus/plugin.go:787.32,789.3 1 0
github.com/ebogdum/filemanager/internal/apps/prometheus/plugin.go:791.2,791.17 1 0
github.com/ebogdum/filemanager/internal/apps/prometheus/plugin.go:791.17,793.3 1 0
github.com/ebogdum/filemanager/internal/apps/prometheus/plugin.go:794.2,794.17 1 0
github.com/ebogdum/filemanager/internal/apps/prometheus/plugin.go:794.17,796.3 1 0
github.com/ebogdum/filemanager/internal/apps/prometheus/plugin.go:797.2,797.10 1 0
github.com/ebogdum/filemanager/internal/apps/prometheus/plugin.go:800.41,804.13 3 0
github.com/ebogdum/filemanager/internal/apps/prometheus/plugin.go:804.13,806.3 1 0
github.com/ebogdum/filemanager/internal/apps/prometheus/plugin.go:807.2,807.16 1 0
github.com/ebogdum/filemanager/internal/apps/prometheus/plugin.go:807.16,809.3 1 0
github.com/ebogdum/filemanager/internal/apps/prometheus/plugin.go:811.2,814.15 4 0
github.com/ebogdum/filemanager/internal/apps/prometheus/plugin.go:817.26,818.14 1 0
github.com/ebogdum/filemanager/internal/apps/prometheus/plugin.go:818.14,820.3 1 0
github.com/ebogdum/filemanager/internal/apps/prometheus/plugin.go:821.2,821.25 1 0
github.com/ebogdum/filemanager/internal/apps/prometheus/plugin.go:822.22,824.25 2 0
github.com/ebogdum/filemanager/internal/apps/prometheus/plugin.go:824.25,826.4 1 0
github.com/ebogdum/filemanager/internal/apps/prometheus/plugin.go:827.3,827.16 1 0
github.com/ebogdum/filemanager/internal/apps/prometheus/plugin.go:828.13,830.25 2 0
github.com/ebogdum/filemanager/internal/apps/prometheus/plugin.go:830.25,832.4 1 0
github.com/ebogdum/filemanager/internal/apps/prometheus/plugin.go:833.3,833.16 1 0
github.com/ebogdum/filemanager/internal/apps/prometheus/plugin.go:834.10,835.11 1 0
github.com/ebogdum/filemanager/internal/apps/prometheus/plugin.go:839.67,845.22 4 0
github.com/ebogdum/filemanager/internal/apps/prometheus/plugin.go:845.22,846.17 1 0
github.com/ebogdum/filemanager/internal/apps/prometheus/plugin.go:846.17,853.4 1 0
github.com/ebogdum/filemanager/internal/apps/prometheus/plugin.go:854.3,854.22 1 0
github.com/ebogdum/filemanager/internal/apps/prometheus/plugin.go:857.2,857.22 1 0
github.com/ebogdum/filemanager/internal/apps/prometheus/plugin.go:857.22,865.3 2 0
github.com/ebogdum/filemanager/internal/apps/prometheus/plugin.go:868.2,869.24 2 0
github.com/ebogdum/filemanager/internal/apps/prometheus/plugin.go:869.24,871.3 1 0
github.com/ebogdum/filemanager/internal/apps/prometheus/plugin.go:872.2,872.24 1 0
github.com/ebogdum/filemanager/internal/apps/prometheus/plugin.go:872.24,874.3 1 0
github.com/ebogdum/filemanager/internal/apps/prometheus/plugin.go:876.2,877.25 2 0
github.com/ebogdum/filemanager/internal/apps/prometheus/plugin.go:877.25,879.3 1 0
github.com/ebogdum/filemanager/internal/apps/prometheus/plugin.go:880.2,882.25 2 0
github.com/ebogdum/filemanager/internal/apps/prometheus/plugin.go:882.25,884.17 2 0
github.com/ebogdum/filemanager/internal/apps/prometheus/plugin.go:884.17,886.4 1 0
github.com/ebogdum/filemanager/internal/apps/prometheus/plugin.go:888.3,891.14 3 0
github.com/ebogdum/filemanager/internal/apps/prometheus/plugin.go:891.14,897.4 1 0
github.com/ebogdum/filemanager/internal/apps/prometheus/plugin.go:897.9,897.21 1 0
github.com/ebogdum/filemanager/internal/apps/prometheus/plugin.go:897.21,903.4 1 0
github.com/ebogdum/filemanager/internal/apps/prometheus/plugin.go:903.9,906.4 2 0
github.com/ebogdum/filemanager/internal/apps/prometheus/plugin.go:909.2,909.21 1 0
github.com/ebogdum/filemanager/internal/apps/nomad/plugin.go:20.20,22.2 1 0
github.com/ebogdum/filemanager/internal/apps/nomad/plugin.go:28.32,30.2 1 0
github.com/ebogdum/filemanager/internal/apps/nomad/plugin.go:33.35,35.2 1 0
github.com/ebogdum/filemanager/internal/apps/nomad/plugin.go:38.39,40.2 1 0
github.com/ebogdum/filemanager/internal/apps/nomad/plugin.go:43.40,45.2 1 0
github.com/ebogdum/filemanager/internal/apps/nomad/plugin.go:48.44,155.2 1 0
github.com/ebogdum/filemanager/internal/apps/nomad/plugin.go:158.38,172.2 1 0
github.com/ebogdum/filemanager/internal/apps/nomad/plugin.go:175.73,179.9 3 0
github.com/ebogdum/filemanager/internal/apps/nomad/plugin.go:179.9,181.3 1 0
github.com/ebogdum/filemanager/internal/apps/nomad/plugin.go:184.2,184.43 1 0
github.com/ebogdum/filemanager/internal/apps/nomad/plugin.go:184.43,189.3 1 0
github.com/ebogdum/filemanager/internal/apps/nomad/plugin.go:191.2,191.41 1 0
github.com/ebogdum/filemanager/internal/apps/nomad/plugin.go:191.41,196.3 1 0
github.com/ebogdum/filemanager/internal/apps/nomad/plugin.go:199.2,199.57 1 0
github.com/ebogdum/filemanager/internal/apps/nomad/plugin.go:199.57,202.33 3 0
github.com/ebogdum/filemanager/internal/apps/nomad/plugin.go:202.33,203.38 1 0
github.com/ebogdum/filemanager/internal/apps/nomad/plugin.go:203.38,205.10 2 0
github.com/ebogdum/filemanager/internal/apps/nomad/plugin.go:208.3,208.13 1 0
github.com/ebogdum/filemanager/internal/apps/nomad/plugin.go:208.13,213.4 1 0
github.com/ebogdum/filemanager/internal/apps/nomad/plugin.go:217.2,217.60 1 0
github.com/ebogdum/filemanager/internal/apps/nomad/plugin.go:217.60,219.3 1 0
github.com/ebogdum/filemanager/internal/apps/nomad/plugin.go:222.2,222.60 1 0
github.com/ebogdum/filemanager/internal/apps/nomad/plugin.go:222.60,224.3 1 0
github.com/ebogdum/filemanager/internal/apps/nomad/plugin.go:227.2,227.58 1 0
github.com/ebogdum/filemanager/internal/apps/nomad/plugin.go:227.58,229.3 1 0
github.com/ebogdum/filemanager/internal/apps/nomad/plugin.go:232.2,232.66 1 0
github.com/ebogdum/filemanager/internal/apps/nomad/plugin.go:232.66,234.3 1 0
github.com/ebogdum/filemanager/internal/apps/nomad/plugin.go:237.2,237.57 1 0
github.com/ebogdum/filemanager/internal/apps/nomad/plugin.go:237.57,238.36 1 0
github.com/ebogdum/filemanager/internal/apps/nomad/plugin.go:238.36,243.4 1 0
github.com/ebogdum/filemanager/internal/apps/nomad/plugin.go:247.2,247.54 1 0
github.com/ebogdum/filemanager/internal/apps/nomad/plugin.go:247.54,249.3 1 0
github.com/ebogdum/filemanager/internal/apps/nomad/plugin.go:252.2,252.54 1 0
github.com/ebogdum/filemanager/internal/apps/nomad/plugin.go:252.54,254.3 1 0
github.com/ebogdum/filemanager/internal/apps/nomad/plugin.go:256.2,256.20 1 0
github.com/ebogdum/filemanager/internal/apps/nomad/plugin.go:259.81,263.59 2 0
github.com/ebogdum/filemanager/internal/apps/nomad/plugin.go:263.59,265.38 2 0
github.com/ebogdum/filemanager/internal/apps/nomad/plugin.go:266.12,267.14 1 0
github.com/ebogdum/filemanager/internal/apps/nomad/plugin.go:268.16,269.19 1 0
github.com/ebogdum/filemanager/internal/apps/nomad/plugin.go:271.3,271.17 1 0
github.com/ebogdum/filemanager/internal/apps/nomad/plugin.go:271.17,276.4 1 0
github.com/ebogdum/filemanager/internal/apps/nomad/plugin.go:278.3,278.34 1 0
github.com/ebogdum/filemanager/internal/apps/nomad/plugin.go:278.34,283.4 1 0
github.com/ebogdum/filemanager/internal/apps/nomad/plugin.go:287.2,287.51 1 0
github.com/ebogdum/filemanager/internal/apps/nomad/plugin.go:287.51,289.31 2 0
github.com/ebogdum/filemanager/internal/apps/nomad/plugin.go:290.12,291.12 1 0
github.com/ebogdum/filemanager/internal/apps/nomad/plugin.go:292.16,293.17 1 0
github.com/ebogdum/filemanager/internal/apps/nomad/plugin.go:295.3,295.28 1 0
github.com/ebogdum/filemanager/internal/apps/nomad/plugin.go:295.28,300.4 1 0
github.com/ebogdum/filemanager/internal/apps/nomad/plugin.go:304.2,304.55 1 0
github.com/ebogdum/filemanager/internal/apps/nomad/plugin.go:304.55,305.34 1 0
github.com/ebogdum/filemanager/internal/apps/nomad/plugin.go:305.34,306.40 1 0
github.com/ebogdum/filemanager/internal/apps/nomad/plugin.go:306.40,307.22 1 0
github.com/ebogdum/filemanager/internal/apps/nomad/plugin.go:307.22,312.6 1 0
github.com/ebogdum/filemanager/internal/apps/nomad/plugin.go:317.2,317.15 1 0
github.com/ebogdum/filemanager/internal/apps/nomad/plugin.go:320.81,324.56 2 0
github.com/ebogdum/filemanager/internal/apps/nomad/plugin.go:324.56,325.22 1 0
github.com/ebogdum/filemanager/internal/apps/nomad/plugin.go:325.22,330.4 1 0
github.com/ebogdum/filemanager/internal/apps/nomad/plugin.go:334.2,334.50 1 0
github.com/ebogdum/filemanager/internal/apps/nomad/plugin.go:334.50,335.24 1 0
github.com/ebogdum/filemanager/internal/apps/nomad/plugin.go:335.24,340.4 1 0
github.com/ebogdum/filemanager/internal/apps/nomad/plugin.go:344.2,344.60 1 0
github.com/ebogdum/filemanager/internal/apps/nomad/plugin.go:344.60,345.32 1 0
github.com/ebogdum/filemanager/internal/apps/nomad/plugin.go:345.32,350.4 1 0
github.com/ebogdum/filemanager/internal/apps/nomad/plugin.go:354.2,354.46 1 0
github.com/ebogdum/filemanager/internal/apps/nomad/plugin.go:354.46,356.28 2 0
github.com/ebogdum/filemanager/internal/apps/nomad/plugin.go:357.12,358.16 1 0
github.com/ebogdum/filemanager/internal/apps/nomad/plugin.go:359.16,360.21 1 0
github.com/ebogdum/filemanager/internal/apps/nomad/plugin.go:362.3,362.19 1 0
github.com/ebogdum/filemanager/internal/apps/nomad/plugin.go:362.19,367.4 1 0
github.com/ebogdum/filemanager/internal/apps/nomad/plugin.go:370.2,370.15 1 0
github.com/ebogdum/filemanager/internal/apps/nomad/plugin.go:373.79,382.33 3 0
github.com/ebogdum/filemanager/internal/apps/nomad/plugin.go:382.33,383.24 1 0
github.com/ebogdum/filemanager/internal/apps/nomad/plugin.go:383.24,388.4 1 0
github.com/ebogdum/filemanager/internal/apps/nomad/plugin.go:390.3,391.28 2 0
github.com/ebogdum/filemanager/internal/apps/nomad/plugin.go:392.12,393.12 1 0
github.com/ebogdum/filemanager/internal/apps/nomad/plugin.go:394.16,395.17 1 0
github.com/ebogdum/filemanager/internal/apps/nomad/plugin.go:398.3,398.31 1 0
github.com/ebogdum/filemanager/internal/apps/nomad/plugin.go:398.31,403.4 1 0
github.com/ebogdum/filemanager/internal/apps/nomad/plugin.go:406.2,406.15 1 0
github.com/ebogdum/filemanager/internal/apps/nomad/plugin.go:409.87,418.37 3 0
github.com/ebogdum/filemanager/internal/apps/nomad/plugin.go:418.37,419.28 1 0
github.com/ebogdum/filemanager/internal/apps/nomad/plugin.go:419.28,424.4 1 0
github.com/ebogdum/filemanager/internal/apps/nomad/plugin.go:426.3,426.37 1 0
github.com/ebogdum/filemanager/internal/apps/nomad/plugin.go:426.37,427.33 1 0
github.com/ebogdum/filemanager/internal/apps/nomad/plugin.go:427.33,432.5 1 0
github.com/ebogdum/filemanager/internal/apps/nomad/plugin.go:436.2,436.15 1 0
github.com/ebogdum/filemanager/internal/apps/nomad/plugin.go:439.75,443.54 2 0
github.com/ebogdum/filemanager/internal/apps/nomad/plugin.go:443.54,444.44 1 0
github.com/ebogdum/filemanager/internal/apps/nomad/plugin.go:444.44,449.4 1 0
github.com/ebogdum/filemanager/internal/apps/nomad/plugin.go:450.3,450.46 1 0
github.com/ebogdum/filemanager/internal/apps/nomad/plugin.go:450.46,455.4 1 0
github.com/ebogdum/filemanager/internal/apps/nomad/plugin.go:456.3,456.45 1 0
github.com/ebogdum/filemanager/internal/apps/nomad/plugin.go:456.45,461.4 1 0
github.com/ebogdum/filemanager/internal/apps/nomad/plugin.go:465.2,465.79 1 0
github.com/ebogdum/filemanager/internal/apps/nomad/plugin.go:465.79,466.44 1 0
github.com/ebogdum/filemanager/internal/apps/nomad/plugin.go:466.44,471.4 1 0
github.com/ebogdum/filemanager/internal/apps/nomad/plugin.go:474.2,474.15 1 0
github.com/ebogdum/filemanager/internal/apps/nomad/plugin.go:477.75,480.57 2 0
github.com/ebogdum/filemanager/internal/apps/nomad/plugin.go:480.57,482.52 1 0
github.com/ebogdum/filemanager/internal/apps/nomad/plugin.go:482.52,483.34 1 0
github.com/ebogdum/filemanager/internal/apps/nomad/plugin.go:483.34,488.5 1 0
github.com/ebogdum/filemanager/internal/apps/nomad/plugin.go:492.3,492.54 1 0
github.com/ebogdum/filemanager/internal/apps/nomad/plugin.go:492.54,493.35 1 0
github.com/ebogdum/filemanager/internal/apps/nomad/plugin.go:493.35,498.5 1 0
github.com/ebogdum/filemanager/internal/apps/nomad/plugin.go:502.2,502.15 1 0
github.com/ebogdum/filemanager/internal/apps/nomad/plugin.go:506.81,510.9 3 0
github.com/ebogdum/filemanager/internal/apps/nomad/plugin.go:510.9,512.3 1 0
github.com/ebogdum/filemanager/internal/apps/nomad/plugin.go:515.2,518.60 3 0
github.com/ebogdum/filemanager/internal/apps/nomad/plugin.go:518.60,519.61 1 0
github.com/ebogdum/filemanager/internal/apps/nomad/plugin.go:519.61,521.4 1 0
github.com/ebogdum/filemanager/internal/apps/nomad/plugin.go:524.2,524.60 1 0
github.com/ebogdum/filemanager/internal/apps/nomad/plugin.go:524.60,525.61 1 0
github.com/ebogdum/filemanager/internal/apps/nomad/plugin.go:525.61,527.4 1 0
github.com/ebogdum/filemanager/internal/apps/nomad/plugin.go:531.2,531.38 1 0
github.com/ebogdum/filemanager/internal/apps/nomad/plugin.go:531.38,536.3 1 0
github.com/ebogdum/filemanager/internal/apps/nomad/plugin.go:540.2,540.54 1 0
github.com/ebogdum/filemanager/internal/apps/nomad/plugin.go:540.54,542.55 2 0
github.com/ebogdum/filemanager/internal/apps/nomad/plugin.go:542.55,544.4 1 0
github.com/ebogdum/filemanager/internal/apps/nomad/plugin.go:545.3,545.15 1 0
github.com/ebogdum/filemanager/internal/apps/nomad/plugin.go:545.15,550.4 1 0
github.com/ebogdum/filemanager/internal/apps/nomad/plugin.go:551.8,556.3 1 0
github.com/ebogdum/filemanager/internal/apps/nomad/plugin.go:559.2,559.54 1 0
github.com/ebogdum/filemanager/internal/apps/nomad/plugin.go:559.54,560.60 1 0
github.com/ebogdum/filemanager/internal/apps/nomad/plugin.go:560.60,565.4 1 0
github.com/ebogdum/filemanager/internal/apps/nomad/plugin.go:566.8,571.3 1 0
github.com/ebogdum/filemanager/internal/apps/nomad/plugin.go:574.2,574.60 1 0
github.com/ebogdum/filemanager/internal/apps/nomad/plugin.go:574.60,575.61 1 0
github.com/ebogdum/filemanager/internal/apps/nomad/plugin.go:575.61,576.55 1 0
github.com/ebogdum/filemanager/internal/apps/nomad/plugin.go:576.55,581.5 1 0
github.com/ebogdum/filemanager/internal/apps/nomad/plugin.go:585.2,585.20 1 0
github.com/ebogdum/filemanager/internal/apps/nomad/plugin.go:589.53,591.9 2 0
github.com/ebogdum/filemanager/internal/apps/nomad/plugin.go:591.9,593.3 1 0
github.com/ebogdum/filemanager/internal/apps/nomad/plugin.go:596.2,596.57 1 0
github.com/ebogdum/filemanager/internal/apps/nomad/plugin.go:596.57,598.3 1 0
github.com/ebogdum/filemanager/internal/apps/nomad/plugin.go:600.2,600.23 1 0
github.com/ebogdum/filemanager/internal/apps/nomad/plugin.go:604.55,606.2 1 0
github.com/ebogdum/filemanager/internal/apps/nomad/plugin.go:609.55,611.54 2 0
github.com/ebogdum/filemanager/internal/apps/nomad/plugin.go:611.54,613.3 1 0
github.com/ebogdum/filemanager/internal/apps/nomad/plugin.go:614.2,614.20 1 0
github.com/ebogdum/filemanager/internal/apps/nomad/plugin.go:618.56,620.2 1 0
github.com/ebogdum/filemanager/internal/apps/nomad/plugin.go:623.62,625.2 1 0
github.com/ebogdum/filemanager/internal/apps/nomad/plugin.go:629.43,631.62 1 0
github.com/ebogdum/filemanager/internal/apps/nomad/plugin.go:631.62,633.3 1 0
github.com/ebogdum/filemanager/internal/apps/nomad/plugin.go:636.2,636.68 1 0
github.com/ebogdum/filemanager/internal/apps/nomad/plugin.go:636.68,638.3 1 0
github.com/ebogdum/filemanager/internal/apps/nomad/plugin.go:641.2,641.40 1 0
github.com/ebogdum/filemanager/internal/apps/nomad/plugin.go:641.40,643.3 1 0
github.com/ebogdum/filemanager/internal/apps/nomad/plugin.go:646.2,646.48 1 0
github.com/ebogdum/filemanager/internal/apps/nomad/plugin.go:646.48,648.3 1 0
github.com/ebogdum/filemanager/internal/apps/nomad/plugin.go:650.2,650.14 1 0
github.com/ebogdum/filemanager/internal/apps/nomad/plugin.go:653.37,655.13 1 0
github.com/ebogdum/filemanager/internal/apps/nomad/plugin.go:655.13,657.3 1 0
github.com/ebogdum/filemanager/internal/apps/nomad/plugin.go:660.2,661.39 2 0
github.com/ebogdum/filemanager/internal/apps/nomad/plugin.go:661.39,662.35 1 0
github.com/ebogdum/filemanager/internal/apps/nomad/plugin.go:662.35,664.4 1 0
github.com/ebogdum/filemanager/internal/apps/nomad/plugin.go:667.2,667.14 1 0
github.com/ebogdum/filemanager/internal/apps/systemd/plugin.go:21.20,23.2 1 0
github.com/ebogdum/filemanager/internal/apps/systemd/plugin.go:26.32,28.2 1 0
github.com/ebogdum/filemanager/internal/apps/systemd/plugin.go:31.35,33.2 1 0
github.com/ebogdum/filemanager/internal/apps/systemd/plugin.go:36.39,38.2 1 0
github.com/ebogdum/filemanager/internal/apps/systemd/plugin.go:41.40,43.2 1 0
github.com/ebogdum/filemanager/internal/apps/systemd/plugin.go:46.44,131.2 1 0
github.com/ebogdum/filemanager/internal/apps/systemd/plugin.go:134.38,152.2 1 0
github.com/ebogdum/filemanager/internal/apps/systemd/plugin.go:155.73,159.9 3 0
github.com/ebogdum/filemanager/internal/apps/systemd/plugin.go:159.9,161.3 1 0
github.com/ebogdum/filemanager/internal/apps/systemd/plugin.go:164.2,170.33 2 0
github.com/ebogdum/filemanager/internal/apps/systemd/plugin.go:170.33,171.30 1 0
github.com/ebogdum/filemanager/internal/apps/systemd/plugin.go:171.30,176.4 1 0
github.com/ebogdum/filemanager/internal/apps/systemd/plugin.go:180.2,180.62 1 0
github.com/ebogdum/filemanager/internal/apps/systemd/plugin.go:180.62,183.3 2 0
github.com/ebogdum/filemanager/internal/apps/systemd/plugin.go:186.2,186.58 1 0
github.com/ebogdum/filemanager/internal/apps/systemd/plugin.go:186.58,189.3 2 0
github.com/ebogdum/filemanager/internal/apps/systemd/plugin.go:192.2,192.60 1 0
github.com/ebogdum/filemanager/internal/apps/systemd/plugin.go:192.60,195.3 2 0
github.com/ebogdum/filemanager/internal/apps/systemd/plugin.go:198.2,198.62 1 0
github.com/ebogdum/filemanager/internal/apps/systemd/plugin.go:198.62,201.3 2 0
github.com/ebogdum/filemanager/internal/apps/systemd/plugin.go:203.2,203.20 1 0
github.com/ebogdum/filemanager/internal/apps/systemd/plugin.go:206.83,214.2 7 0
github.com/ebogdum/filemanager/internal/apps/systemd/plugin.go:216.117,218.9 2 0
github.com/ebogdum/filemanager/internal/apps/systemd/plugin.go:218.9,220.3 1 0
github.com/ebogdum/filemanager/internal/apps/systemd/plugin.go:222.2,223.37 2 0
github.com/ebogdum/filemanager/internal/apps/systemd/plugin.go:223.37,225.3 1 0
github.com/ebogdum/filemanager/internal/apps/systemd/plugin.go:227.2,230.4 1 0
github.com/ebogdum/filemanager/internal/apps/systemd/plugin.go:233.81,236.99 2 0
github.com/ebogdum/filemanager/internal/apps/systemd/plugin.go:236.99,238.10 2 0
github.com/ebogdum/filemanager/internal/apps/systemd/plugin.go:238.10,239.12 1 0
github.com/ebogdum/filemanager/internal/apps/systemd/plugin.go:241.3,241.48 1 0
github.com/ebogdum/filemanager/internal/apps/systemd/plugin.go:241.48,242.12 1 0
github.com/ebogdum/filemanager/internal/apps/systemd/plugin.go:245.3,248.5 1 0
github.com/ebogdum/filemanager/internal/apps/systemd/plugin.go:251.2,251.15 1 0
github.com/ebogdum/filemanager/internal/apps/systemd/plugin.go:254.80,256.26 2 0
github.com/ebogdum/filemanager/internal/apps/systemd/plugin.go:256.26,258.3 1 0
github.com/ebogdum/filemanager/internal/apps/systemd/plugin.go:260.2,260.59 1 0
github.com/ebogdum/filemanager/internal/apps/systemd/plugin.go:260.59,262.3 1 0
github.com/ebogdum/filemanager/internal/apps/systemd/plugin.go:264.2,267.4 1 0
github.com/ebogdum/filemanager/internal/apps/systemd/plugin.go:270.58,271.31 1 0
github.com/ebogdum/filemanager/internal/apps/systemd/plugin.go:271.31,272.22 1 0
github.com/ebogdum/filemanager/internal/apps/systemd/plugin.go:272.22,274.4 1 0
github.com/ebogdum/filemanager/internal/apps/systemd/plugin.go:276.2,276.14 1 0
github.com/ebogdum/filemanager/internal/apps/systemd/plugin.go:279.79,285.29 4 0
github.com/ebogdum/filemanager/internal/apps/systemd/plugin.go:285.29,286.28 1 0
github.com/ebogdum/filemanager/internal/apps/systemd/plugin.go:286.28,288.9 2 0
github.com/ebogdum/filemanager/internal/apps/systemd/plugin.go:292.2,292.17 1 0
github.com/ebogdum/filemanager/internal/apps/systemd/plugin.go:292.17,297.3 1 0
github.com/ebogdum/filemanager/internal/apps/systemd/plugin.go:300.2,300.45 1 0
github.com/ebogdum/filemanager/internal/apps/systemd/plugin.go:300.45,302.35 2 0
github.com/ebogdum/filemanager/internal/apps/systemd/plugin.go:302.35,307.4 1 0
github.com/ebogdum/filemanager/internal/apps/systemd/plugin.go:310.2,310.15 1 0
github.com/ebogdum/filemanager/internal/apps/systemd/plugin.go:313.81,319.30 4 0
github.com/ebogdum/filemanager/internal/apps/systemd/plugin.go:319.30,320.29 1 0
github.com/ebogdum/filemanager/internal/apps/systemd/plugin.go:320.29,322.9 2 0
github.com/ebogdum/filemanager/internal/apps/systemd/plugin.go:326.2,326.18 1 0
github.com/ebogdum/filemanager/internal/apps/systemd/plugin.go:326.18,331.3 1 0
github.com/ebogdum/filemanager/internal/apps/systemd/plugin.go:333.2,333.15 1 0
github.com/ebogdum/filemanager/internal/apps/systemd/plugin.go:336.83,341.37 3 0
github.com/ebogdum/filemanager/internal/apps/systemd/plugin.go:341.37,342.36 1 0
github.com/ebogdum/filemanager/internal/apps/systemd/plugin.go:342.36,345.35 3 0
github.com/ebogdum/filemanager/internal/apps/systemd/plugin.go:345.35,346.33 1 0
github.com/ebogdum/filemanager/internal/apps/systemd/plugin.go:346.33,351.6 1 0
github.com/ebogdum/filemanager/internal/apps/systemd/plugin.go:356.2,356.15 1 0
github.com/ebogdum/filemanager/internal/apps/systemd/plugin.go:360.81,364.9 3 0
github.com/ebogdum/filemanager/internal/apps/systemd/plugin.go:364.9,366.3 1 0
github.com/ebogdum/filemanager/internal/apps/systemd/plugin.go:369.2,369.62 1 0
github.com/ebogdum/filemanager/internal/apps/systemd/plugin.go:369.62,373.27 2 0
github.com/ebogdum/filemanager/internal/apps/systemd/plugin.go:373.27,374.48 1 0
github.com/ebogdum/filemanager/internal/apps/systemd/plugin.go:374.48,379.5 1 0
github.com/ebogdum/filemanager/internal/apps/systemd/plugin.go:383.3,383.38 1 0
github.com/ebogdum/filemanager/internal/apps/systemd/plugin.go:383.38,385.43 2 0
github.com/ebogdum/filemanager/internal/apps/systemd/plugin.go:385.43,390.5 1 0
github.com/ebogdum/filemanager/internal/apps/systemd/plugin.go:391.9,397.4 1 0
github.com/ebogdum/filemanager/internal/apps/systemd/plugin.go:400.3,400.44 1 0
github.com/ebogdum/filemanager/internal/apps/systemd/plugin.go:400.44,401.46 1 0
github.com/ebogdum/filemanager/internal/apps/systemd/plugin.go:401.46,402.77 1 0
github.com/ebogdum/filemanager/internal/apps/systemd/plugin.go:402.77,407.6 1 0
github.com/ebogdum/filemanager/internal/apps/systemd/plugin.go:412.2,412.20 1 0
github.com/ebogdum/filemanager/internal/apps/systemd/plugin.go:416.53,418.9 2 0
github.com/ebogdum/filemanager/internal/apps/systemd/plugin.go:418.9,420.3 1 0
github.com/ebogdum/filemanager/internal/apps/systemd/plugin.go:422.2,426.39 3 0
github.com/ebogdum/filemanager/internal/apps/systemd/plugin.go:426.39,427.38 1 0
github.com/ebogdum/filemanager/internal/apps/systemd/plugin.go:427.38,429.4 1 0
github.com/ebogdum/filemanager/internal/apps/systemd/plugin.go:433.2,433.30 1 0
github.com/ebogdum/filemanager/internal/apps/systemd/plugin.go:433.30,434.38 1 0
github.com/ebogdum/filemanager/internal/apps/systemd/plugin.go:434.38,436.4 1 0
github.com/ebogdum/filemanager/internal/apps/systemd/plugin.go:439.2,439.20 1 0
github.com/ebogdum/filemanager/internal/apps/systemd/plugin.go:443.55,445.9 2 0
github.com/ebogdum/filemanager/internal/apps/systemd/plugin.go:445.9,447.3 1 0
github.com/ebogdum/filemanager/internal/apps/systemd/plugin.go:449.2,454.43 3 0
github.com/ebogdum/filemanager/internal/apps/systemd/plugin.go:454.43,456.10 2 0
github.com/ebogdum/filemanager/internal/apps/systemd/plugin.go:456.10,457.12 1 0
github.com/ebogdum/filemanager/internal/apps/systemd/plugin.go:460.3,461.10 2 0
github.com/ebogdum/filemanager/internal/apps/systemd/plugin.go:461.10,462.12 1 0
github.com/ebogdum/filemanager/internal/apps/systemd/plugin.go:465.3,466.17 2 0
github.com/ebogdum/filemanager/internal/apps/systemd/plugin.go:466.17,468.4 1 0
github.com/ebogdum/filemanager/internal/apps/systemd/plugin.go:471.3,472.29 2 0
github.com/ebogdum/filemanager/internal/apps/systemd/plugin.go:472.29,474.4 1 0
github.com/ebogdum/filemanager/internal/apps/systemd/plugin.go:475.3,477.28 2 0
github.com/ebogdum/filemanager/internal/apps/systemd/plugin.go:477.28,479.75 2 0
github.com/ebogdum/filemanager/internal/apps/systemd/plugin.go:479.75,481.5 1 0
github.com/ebogdum/filemanager/internal/apps/systemd/plugin.go:485.2,486.45 2 0
github.com/ebogdum/filemanager/internal/apps/systemd/plugin.go:486.45,488.3 1 0
github.com/ebogdum/filemanager/internal/apps/systemd/plugin.go:489.2,489.34 1 0
github.com/ebogdum/filemanager/internal/apps/systemd/plugin.go:493.55,495.16 2 0
github.com/ebogdum/filemanager/internal/apps/systemd/plugin.go:495.16,497.3 1 0
github.com/ebogdum/filemanager/internal/apps/systemd/plugin.go:499.2,501.41 2 0
github.com/ebogdum/filemanager/internal/apps/systemd/plugin.go:501.41,502.34 1 0
github.com/ebogdum/filemanager/internal/apps/systemd/plugin.go:502.34,503.12 1 0
github.com/ebogdum/filemanager/internal/apps/systemd/plugin.go:506.3,507.38 2 0
github.com/ebogdum/filemanager/internal/apps/systemd/plugin.go:507.38,509.4 1 0
github.com/ebogdum/filemanager/internal/apps/systemd/plugin.go:511.3,511.26 1 0
github.com/ebogdum/filemanager/internal/apps/systemd/plugin.go:511.26,513.4 1 0
github.com/ebogdum/filemanager/internal/apps/systemd/plugin.go:516.2,516.20 1 0
github.com/ebogdum/filemanager/internal/apps/systemd/plugin.go:520.56,524.27 3 0
github.com/ebogdum/filemanager/internal/apps/systemd/plugin.go:524.27,526.3 1 0
github.com/ebogdum/filemanager/internal/apps/systemd/plugin.go:528.2,531.28 2 0
github.com/ebogdum/filemanager/internal/apps/systemd/plugin.go:531.28,533.3 1 0
github.com/ebogdum/filemanager/internal/apps/systemd/plugin.go:536.2,536.31 1 0
github.com/ebogdum/filemanager/internal/apps/systemd/plugin.go:536.31,537.36 1 0
github.com/ebogdum/filemanager/internal/apps/systemd/plugin.go:537.36,541.4 2 0
github.com/ebogdum/filemanager/internal/apps/systemd/plugin.go:541.9,543.4 1 0
github.com/ebogdum/filemanager/internal/apps/systemd/plugin.go:546.2,546.20 1 0
github.com/ebogdum/filemanager/internal/apps/systemd/plugin.go:550.62,552.2 1 0
github.com/ebogdum/filemanager/internal/apps/systemd/plugin.go:558.37,560.32 1 0
github.com/ebogdum/filemanager/internal/apps/systemd/plugin.go:560.32,562.3 1 0
github.com/ebogdum/filemanager/internal/apps/systemd/plugin.go:563.2,563.37 1 0
github.com/ebogdum/filemanager/internal/apps/systemd/plugin.go:566.41,569.37 2 0
github.com/ebogdum/filemanager/internal/apps/systemd/plugin.go:569.37,570.20 1 0
github.com/ebogdum/filemanager/internal/apps/systemd/plugin.go:570.20,572.4 1 0
github.com/ebogdum/filemanager/internal/apps/systemd/plugin.go:575.2,575.19 1 0
github.com/ebogdum/filemanager/internal/apps/systemd/plugin.go:580.37,582.2 1 0
github.com/ebogdum/filemanager/internal/apps/systemd/plugin.go:584.26,585.14 1 0
github.com/ebogdum/filemanager/internal/apps/systemd/plugin.go:585.14,587.3 1 0
github.com/ebogdum/filemanager/internal/apps/systemd/plugin.go:588.2,588.25 1 0
github.com/ebogdum/filemanager/internal/apps/systemd/plugin.go:589.22,591.25 2 0
github.com/ebogdum/filemanager/internal/apps/systemd/plugin.go:591.25,593.4 1 0
github.com/ebogdum/filemanager/internal/apps/systemd/plugin.go:594.3,594.16 1 0
github.com/ebogdum/filemanager/internal/apps/systemd/plugin.go:595.13,597.25 2 0
github.com/ebogdum/filemanager/internal/apps/systemd/plugin.go:597.25,599.4 1 0
github.com/ebogdum/filemanager/internal/apps/systemd/plugin.go:600.3,600.16 1 0
github.com/ebogdum/filemanager/internal/apps/systemd/plugin.go:601.10,602.11 1 0
github.com/ebogdum/filemanager/internal/apps/systemd/plugin.go:606.48,610.27 3 0
github.com/ebogdum/filemanager/internal/apps/systemd/plugin.go:610.27,612.3 1 0
github.com/ebogdum/filemanager/internal/apps/systemd/plugin.go:614.2,615.28 2 0
github.com/ebogdum/filemanager/internal/apps/systemd/plugin.go:615.28,617.3 1 0
github.com/ebogdum/filemanager/internal/apps/systemd/plugin.go:618.2,618.31 1 0
github.com/ebogdum/filemanager/internal/apps/systemd/plugin.go:618.31,620.3 1 0
github.com/ebogdum/filemanager/internal/apps/systemd/plugin.go:621.2,621.20 1 0
github.com/ebogdum/filemanager/internal/apps/systemd/plugin.go:624.67,630.22 4 0
github.com/ebogdum/filemanager/internal/apps/systemd/plugin.go:630.22,631.55 1 0
github.com/ebogdum/filemanager/internal/apps/systemd/plugin.go:631.55,638.4 1 0
github.com/ebogdum/filemanager/internal/apps/systemd/plugin.go:639.3,639.22 1 0
github.com/ebogdum/filemanager/internal/apps/systemd/plugin.go:642.2,642.22 1 0
github.com/ebogdum/filemanager/internal/apps/systemd/plugin.go:642.22,650.3 2 0
github.com/ebogdum/filemanager/internal/apps/systemd/plugin.go:652.2,653.24 2 0
github.com/ebogdum/filemanager/internal/apps/systemd/plugin.go:653.24,655.3 1 0
github.com/ebogdum/filemanager/internal/apps/systemd/plugin.go:656.2,656.24 1 0
github.com/ebogdum/filemanager/internal/apps/systemd/plugin.go:656.24,658.3 1 0
github.com/ebogdum/filemanager/internal/apps/systemd/plugin.go:660.2,661.25 2 0
github.com/ebogdum/filemanager/internal/apps/systemd/plugin.go:661.25,663.3 1 0
github.com/ebogdum/filemanager/internal/apps/systemd/plugin.go:664.2,666.25 2 0
github.com/ebogdum/filemanager/internal/apps/systemd/plugin.go:666.25,668.17 2 0
github.com/ebogdum/filemanager/internal/apps/systemd/plugin.go:668.17,670.4 1 0
github.com/ebogdum/filemanager/internal/apps/systemd/plugin.go:672.3,675.14 3 0
github.com/ebogdum/filemanager/internal/apps/systemd/plugin.go:675.14,681.4 1 0
github.com/ebogdum/filemanager/internal/apps/systemd/plugin.go:681.9,681.21 1 0
github.com/ebogdum/filemanager/internal/apps/systemd/plugin.go:681.21,687.4 1 0
github.com/ebogdum/filemanager/internal/apps/systemd/plugin.go:687.9,690.4 2 0
github.com/ebogdum/filemanager/internal/apps/systemd/plugin.go:693.2,693.21 1 0
github.com/ebogdum/filemanager/internal/apps/postgresql/plugin.go:23.20,25.2 1 0
github.com/ebogdum/filemanager/internal/apps/postgresql/plugin.go:28.32,30.2 1 0
github.com/ebogdum/filemanager/internal/apps/postgresql/plugin.go:33.35,35.2 1 0
github.com/ebogdum/filemanager/internal/apps/postgresql/plugin.go:38.39,40.2 1 0
github.com/ebogdum/filemanager/internal/apps/postgresql/plugin.go:43.40,45.2 1 0
github.com/ebogdum/filemanager/internal/apps/postgresql/plugin.go:48.44,271.2 1 0
github.com/ebogdum/filemanager/internal/apps/postgresql/plugin.go:274.38,336.2 1 0
github.com/ebogdum/filemanager/internal/apps/postgresql/plugin.go:339.73,341.9 2 0
github.com/ebogdum/filemanager/internal/apps/postgresql/plugin.go:341.9,343.3 1 0
github.com/ebogdum/filemanager/internal/apps/postgresql/plugin.go:345.2,355.20 11 0
github.com/ebogdum/filemanager/internal/apps/postgresql/plugin.go:359.81,361.9 2 0
github.com/ebogdum/filemanager/internal/apps/postgresql/plugin.go:361.9,363.3 1 0
github.com/ebogdum/filemanager/internal/apps/postgresql/plugin.go:365.2,372.20 8 0
github.com/ebogdum/filemanager/internal/apps/postgresql/plugin.go:375.78,377.9 2 0
github.com/ebogdum/filemanager/internal/apps/postgresql/plugin.go:377.9,379.3 1 0
github.com/ebogdum/filemanager/internal/apps/postgresql/plugin.go:380.2,380.32 1 0
github.com/ebogdum/filemanager/internal/apps/postgresql/plugin.go:380.32,382.3 1 0
github.com/ebogdum/filemanager/internal/apps/postgresql/plugin.go:384.2,388.4 1 0
github.com/ebogdum/filemanager/internal/apps/postgresql/plugin.go:391.88,393.9 2 0
github.com/ebogdum/filemanager/internal/apps/postgresql/plugin.go:393.9,395.3 1 0
github.com/ebogdum/filemanager/internal/apps/postgresql/plugin.go:396.2,396.18 1 0
github.com/ebogdum/filemanager/internal/apps/postgresql/plugin.go:396.18,398.3 1 0
github.com/ebogdum/filemanager/internal/apps/postgresql/plugin.go:400.2,404.4 1 0
github.com/ebogdum/filemanager/internal/apps/postgresql/plugin.go:407.82,409.9 2 0
github.com/ebogdum/filemanager/internal/apps/postgresql/plugin.go:409.9,411.3 1 0
github.com/ebogdum/filemanager/internal/apps/postgresql/plugin.go:413.2,414.43 2 0
github.com/ebogdum/filemanager/internal/apps/postgresql/plugin.go:414.43,416.3 1 0
github.com/ebogdum/filemanager/internal/apps/postgresql/plugin.go:418.2,422.4 1 0
github.com/ebogdum/filemanager/internal/apps/postgresql/plugin.go:425.85,432.41 3 0
github.com/ebogdum/filemanager/internal/apps/postgresql/plugin.go:432.41,434.38 2 0
github.com/ebogdum/filemanager/internal/apps/postgresql/plugin.go:434.38,435.12 1 0
github.com/ebogdum/filemanager/internal/apps/postgresql/plugin.go:437.3,437.29 1 0
github.com/ebogdum/filemanager/internal/apps/postgresql/plugin.go:437.29,438.12 1 0
github.com/ebogdum/filemanager/internal/apps/postgresql/plugin.go:441.3,445.5 1 0
github.com/ebogdum/filemanager/internal/apps/postgresql/plugin.go:447.2,447.15 1 0
github.com/ebogdum/filemanager/internal/apps/postgresql/plugin.go:450.91,452.9 2 0
github.com/ebogdum/filemanager/internal/apps/postgresql/plugin.go:452.9,454.3 1 0
github.com/ebogdum/filemanager/internal/apps/postgresql/plugin.go:456.2,457.46 2 0
github.com/ebogdum/filemanager/internal/apps/postgresql/plugin.go:457.46,459.3 1 0
github.com/ebogdum/filemanager/internal/apps/postgresql/plugin.go:461.2,465.4 1 0
github.com/ebogdum/filemanager/internal/apps/postgresql/plugin.go:468.85,470.9 2 0
github.com/ebogdum/filemanager/internal/apps/postgresql/plugin.go:470.9,472.3 1 0
github.com/ebogdum/filemanager/internal/apps/postgresql/plugin.go:474.2,475.47 2 0
github.com/ebogdum/filemanager/internal/apps/postgresql/plugin.go:475.47,477.3 1 0
github.com/ebogdum/filemanager/internal/apps/postgresql/plugin.go:479.2,483.4 1 0
github.com/ebogdum/filemanager/internal/apps/postgresql/plugin.go:486.92,488.9 2 0
github.com/ebogdum/filemanager/internal/apps/postgresql/plugin.go:488.9,490.3 1 0
github.com/ebogdum/filemanager/internal/apps/postgresql/plugin.go:492.2,493.43 2 0
github.com/ebogdum/filemanager/internal/apps/postgresql/plugin.go:493.43,495.3 1 0
github.com/ebogdum/filemanager/internal/apps/postgresql/plugin.go:497.2,501.4 1 0
github.com/ebogdum/filemanager/internal/apps/postgresql/plugin.go:504.86,506.9 2 0
github.com/ebogdum/filemanager/internal/apps/postgresql/plugin.go:506.9,508.3 1 0
github.com/ebogdum/filemanager/internal/apps/postgresql/plugin.go:510.2,511.43 2 0
github.com/ebogdum/filemanager/internal/apps/postgresql/plugin.go:511.43,513.3 1 0
github.com/ebogdum/filemanager/internal/apps/postgresql/plugin.go:515.2,519.4 1 0
github.com/ebogdum/filemanager/internal/apps/postgresql/plugin.go:522.100,524.9 2 0
github.com/ebogdum/filemanager/internal/apps/postgresql/plugin.go:524.9,526.3 1 0
github.com/ebogdum/filemanager/internal/apps/postgresql/plugin.go:527.2,527.26 1 0
github.com/ebogdum/filemanager/internal/apps/postgresql/plugin.go:527.26,529.3 1 0
github.com/ebogdum/filemanager/internal/apps/postgresql/plugin.go:531.2,535.4 1 0
github.com/ebogdum/filemanager/internal/apps/postgresql/plugin.go:538.87,540.9 2 0
github.com/ebogdum/filemanager/internal/apps/postgresql/plugin.go:540.9,542.3 1 0
github.com/ebogdum/filemanager/internal/apps/postgresql/plugin.go:544.2,545.22 2 0
github.com/ebogdum/filemanager/internal/apps/postgresql/plugin.go:545.22,547.3 1 0
github.com/ebogdum/filemanager/internal/apps/postgresql/plugin.go:549.2,550.33 2 0
github.com/ebogdum/filemanager/internal/apps/postgresql/plugin.go:550.33,556.3 1 0
github.com/ebogdum/filemanager/internal/apps/postgresql/plugin.go:558.2,559.9 2 0
github.com/ebogdum/filemanager/internal/apps/postgresql/plugin.go:559.9,561.3 1 0
github.com/ebogdum/filemanager/internal/apps/postgresql/plugin.go:563.2,564.48 2 0
github.com/ebogdum/filemanager/internal/apps/postgresql/plugin.go:564.48,570.3 1 0
github.com/ebogdum/filemanager/internal/apps/postgresql/plugin.go:571.2,571.15 1 0
github.com/ebogdum/filemanager/internal/apps/postgresql/plugin.go:574.88,577.67 3 0
github.com/ebogdum/filemanager/internal/apps/postgresql/plugin.go:577.67,579.3 1 0
github.com/ebogdum/filemanager/internal/apps/postgresql/plugin.go:581.2,585.4 1 0
github.com/ebogdum/filemanager/internal/apps/postgresql/plugin.go:588.89,591.78 3 0
github.com/ebogdum/filemanager/internal/apps/postgresql/plugin.go:591.78,593.3 1 0
github.com/ebogdum/filemanager/internal/apps/postgresql/plugin.go:595.2,599.4 1 0
github.com/ebogdum/filemanager/internal/apps/postgresql/plugin.go:602.83,605.76 3 0
github.com/ebogdum/filemanager/internal/apps/postgresql/plugin.go:605.76,607.3 1 0
github.com/ebogdum/filemanager/internal/apps/postgresql/plugin.go:609.2,613.4 1 0
github.com/ebogdum/filemanager/internal/apps/postgresql/plugin.go:616.96,619.78 3 0
github.com/ebogdum/filemanager/internal/apps/postgresql/plugin.go:619.78,621.3 1 0
github.com/ebogdum/filemanager/internal/apps/postgresql/plugin.go:623.2,627.4 1 0
github.com/ebogdum/filemanager/internal/apps/postgresql/plugin.go:630.87,632.9 2 0
github.com/ebogdum/filemanager/internal/apps/postgresql/plugin.go:632.9,634.3 1 0
github.com/ebogdum/filemanager/internal/apps/postgresql/plugin.go:636.2,637.20 2 0
github.com/ebogdum/filemanager/internal/apps/postgresql/plugin.go:637.20,639.3 1 0
github.com/ebogdum/filemanager/internal/apps/postgresql/plugin.go:641.2,642.64 2 0
github.com/ebogdum/filemanager/internal/apps/postgresql/plugin.go:642.64,644.3 1 0
github.com/ebogdum/filemanager/internal/apps/postgresql/plugin.go:646.2,647.39 2 0
github.com/ebogdum/filemanager/internal/apps/postgresql/plugin.go:647.39,649.3 1 0
github.com/ebogdum/filemanager/internal/apps/postgresql/plugin.go:651.2,655.4 1 0
github.com/ebogdum/filemanager/internal/apps/postgresql/plugin.go:658.36,659.23 1 0
github.com/ebogdum/filemanager/internal/apps/postgresql/plugin.go:660.11,661.17 1 0
github.com/ebogdum/filemanager/internal/apps/postgresql/plugin.go:662.13,663.22 1 0
github.com/ebogdum/filemanager/internal/apps/postgresql/plugin.go:664.15,665.22 1 0
github.com/ebogdum/filemanager/internal/apps/postgresql/plugin.go:666.10,667.18 1 0
github.com/ebogdum/filemanager/internal/apps/postgresql/plugin.go:671.42,672.23 1 0
github.com/ebogdum/filemanager/internal/apps/postgresql/plugin.go:673.15,674.17 1 0
github.com/ebogdum/filemanager/internal/apps/postgresql/plugin.go:675.11,676.26 1 0
github.com/ebogdum/filemanager/internal/apps/postgresql/plugin.go:677.13,678.26 1 0
github.com/ebogdum/filemanager/internal/apps/postgresql/plugin.go:679.10,680.18 1 0
github.com/ebogdum/filemanager/internal/apps/postgresql/plugin.go:684.61,685.31 1 0
github.com/ebogdum/filemanager/internal/apps/postgresql/plugin.go:685.31,686.42 1 0
github.com/ebogdum/filemanager/internal/apps/postgresql/plugin.go:686.42,688.4 1 0
github.com/ebogdum/filemanager/internal/apps/postgresql/plugin.go:690.2,690.14 1 0
github.com/ebogdum/filemanager/internal/apps/postgresql/plugin.go:694.39,697.2 2 0
github.com/ebogdum/filemanager/internal/apps/postgresql/plugin.go:700.38,703.22 3 0
github.com/ebogdum/filemanager/internal/apps/postgresql/plugin.go:703.22,705.3 1 0
github.com/ebogdum/filemanager/internal/apps/postgresql/plugin.go:707.2,708.16 2 0
github.com/ebogdum/filemanager/internal/apps/postgresql/plugin.go:708.16,710.3 1 0
github.com/ebogdum/filemanager/internal/apps/postgresql/plugin.go:712.2,713.43 2 0
github.com/ebogdum/filemanager/internal/apps/postgresql/plugin.go:713.43,715.3 1 0
github.com/ebogdum/filemanager/internal/apps/postgresql/plugin.go:717.2,717.14 1 0
github.com/ebogdum/filemanager/internal/apps/postgresql/plugin.go:718.11,719.15 1 0
github.com/ebogdum/filemanager/internal/apps/postgresql/plugin.go:720.12,721.22 1 0
github.com/ebogdum/filemanager/internal/apps/postgresql/plugin.go:722.12,723.29 1 0
github.com/ebogdum/filemanager/internal/apps/postgresql/plugin.go:724.12,725.36 1 0
github.com/ebogdum/filemanager/internal/apps/postgresql/plugin.go:726.12,727.43 1 0
github.com/ebogdum/filemanager/internal/apps/postgresql/plugin.go:728.12,729.50 1 0
github.com/ebogdum/filemanager/internal/apps/postgresql/plugin.go:730.10,731.15 1 0
github.com/ebogdum/filemanager/internal/apps/postgresql/plugin.go:736.38,738.18 2 0
github.com/ebogdum/filemanager/internal/apps/postgresql/plugin.go:738.18,740.3 1 0
github.com/ebogdum/filemanager/internal/apps/postgresql/plugin.go:741.2,742.46 2 0
github.com/ebogdum/filemanager/internal/apps/postgresql/plugin.go:742.46,745.3 2 0
github.com/ebogdum/filemanager/internal/apps/postgresql/plugin.go:746.2,746.76 1 0
github.com/ebogdum/filemanager/internal/apps/postgresql/plugin.go:750.53,752.9 2 0
github.com/ebogdum/filemanager/internal/apps/postgresql/plugin.go:752.9,754.3 1 0
github.com/ebogdum/filemanager/internal/apps/postgresql/plugin.go:757.2,757.57 1 0
github.com/ebogdum/filemanager/internal/apps/postgresql/plugin.go:757.57,759.3 1 0
github.com/ebogdum/filemanager/internal/apps/postgresql/plugin.go:762.2,762.68 1 0
github.com/ebogdum/filemanager/internal/apps/postgresql/plugin.go:762.68,764.3 1 0
github.com/ebogdum/filemanager/internal/apps/postgresql/plugin.go:767.2,767.63 1 0
github.com/ebogdum/filemanager/internal/apps/postgresql/plugin.go:767.63,769.3 1 0
github.com/ebogdum/filemanager/internal/apps/postgresql/plugin.go:772.2,773.35 2 0
github.com/ebogdum/filemanager/internal/apps/postgresql/plugin.go:773.35,774.47 1 0
github.com/ebogdum/filemanager/internal/apps/postgresql/plugin.go:774.47,776.74 2 0
github.com/ebogdum/filemanager/internal/apps/postgresql/plugin.go:776.74,778.5 1 0
github.com/ebogdum/filemanager/internal/apps/postgresql/plugin.go:778.10,778.82 1 0
github.com/ebogdum/filemanager/internal/apps/postgresql/plugin.go:778.82,780.5 1 0
github.com/ebogdum/filemanager/internal/apps/postgresql/plugin.go:784.2,784.23 1 0
github.com/ebogdum/filemanager/internal/apps/postgresql/plugin.go:788.55,790.9 2 0
github.com/ebogdum/filemanager/internal/apps/postgresql/plugin.go:790.9,792.3 1 0
github.com/ebogdum/filemanager/internal/apps/postgresql/plugin.go:794.2,798.27 3 0
github.com/ebogdum/filemanager/internal/apps/postgresql/plugin.go:798.27,800.3 1 0
github.com/ebogdum/filemanager/internal/apps/postgresql/plugin.go:801.2,803.27 2 0
github.com/ebogdum/filemanager/internal/apps/postgresql/plugin.go:803.27,805.66 2 0
github.com/ebogdum/filemanager/internal/apps/postgresql/plugin.go:805.66,807.4 1 0
github.com/ebogdum/filemanager/internal/apps/postgresql/plugin.go:810.2,810.25 1 0
github.com/ebogdum/filemanager/internal/apps/postgresql/plugin.go:814.77,815.27 1 0
github.com/ebogdum/filemanager/internal/apps/postgresql/plugin.go:816.11,818.13 1 0
github.com/ebogdum/filemanager/internal/apps/postgresql/plugin.go:819.12,820.8 1 0
github.com/ebogdum/filemanager/internal/apps/postgresql/plugin.go:820.8,822.4 1 0
github.com/ebogdum/filemanager/internal/apps/postgresql/plugin.go:822.9,824.4 1 0
github.com/ebogdum/filemanager/internal/apps/postgresql/plugin.go:825.18,826.40 1 0
github.com/ebogdum/filemanager/internal/apps/postgresql/plugin.go:827.15,829.27 1 0
github.com/ebogdum/filemanager/internal/apps/postgresql/plugin.go:829.27,831.4 1 0
github.com/ebogdum/filemanager/internal/apps/postgresql/plugin.go:831.9,833.4 1 0
github.com/ebogdum/filemanager/internal/apps/postgresql/plugin.go:834.14,835.14 1 0
github.com/ebogdum/filemanager/internal/apps/postgresql/plugin.go:835.14,837.4 1 0
github.com/ebogdum/filemanager/internal/apps/postgresql/plugin.go:837.9,837.29 1 0
github.com/ebogdum/filemanager/internal/apps/postgresql/plugin.go:837.29,841.4 2 0
github.com/ebogdum/filemanager/internal/apps/postgresql/plugin.go:841.9,843.4 1 0
github.com/ebogdum/filemanager/internal/apps/postgresql/plugin.go:844.13,848.26 2 0
github.com/ebogdum/filemanager/internal/apps/postgresql/plugin.go:848.26,850.4 1 0
github.com/ebogdum/filemanager/internal/apps/postgresql/plugin.go:851.3,852.47 2 0
github.com/ebogdum/filemanager/internal/apps/postgresql/plugin.go:853.16,855.47 2 0
github.com/ebogdum/filemanager/internal/apps/postgresql/plugin.go:856.10,857.40 1 0
github.com/ebogdum/filemanager/internal/apps/postgresql/plugin.go:859.2,859.12 1 0
github.com/ebogdum/filemanager/internal/apps/postgresql/plugin.go:863.34,865.46 1 0
github.com/ebogdum/filemanager/internal/apps/postgresql/plugin.go:865.46,867.3 1 0
github.com/ebogdum/filemanager/internal/apps/postgresql/plugin.go:869.2,869.16 1 0
github.com/ebogdum/filemanager/internal/apps/postgresql/plugin.go:869.16,872.32 2 0
github.com/ebogdum/filemanager/internal/apps/postgresql/plugin.go:872.32,874.4 1 0
github.com/ebogdum/filemanager/internal/apps/postgresql/plugin.go:876.3,877.37 2 0
github.com/ebogdum/filemanager/internal/apps/postgresql/plugin.go:877.37,879.4 1 0
github.com/ebogdum/filemanager/internal/apps/postgresql/plugin.go:882.2,882.58 1 0
github.com/ebogdum/filemanager/internal/apps/postgresql/plugin.go:882.58,884.3 1 0
github.com/ebogdum/filemanager/internal/apps/postgresql/plugin.go:885.2,885.14 1 0
github.com/ebogdum/filemanager/internal/apps/postgresql/plugin.go:889.55,893.21 3 0
github.com/ebogdum/filemanager/internal/apps/postgresql/plugin.go:893.21,897.49 2 0
github.com/ebogdum/filemanager/internal/apps/postgresql/plugin.go:897.49,898.12 1 0
github.com/ebogdum/filemanager/internal/apps/postgresql/plugin.go:902.3,903.16 2 0
github.com/ebogdum/filemanager/internal/apps/postgresql/plugin.go:903.16,904.12 1 0
github.com/ebogdum/filemanager/internal/apps/postgresql/plugin.go:907.3,911.62 3 0
github.com/ebogdum/filemanager/internal/apps/postgresql/plugin.go:911.62,913.42 1 0
github.com/ebogdum/filemanager/internal/apps/postgresql/plugin.go:913.42,915.5 1 0
github.com/ebogdum/filemanager/internal/apps/postgresql/plugin.go:919.3,920.71 1 0
github.com/ebogdum/filemanager/internal/apps/postgresql/plugin.go:920.71,925.4 3 0
github.com/ebogdum/filemanager/internal/apps/postgresql/plugin.go:928.3,928.44 1 0
github.com/ebogdum/filemanager/internal/apps/postgresql/plugin.go:931.2,931.38 1 0
github.com/ebogdum/filemanager/internal/apps/postgresql/plugin.go:931.38,933.3 1 0
github.com/ebogdum/filemanager/internal/apps/postgresql/plugin.go:935.2,935.20 1 0
github.com/ebogdum/filemanager/internal/apps/postgresql/plugin.go:939.45,942.41 3 0
github.com/ebogdum/filemanager/internal/apps/postgresql/plugin.go:942.41,943.15 1 0
github.com/ebogdum/filemanager/internal/apps/postgresql/plugin.go:944.13,945.22 1 0
github.com/ebogdum/filemanager/internal/apps/postgresql/plugin.go:945.22,947.5 1 0
github.com/ebogdum/filemanager/internal/apps/postgresql/plugin.go:948.12,949.22 1 0
github.com/ebogdum/filemanager/internal/apps/postgresql/plugin.go:949.22,951.5 1 0
github.com/ebogdum/filemanager/internal/apps/postgresql/plugin.go:954.2,954.39 1 0
github.com/ebogdum/filemanager/internal/apps/postgresql/plugin.go:958.41,961.56 2 0
github.com/ebogdum/filemanager/internal/apps/postgresql/plugin.go:961.56,963.3 1 0
github.com/ebogdum/filemanager/internal/apps/postgresql/plugin.go:964.2,964.57 1 0
github.com/ebogdum/filemanager/internal/apps/postgresql/plugin.go:964.57,966.3 1 0
github.com/ebogdum/filemanager/internal/apps/postgresql/plugin.go:969.2,969.55 1 0
github.com/ebogdum/filemanager/internal/apps/postgresql/plugin.go:969.55,971.3 1 0
github.com/ebogdum/filemanager/internal/apps/postgresql/plugin.go:974.2,974.53 1 0
github.com/ebogdum/filemanager/internal/apps/postgresql/plugin.go:974.53,976.29 1 0
github.com/ebogdum/filemanager/internal/apps/postgresql/plugin.go:976.29,978.4 1 0
github.com/ebogdum/filemanager/internal/apps/postgresql/plugin.go:979.3,979.16 1 0
github.com/ebogdum/filemanager/internal/apps/postgresql/plugin.go:982.2,982.10 1 0
github.com/ebogdum/filemanager/internal/apps/postgresql/plugin.go:986.56,988.9 2 0
github.com/ebogdum/filemanager/internal/apps/postgresql/plugin.go:988.9,990.3 1 0
github.com/ebogdum/filemanager/internal/apps/postgresql/plugin.go:992.2,993.9 2 0
github.com/ebogdum/filemanager/internal/apps/postgresql/plugin.go:993.9,995.3 1 0
github.com/ebogdum/filemanager/internal/apps/postgresql/plugin.go:997.2,1000.28 2 0
github.com/ebogdum/filemanager/internal/apps/postgresql/plugin.go:1000.28,1002.3 1 0
github.com/ebogdum/filemanager/internal/apps/postgresql/plugin.go:1005.2,1005.31 1 0
github.com/ebogdum/filemanager/internal/apps/postgresql/plugin.go:1005.31,1007.3 1 0
github.com/ebogdum/filemanager/internal/apps/postgresql/plugin.go:1009.2,1009.20 1 0
github.com/ebogdum/filemanager/internal/apps/postgresql/plugin.go:1013.62,1020.32 4 0
github.com/ebogdum/filemanager/internal/apps/postgresql/plugin.go:1020.32,1022.14 2 0
github.com/ebogdum/filemanager/internal/apps/postgresql/plugin.go:1022.14,1028.12 2 0
github.com/ebogdum/filemanager/internal/apps/postgresql/plugin.go:1031.3,1031.35 1 0
github.com/ebogdum/filemanager/internal/apps/postgresql/plugin.go:1031.35,1038.4 1 0
github.com/ebogdum/filemanager/internal/apps/postgresql/plugin.go:1042.2,1042.32 1 0
github.com/ebogdum/filemanager/internal/apps/postgresql/plugin.go:1042.32,1043.38 1 0
github.com/ebogdum/filemanager/internal/apps/postgresql/plugin.go:1043.38,1049.4 1 0
github.com/ebogdum/filemanager/internal/apps/postgresql/plugin.go:1052.2,1052.21 1 0
github.com/ebogdum/filemanager/internal/apps/postgresql/plugin.go:1056.33,1060.2 3 0
github.com/ebogdum/filemanager/internal/apps/nginx/plugin.go:23.20,25.2 1 0
github.com/ebogdum/filemanager/internal/apps/nginx/plugin.go:28.32,30.2 1 0
github.com/ebogdum/filemanager/internal/apps/nginx/plugin.go:33.35,35.2 1 0
github.com/ebogdum/filemanager/internal/apps/nginx/plugin.go:38.39,40.2 1 0
github.com/ebogdum/filemanager/internal/apps/nginx/plugin.go:43.40,45.2 1 0
github.com/ebogdum/filemanager/internal/apps/nginx/plugin.go:48.44,146.2 1 0
github.com/ebogdum/filemanager/internal/apps/nginx/plugin.go:149.38,164.2 1 0
github.com/ebogdum/filemanager/internal/apps/nginx/plugin.go:167.73,171.9 3 0
github.com/ebogdum/filemanager/internal/apps/nginx/plugin.go:171.9,173.3 1 0
github.com/ebogdum/filemanager/internal/apps/nginx/plugin.go:176.2,176.43 1 0
github.com/ebogdum/filemanager/internal/apps/nginx/plugin.go:176.43,177.51 1 0
github.com/ebogdum/filemanager/internal/apps/nginx/plugin.go:177.51,178.53 1 0
github.com/ebogdum/filemanager/internal/apps/nginx/plugin.go:178.53,179.30 1 0
github.com/ebogdum/filemanager/internal/apps/nginx/plugin.go:179.30,184.6 1 0
github.com/ebogdum/filemanager/internal/apps/nginx/plugin.go:190.2,190.39 1 0
github.com/ebogdum/filemanager/internal/apps/nginx/plugin.go:190.39,193.3 2 0
github.com/ebogdum/filemanager/internal/apps/nginx/plugin.go:195.2,195.20 1 0
github.com/ebogdum/filemanager/internal/apps/nginx/plugin.go:199.84,203.9 3 0
github.com/ebogdum/filemanager/internal/apps/nginx/plugin.go:203.9,205.3 1 0
github.com/ebogdum/filemanager/internal/apps/nginx/plugin.go:208.2,208.42 1 0
github.com/ebogdum/filemanager/internal/apps/nginx/plugin.go:208.42,209.30 1 0
github.com/ebogdum/filemanager/internal/apps/nginx/plugin.go:210.14,211.29 1 0
github.com/ebogdum/filemanager/internal/apps/nginx/plugin.go:211.29,215.5 3 0
github.com/ebogdum/filemanager/internal/apps/nginx/plugin.go:216.23,218.44 2 0
github.com/ebogdum/filemanager/internal/apps/nginx/plugin.go:222.2,222.15 1 0
github.com/ebogdum/filemanager/internal/apps/nginx/plugin.go:226.88,230.9 3 0
github.com/ebogdum/filemanager/internal/apps/nginx/plugin.go:230.9,232.3 1 0
github.com/ebogdum/filemanager/internal/apps/nginx/plugin.go:235.2,235.39 1 0
github.com/ebogdum/filemanager/internal/apps/nginx/plugin.go:235.39,240.3 1 0
github.com/ebogdum/filemanager/internal/apps/nginx/plugin.go:243.2,243.48 1 0
github.com/ebogdum/filemanager/internal/apps/nginx/plugin.go:243.48,244.32 1 0
github.com/ebogdum/filemanager/internal/apps/nginx/plugin.go:245.14,246.26 1 0
github.com/ebogdum/filemanager/internal/apps/nginx/plugin.go:246.26,250.5 3 0
github.com/ebogdum/filemanager/internal/apps/nginx/plugin.go:251.23,253.41 2 0
github.com/ebogdum/filemanager/internal/apps/nginx/plugin.go:257.2,257.15 1 0
github.com/ebogdum/filemanager/internal/apps/nginx/plugin.go:261.92,265.9 3 0
github.com/ebogdum/filemanager/internal/apps/nginx/plugin.go:265.9,267.3 1 0
github.com/ebogdum/filemanager/internal/apps/nginx/plugin.go:270.2,270.34 1 0
github.com/ebogdum/filemanager/internal/apps/nginx/plugin.go:270.34,275.3 1 0
github.com/ebogdum/filemanager/internal/apps/nginx/plugin.go:278.2,280.25 3 0
github.com/ebogdum/filemanager/internal/apps/nginx/plugin.go:280.25,285.3 1 0
github.com/ebogdum/filemanager/internal/apps/nginx/plugin.go:287.2,287.15 1 0
github.com/ebogdum/filemanager/internal/apps/nginx/plugin.go:291.81,295.9 3 0
github.com/ebogdum/filemanager/internal/apps/nginx/plugin.go:295.9,297.3 1 0
github.com/ebogdum/filemanager/internal/apps/nginx/plugin.go:300.2,300.56 1 0
github.com/ebogdum/filemanager/internal/apps/nginx/plugin.go:300.56,302.50 1 0
github.com/ebogdum/filemanager/internal/apps/nginx/plugin.go:302.50,303.40 1 0
github.com/ebogdum/filemanager/internal/apps/nginx/plugin.go:303.40,308.5 1 0
github.com/ebogdum/filemanager/internal/apps/nginx/plugin.go:312.2,312.20 1 0
github.com/ebogdum/filemanager/internal/apps/nginx/plugin.go:316.53,318.9 2 0
github.com/ebogdum/filemanager/internal/apps/nginx/plugin.go:318.9,320.3 1 0
github.com/ebogdum/filemanager/internal/apps/nginx/plugin.go:322.2,325.30 2 0
github.com/ebogdum/filemanager/internal/apps/nginx/plugin.go:325.30,326.12 1 0
github.com/ebogdum/filemanager/internal/apps/nginx/plugin.go:327.27,329.36 1 0
github.com/ebogdum/filemanager/internal/apps/nginx/plugin.go:330.28,332.36 1 0
github.com/ebogdum/filemanager/internal/apps/nginx/plugin.go:333.11,335.44 1 0
github.com/ebogdum/filemanager/internal/apps/nginx/plugin.go:335.44,338.5 2 0
github.com/ebogdum/filemanager/internal/apps/nginx/plugin.go:338.10,340.5 1 0
github.com/ebogdum/filemanager/internal/apps/nginx/plugin.go:344.2,344.20 1 0
github.com/ebogdum/filemanager/internal/apps/nginx/plugin.go:348.55,350.55 2 0
github.com/ebogdum/filemanager/internal/apps/nginx/plugin.go:350.55,352.3 1 0
github.com/ebogdum/filemanager/internal/apps/nginx/plugin.go:353.2,353.25 1 0
github.com/ebogdum/filemanager/internal/apps/nginx/plugin.go:357.73,359.9 2 0
github.com/ebogdum/filemanager/internal/apps/nginx/plugin.go:359.9,361.3 1 0
github.com/ebogdum/filemanager/internal/apps/nginx/plugin.go:363.2,367.27 3 0
github.com/ebogdum/filemanager/internal/apps/nginx/plugin.go:367.27,369.3 1 0
github.com/ebogdum/filemanager/internal/apps/nginx/plugin.go:370.2,376.25 4 0
github.com/ebogdum/filemanager/internal/apps/nginx/plugin.go:376.25,378.20 2 0
github.com/ebogdum/filemanager/internal/apps/nginx/plugin.go:378.20,380.4 1 0
github.com/ebogdum/filemanager/internal/apps/nginx/plugin.go:380.9,382.4 1 0
github.com/ebogdum/filemanager/internal/apps/nginx/plugin.go:386.2,386.31 1 0
github.com/ebogdum/filemanager/internal/apps/nginx/plugin.go:386.31,388.62 2 0
github.com/ebogdum/filemanager/internal/apps/nginx/plugin.go:388.62,390.4 1 0
github.com/ebogdum/filemanager/internal/apps/nginx/plugin.go:394.2,394.44 1 0
github.com/ebogdum/filemanager/internal/apps/nginx/plugin.go:394.44,396.3 1 0
github.com/ebogdum/filemanager/internal/apps/nginx/plugin.go:399.2,399.27 1 0
github.com/ebogdum/filemanager/internal/apps/nginx/plugin.go:399.27,401.55 2 0
github.com/ebogdum/filemanager/internal/apps/nginx/plugin.go:401.55,403.4 1 0
github.com/ebogdum/filemanager/internal/apps/nginx/plugin.go:404.3,404.24 1 0
github.com/ebogdum/filemanager/internal/apps/nginx/plugin.go:404.24,406.4 1 0
github.com/ebogdum/filemanager/internal/apps/nginx/plugin.go:409.2,409.12 1 0
github.com/ebogdum/filemanager/internal/apps/nginx/plugin.go:413.91,414.27 1 0
github.com/ebogdum/filemanager/internal/apps/nginx/plugin.go:415.13,417.26 1 0
github.com/ebogdum/filemanager/internal/apps/nginx/plugin.go:417.26,419.4 1 0
github.com/ebogdum/filemanager/internal/apps/nginx/plugin.go:420.16,421.26 1 0
github.com/ebogdum/filemanager/internal/apps/nginx/plugin.go:421.26,423.4 1 0
github.com/ebogdum/filemanager/internal/apps/nginx/plugin.go:424.12,425.8 1 0
github.com/ebogdum/filemanager/internal/apps/nginx/plugin.go:425.8,427.4 1 0
github.com/ebogdum/filemanager/internal/apps/nginx/plugin.go:427.9,429.4 1 0
github.com/ebogdum/filemanager/internal/apps/nginx/plugin.go:430.10,431.61 1 0
github.com/ebogdum/filemanager/internal/apps/nginx/plugin.go:433.2,433.12 1 0
github.com/ebogdum/filemanager/internal/apps/nginx/plugin.go:437.84,438.27 1 0
github.com/ebogdum/filemanager/internal/apps/nginx/plugin.go:439.13,440.46 1 0
github.com/ebogdum/filemanager/internal/apps/nginx/plugin.go:441.22,442.48 1 0
github.com/ebogdum/filemanager/internal/apps/nginx/plugin.go:443.10,444.13 1 0
github.com/ebogdum/filemanager/internal/apps/nginx/plugin.go:448.90,449.29 1 0
github.com/ebogdum/filemanager/internal/apps/nginx/plugin.go:449.29,451.10 2 0
github.com/ebogdum/filemanager/internal/apps/nginx/plugin.go:451.10,452.12 1 0
github.com/ebogdum/filemanager/internal/apps/nginx/plugin.go:455.3,455.75 1 0
github.com/ebogdum/filemanager/internal/apps/nginx/plugin.go:455.75,457.4 1 0
github.com/ebogdum/filemanager/internal/apps/nginx/plugin.go:459.3,459.23 1 0
github.com/ebogdum/filemanager/internal/apps/nginx/plugin.go:459.23,461.4 1 0
github.com/ebogdum/filemanager/internal/apps/nginx/plugin.go:463.2,463.12 1 0
github.com/ebogdum/filemanager/internal/apps/nginx/plugin.go:466.101,468.2 1 0
github.com/ebogdum/filemanager/internal/apps/nginx/plugin.go:470.112,475.58 4 0
github.com/ebogdum/filemanager/internal/apps/nginx/plugin.go:475.58,477.3 1 0
github.com/ebogdum/filemanager/internal/apps/nginx/plugin.go:479.2,480.12 2 0
github.com/ebogdum/filemanager/internal/apps/nginx/plugin.go:483.78,484.12 1 0
github.com/ebogdum/filemanager/internal/apps/nginx/plugin.go:484.12,486.3 1 0
github.com/ebogdum/filemanager/internal/apps/nginx/plugin.go:488.2,488.24 1 0
github.com/ebogdum/filemanager/internal/apps/nginx/plugin.go:488.24,490.3 1 0
github.com/ebogdum/filemanager/internal/apps/nginx/plugin.go:491.2,491.44 1 0
github.com/ebogdum/filemanager/internal/apps/nginx/plugin.go:491.44,493.3 1 0
github.com/ebogdum/filemanager/internal/apps/nginx/plugin.go:494.2,494.34 1 0
github.com/ebogdum/filemanager/internal/apps/nginx/plugin.go:497.68,503.21 5 0
github.com/ebogdum/filemanager/internal/apps/nginx/plugin.go:503.21,505.3 1 0
github.com/ebogdum/filemanager/internal/apps/nginx/plugin.go:506.2,506.43 1 0
github.com/ebogdum/filemanager/internal/apps/nginx/plugin.go:509.70,512.22 3 0
github.com/ebogdum/filemanager/internal/apps/nginx/plugin.go:512.22,514.3 1 0
github.com/ebogdum/filemanager/internal/apps/nginx/plugin.go:515.2,515.34 1 0
github.com/ebogdum/filemanager/internal/apps/nginx/plugin.go:519.55,525.2 2 0
github.com/ebogdum/filemanager/internal/apps/nginx/plugin.go:533.55,536.23 2 0
github.com/ebogdum/filemanager/internal/apps/nginx/plugin.go:536.23,541.49 3 0
github.com/ebogdum/filemanager/internal/apps/nginx/plugin.go:541.49,542.12 1 0
github.com/ebogdum/filemanager/internal/apps/nginx/plugin.go:546.3,547.23 2 0
github.com/ebogdum/filemanager/internal/apps/nginx/plugin.go:547.23,548.12 1 0
github.com/ebogdum/filemanager/internal/apps/nginx/plugin.go:552.3,552.65 1 0
github.com/ebogdum/filemanager/internal/apps/nginx/plugin.go:552.65,554.4 1 0
github.com/ebogdum/filemanager/internal/apps/nginx/plugin.go:557.2,557.32 1 0
github.com/ebogdum/filemanager/internal/apps/nginx/plugin.go:560.91,561.22 1 0
github.com/ebogdum/filemanager/internal/apps/nginx/plugin.go:561.22,563.3 1 0
github.com/ebogdum/filemanager/internal/apps/nginx/plugin.go:565.2,569.22 3 0
github.com/ebogdum/filemanager/internal/apps/nginx/plugin.go:569.22,572.17 2 0
github.com/ebogdum/filemanager/internal/apps/nginx/plugin.go:572.17,574.4 1 0
github.com/ebogdum/filemanager/internal/apps/nginx/plugin.go:577.3,577.22 1 0
github.com/ebogdum/filemanager/internal/apps/nginx/plugin.go:577.22,580.26 2 0
github.com/ebogdum/filemanager/internal/apps/nginx/plugin.go:580.26,582.23 1 0
github.com/ebogdum/filemanager/internal/apps/nginx/plugin.go:582.23,584.6 1 0
github.com/ebogdum/filemanager/internal/apps/nginx/plugin.go:584.11,584.30 1 0
github.com/ebogdum/filemanager/internal/apps/nginx/plugin.go:584.30,587.6 2 0
github.com/ebogdum/filemanager/internal/apps/nginx/plugin.go:588.10,588.33 1 0
github.com/ebogdum/filemanager/internal/apps/nginx/plugin.go:588.33,590.5 1 0
github.com/ebogdum/filemanager/internal/apps/nginx/plugin.go:594.3,594.39 1 0
github.com/ebogdum/filemanager/internal/apps/nginx/plugin.go:594.39,595.32 1 0
github.com/ebogdum/filemanager/internal/apps/nginx/plugin.go:596.15,597.43 1 0
github.com/ebogdum/filemanager/internal/apps/nginx/plugin.go:598.12,599.42 1 0
github.com/ebogdum/filemanager/internal/apps/nginx/plugin.go:601.9,603.4 1 0
github.com/ebogdum/filemanager/internal/apps/nginx/plugin.go:604.8,604.29 1 0
github.com/ebogdum/filemanager/internal/apps/nginx/plugin.go:604.29,608.3 2 0
github.com/ebogdum/filemanager/internal/apps/nginx/plugin.go:608.8,612.51 2 0
github.com/ebogdum/filemanager/internal/apps/nginx/plugin.go:612.51,614.4 1 0
github.com/ebogdum/filemanager/internal/apps/nginx/plugin.go:615.3,615.38 1 0
github.com/ebogdum/filemanager/internal/apps/nginx/plugin.go:618.2,618.12 1 0
github.com/ebogdum/filemanager/internal/apps/nginx/plugin.go:621.60,625.23 3 0
github.com/ebogdum/filemanager/internal/apps/nginx/plugin.go:625.23,630.49 3 0
github.com/ebogdum/filemanager/internal/apps/nginx/plugin.go:630.49,631.12 1 0
github.com/ebogdum/filemanager/internal/apps/nginx/plugin.go:635.3,635.18 1 0
github.com/ebogdum/filemanager/internal/apps/nginx/plugin.go:635.18,637.23 2 0
github.com/ebogdum/filemanager/internal/apps/nginx/plugin.go:637.23,639.5 1 0
github.com/ebogdum/filemanager/internal/apps/nginx/plugin.go:640.4,640.12 1 0
github.com/ebogdum/filemanager/internal/apps/nginx/plugin.go:644.3,645.23 2 0
github.com/ebogdum/filemanager/internal/apps/nginx/plugin.go:645.23,646.12 1 0
github.com/ebogdum/filemanager/internal/apps/nginx/plugin.go:650.3,650.28 1 0
github.com/ebogdum/filemanager/internal/apps/nginx/plugin.go:650.28,651.16 1 0
github.com/ebogdum/filemanager/internal/apps/nginx/plugin.go:651.16,653.5 1 0
github.com/ebogdum/filemanager/internal/apps/nginx/plugin.go:656.3,656.65 1 0
github.com/ebogdum/filemanager/internal/apps/nginx/plugin.go:656.65,658.4 1 0
github.com/ebogdum/filemanager/internal/apps/nginx/plugin.go:661.2,661.59 1 0
github.com/ebogdum/filemanager/internal/apps/nginx/plugin.go:664.89,666.22 2 0
github.com/ebogdum/filemanager/internal/apps/nginx/plugin.go:666.22,668.3 1 0
github.com/ebogdum/filemanager/internal/apps/nginx/plugin.go:668.8,668.29 1 0
github.com/ebogdum/filemanager/internal/apps/nginx/plugin.go:668.29,670.3 1 0
github.com/ebogdum/filemanager/internal/apps/nginx/plugin.go:670.8,673.3 1 0
github.com/ebogdum/filemanager/internal/apps/nginx/plugin.go:676.2,676.38 1 0
github.com/ebogdum/filemanager/internal/apps/nginx/plugin.go:676.38,677.31 1 0
github.com/ebogdum/filemanager/internal/apps/nginx/plugin.go:678.14,679.35 1 0
github.com/ebogdum/filemanager/internal/apps/nginx/plugin.go:680.11,681.34 1 0
github.com/ebogdum/filemanager/internal/apps/nginx/plugin.go:683.8,685.3 1 0
github.com/ebogdum/filemanager/internal/apps/nginx/plugin.go:689.56,693.27 3 0
github.com/ebogdum/filemanager/internal/apps/nginx/plugin.go:693.27,695.3 1 0
github.com/ebogdum/filemanager/internal/apps/nginx/plugin.go:697.2,700.28 2 0
github.com/ebogdum/filemanager/internal/apps/nginx/plugin.go:700.28,702.3 1 0
github.com/ebogdum/filemanager/internal/apps/nginx/plugin.go:705.2,705.31 1 0
github.com/ebogdum/filemanager/internal/apps/nginx/plugin.go:705.31,706.36 1 0
github.com/ebogdum/filemanager/internal/apps/nginx/plugin.go:706.36,708.21 1 0
github.com/ebogdum/filemanager/internal/apps/nginx/plugin.go:708.21,710.19 2 0
github.com/ebogdum/filemanager/internal/apps/nginx/plugin.go:710.19,712.6 1 0
github.com/ebogdum/filemanager/internal/apps/nginx/plugin.go:713.5,713.23 1 0
github.com/ebogdum/filemanager/internal/apps/nginx/plugin.go:714.10,716.5 1 0
github.com/ebogdum/filemanager/internal/apps/nginx/plugin.go:717.9,719.4 1 0
github.com/ebogdum/filemanager/internal/apps/nginx/plugin.go:722.2,722.20 1 0
github.com/ebogdum/filemanager/internal/apps/nginx/plugin.go:726.62,728.2 1 0
github.com/ebogdum/filemanager/internal/apps/nginx/plugin.go:732.43,740.22 2 0
github.com/ebogdum/filemanager/internal/apps/nginx/plugin.go:740.22,742.3 1 0
github.com/ebogdum/filemanager/internal/apps/nginx/plugin.go:744.2,746.25 3 0
github.com/ebogdum/filemanager/internal/apps/nginx/plugin.go:749.35,750.23 1 0
github.com/ebogdum/filemanager/internal/apps/nginx/plugin.go:751.11,752.15 1 0
github.com/ebogdum/filemanager/internal/apps/nginx/plugin.go:753.13,754.15 1 0
github.com/ebogdum/filemanager/internal/apps/nginx/plugin.go:755.15,756.15 1 0
github.com/ebogdum/filemanager/internal/apps/nginx/plugin.go:757.10,758.15 1 0
github.com/ebogdum/filemanager/internal/apps/nginx/plugin.go:762.38,763.23 1 0
github.com/ebogdum/filemanager/internal/apps/nginx/plugin.go:764.11,765.30 1 0
github.com/ebogdum/filemanager/internal/apps/nginx/plugin.go:766.13,767.30 1 0
github.com/ebogdum/filemanager/internal/apps/nginx/plugin.go:768.15,769.32 1 0
github.com/ebogdum/filemanager/internal/apps/nginx/plugin.go:770.14,771.11 1 0
github.com/ebogdum/filemanager/internal/apps/nginx/plugin.go:772.10,773.30 1 0
github.com/ebogdum/filemanager/internal/apps/nginx/plugin.go:777.32,778.25 1 0
github.com/ebogdum/filemanager/internal/apps/nginx/plugin.go:779.14,781.41 1 0
github.com/ebogdum/filemanager/internal/apps/nginx/plugin.go:781.41,783.4 1 0
github.com/ebogdum/filemanager/internal/apps/nginx/plugin.go:784.3,784.13 1 0
github.com/ebogdum/filemanager/internal/apps/nginx/plugin.go:785.10,786.30 1 0
github.com/ebogdum/filemanager/internal/apps/nginx/plugin.go:792.41,795.28 3 0
github.com/ebogdum/filemanager/internal/apps/nginx/plugin.go:795.28,798.61 1 0
github.com/ebogdum/filemanager/internal/apps/nginx/plugin.go:798.61,800.4 1 0
github.com/ebogdum/filemanager/internal/apps/nginx/plugin.go:801.3,801.29 1 0
github.com/ebogdum/filemanager/internal/apps/nginx/plugin.go:803.2,803.15 1 0
github.com/ebogdum/filemanager/internal/apps/nginx/plugin.go:806.40,808.55 1 0
github.com/ebogdum/filemanager/internal/apps/nginx/plugin.go:808.55,810.3 1 0
github.com/ebogdum/filemanager/internal/apps/nginx/plugin.go:811.2,811.53 1 0
github.com/ebogdum/filemanager/internal/apps/nginx/plugin.go:811.53,813.3 1 0
github.com/ebogdum/filemanager/internal/apps/nginx/plugin.go:815.2,815.15 1 0
github.com/ebogdum/filemanager/internal/apps/nginx/plugin.go:815.15,817.3 1 0
github.com/ebogdum/filemanager/internal/apps/nginx/plugin.go:818.2,818.16 1 0
github.com/ebogdum/filemanager/internal/apps/nginx/plugin.go:818.16,820.3 1 0
github.com/ebogdum/filemanager/internal/apps/nginx/plugin.go:821.2,821.10 1 0
github.com/ebogdum/filemanager/internal/apps/nginx/plugin.go:824.26,825.14 1 0
github.com/ebogdum/filemanager/internal/apps/nginx/plugin.go:825.14,827.3 1 0
github.com/ebogdum/filemanager/internal/apps/nginx/plugin.go:828.2,828.25 1 0
github.com/ebogdum/filemanager/internal/apps/nginx/plugin.go:829.22,831.25 2 0
github.com/ebogdum/filemanager/internal/apps/nginx/plugin.go:831.25,833.4 1 0
github.com/ebogdum/filemanager/internal/apps/nginx/plugin.go:834.3,834.16 1 0
github.com/ebogdum/filemanager/internal/apps/nginx/plugin.go:835.13,837.25 2 0
github.com/ebogdum/filemanager/internal/apps/nginx/plugin.go:837.25,839.4 1 0
github.com/ebogdum/filemanager/internal/apps/nginx/plugin.go:840.3,840.16 1 0
github.com/ebogdum/filemanager/internal/apps/nginx/plugin.go:841.10,842.11 1 0
github.com/ebogdum/filemanager/internal/apps/nginx/plugin.go:846.67,852.22 4 0
github.com/ebogdum/filemanager/internal/apps/nginx/plugin.go:852.22,854.17 1 0
github.com/ebogdum/filemanager/internal/apps/nginx/plugin.go:854.17,861.4 1 0
github.com/ebogdum/filemanager/internal/apps/nginx/plugin.go:862.3,862.22 1 0
github.com/ebogdum/filemanager/internal/apps/nginx/plugin.go:865.2,865.12 1 0
github.com/ebogdum/filemanager/internal/apps/nginx/plugin.go:865.12,874.3 2 0
github.com/ebogdum/filemanager/internal/apps/nginx/plugin.go:876.2,876.12 1 0
github.com/ebogdum/filemanager/internal/apps/nginx/plugin.go:876.12,885.3 2 0
github.com/ebogdum/filemanager/internal/apps/nginx/plugin.go:888.2,889.24 2 0
github.com/ebogdum/filemanager/internal/apps/nginx/plugin.go:889.24,891.3 1 0
github.com/ebogdum/filemanager/internal/apps/nginx/plugin.go:892.2,892.24 1 0
github.com/ebogdum/filemanager/internal/apps/nginx/plugin.go:892.24,894.3 1 0
github.com/ebogdum/filemanager/internal/apps/nginx/plugin.go:896.2,896.25 1 0
github.com/ebogdum/filemanager/internal/apps/nginx/plugin.go:896.25,898.17 2 0
github.com/ebogdum/filemanager/internal/apps/nginx/plugin.go:898.17,900.4 1 0
github.com/ebogdum/filemanager/internal/apps/nginx/plugin.go:902.3,905.14 3 0
github.com/ebogdum/filemanager/internal/apps/nginx/plugin.go:905.14,911.4 1 0
github.com/ebogdum/filemanager/internal/apps/nginx/plugin.go:911.9,911.21 1 0
github.com/ebogdum/filemanager/internal/apps/nginx/plugin.go:911.21,917.4 1 0
github.com/ebogdum/filemanager/internal/apps/nginx/plugin.go:917.9,921.4 2 0
github.com/ebogdum/filemanager/internal/apps/nginx/plugin.go:924.2,924.21 1 0
github.com/ebogdum/filemanager/internal/apps/redis/plugin.go:23.20,25.2 1 0
github.com/ebogdum/filemanager/internal/apps/redis/plugin.go:28.32,30.2 1 0
github.com/ebogdum/filemanager/internal/apps/redis/plugin.go:33.35,35.2 1 0
github.com/ebogdum/filemanager/internal/apps/redis/plugin.go:38.39,40.2 1 0
github.com/ebogdum/filemanager/internal/apps/redis/plugin.go:43.40,45.2 1 0
github.com/ebogdum/filemanager/internal/apps/redis/plugin.go:48.44,189.2 1 0
github.com/ebogdum/filemanager/internal/apps/redis/plugin.go:192.38,224.2 1 0
github.com/ebogdum/filemanager/internal/apps/redis/plugin.go:227.73,229.9 2 0
github.com/ebogdum/filemanager/internal/apps/redis/plugin.go:229.9,231.3 1 0
github.com/ebogdum/filemanager/internal/apps/redis/plugin.go:233.2,240.20 8 0
github.com/ebogdum/filemanager/internal/apps/redis/plugin.go:244.81,246.9 2 0
github.com/ebogdum/filemanager/internal/apps/redis/plugin.go:246.9,248.3 1 0
github.com/ebogdum/filemanager/internal/apps/redis/plugin.go:250.2,255.20 6 0
github.com/ebogdum/filemanager/internal/apps/redis/plugin.go:258.75,260.9 2 0
github.com/ebogdum/filemanager/internal/apps/redis/plugin.go:260.9,262.3 1 0
github.com/ebogdum/filemanager/internal/apps/redis/plugin.go:264.2,264.36 1 0
github.com/ebogdum/filemanager/internal/apps/redis/plugin.go:264.36,269.3 1 0
github.com/ebogdum/filemanager/internal/apps/redis/plugin.go:271.2,271.12 1 0
github.com/ebogdum/filemanager/internal/apps/redis/plugin.go:274.79,276.9 2 0
github.com/ebogdum/filemanager/internal/apps/redis/plugin.go:276.9,278.3 1 0
github.com/ebogdum/filemanager/internal/apps/redis/plugin.go:280.2,281.46 2 0
github.com/ebogdum/filemanager/internal/apps/redis/plugin.go:281.46,283.3 1 0
github.com/ebogdum/filemanager/internal/apps/redis/plugin.go:285.2,288.4 1 0
github.com/ebogdum/filemanager/internal/apps/redis/plugin.go:291.86,293.9 2 0
github.com/ebogdum/filemanager/internal/apps/redis/plugin.go:293.9,295.3 1 0
github.com/ebogdum/filemanager/internal/apps/redis/plugin.go:297.2,301.42 2 0
github.com/ebogdum/filemanager/internal/apps/redis/plugin.go:301.42,303.3 1 0
github.com/ebogdum/filemanager/internal/apps/redis/plugin.go:305.2,308.4 1 0
github.com/ebogdum/filemanager/internal/apps/redis/plugin.go:311.82,313.9 2 0
github.com/ebogdum/filemanager/internal/apps/redis/plugin.go:313.9,315.3 1 0
github.com/ebogdum/filemanager/internal/apps/redis/plugin.go:317.2,318.40 2 0
github.com/ebogdum/filemanager/internal/apps/redis/plugin.go:318.40,320.3 1 0
github.com/ebogdum/filemanager/internal/apps/redis/plugin.go:322.2,325.4 1 0
github.com/ebogdum/filemanager/internal/apps/redis/plugin.go:328.81,330.24 2 0
github.com/ebogdum/filemanager/internal/apps/redis/plugin.go:330.24,332.3 1 0
github.com/ebogdum/filemanager/internal/apps/redis/plugin.go:334.2,335.32 2 0
github.com/ebogdum/filemanager/internal/apps/redis/plugin.go:335.32,336.17 1 0
github.com/ebogdum/filemanager/internal/apps/redis/plugin.go:336.17,337.12 1 0
github.com/ebogdum/filemanager/internal/apps/redis/plugin.go:340.3,340.37 1 0
github.com/ebogdum/filemanager/internal/apps/redis/plugin.go:340.37,345.4 1 0
github.com/ebogdum/filemanager/internal/apps/redis/plugin.go:347.2,347.15 1 0
github.com/ebogdum/filemanager/internal/apps/redis/plugin.go:350.80,352.25 2 0
github.com/ebogdum/filemanager/internal/apps/redis/plugin.go:352.25,354.3 1 0
github.com/ebogdum/filemanager/internal/apps/redis/plugin.go:356.2,356.31 1 0
github.com/ebogdum/filemanager/internal/apps/redis/plugin.go:356.31,358.3 1 0
github.com/ebogdum/filemanager/internal/apps/redis/plugin.go:360.2,363.4 1 0
github.com/ebogdum/filemanager/internal/apps/redis/plugin.go:366.83,368.68 2 0
github.com/ebogdum/filemanager/internal/apps/redis/plugin.go:368.68,370.3 1 0
github.com/ebogdum/filemanager/internal/apps/redis/plugin.go:372.2,372.53 1 0
github.com/ebogdum/filemanager/internal/apps/redis/plugin.go:372.53,374.3 1 0
github.com/ebogdum/filemanager/internal/apps/redis/plugin.go:376.2,379.4 1 0
github.com/ebogdum/filemanager/internal/apps/redis/plugin.go:382.84,384.28 2 0
github.com/ebogdum/filemanager/internal/apps/redis/plugin.go:384.28,386.3 1 0
github.com/ebogdum/filemanager/internal/apps/redis/plugin.go:388.2,388.73 1 0
github.com/ebogdum/filemanager/internal/apps/redis/plugin.go:388.73,390.3 1 0
github.com/ebogdum/filemanager/internal/apps/redis/plugin.go:392.2,395.4 1 0
github.com/ebogdum/filemanager/internal/apps/redis/plugin.go:398.82,400.51 2 0
github.com/ebogdum/filemanager/internal/apps/redis/plugin.go:400.51,402.3 1 0
github.com/ebogdum/filemanager/internal/apps/redis/plugin.go:404.2,407.4 1 0
github.com/ebogdum/filemanager/internal/apps/redis/plugin.go:410.82,412.21 2 0
github.com/ebogdum/filemanager/internal/apps/redis/plugin.go:412.21,414.3 1 0
github.com/ebogdum/filemanager/internal/apps/redis/plugin.go:416.2,416.64 1 0
github.com/ebogdum/filemanager/internal/apps/redis/plugin.go:416.64,418.3 1 0
github.com/ebogdum/filemanager/internal/apps/redis/plugin.go:420.2,423.4 1 0
github.com/ebogdum/filemanager/internal/apps/redis/plugin.go:426.39,427.23 1 0
github.com/ebogdum/filemanager/internal/apps/redis/plugin.go:428.11,429.17 1 0
github.com/ebogdum/filemanager/internal/apps/redis/plugin.go:430.13,431.22 1 0
github.com/ebogdum/filemanager/internal/apps/redis/plugin.go:432.15,433.22 1 0
github.com/ebogdum/filemanager/internal/apps/redis/plugin.go:434.10,435.18 1 0
github.com/ebogdum/filemanager/internal/apps/redis/plugin.go:439.64,440.27 1 0
github.com/ebogdum/filemanager/internal/apps/redis/plugin.go:440.27,441.38 1 0
github.com/ebogdum/filemanager/internal/apps/redis/plugin.go:441.38,443.4 1 0
github.com/ebogdum/filemanager/internal/apps/redis/plugin.go:445.2,445.14 1 0
github.com/ebogdum/filemanager/internal/apps/redis/plugin.go:448.60,449.27 1 0
github.com/ebogdum/filemanager/internal/apps/redis/plugin.go:449.27,450.21 1 0
github.com/ebogdum/filemanager/internal/apps/redis/plugin.go:450.21,452.4 1 0
github.com/ebogdum/filemanager/internal/apps/redis/plugin.go:454.2,454.14 1 0
github.com/ebogdum/filemanager/internal/apps/redis/plugin.go:457.36,458.27 1 0
github.com/ebogdum/filemanager/internal/apps/redis/plugin.go:459.13,461.30 2 0
github.com/ebogdum/filemanager/internal/apps/redis/plugin.go:461.30,462.40 1 0
github.com/ebogdum/filemanager/internal/apps/redis/plugin.go:462.40,464.5 1 0
github.com/ebogdum/filemanager/internal/apps/redis/plugin.go:466.3,466.16 1 0
github.com/ebogdum/filemanager/internal/apps/redis/plugin.go:467.16,468.15 1 0
github.com/ebogdum/filemanager/internal/apps/redis/plugin.go:469.10,470.13 1 0
github.com/ebogdum/filemanager/internal/apps/redis/plugin.go:474.36,475.27 1 0
github.com/ebogdum/filemanager/internal/apps/redis/plugin.go:476.13,478.30 2 0
github.com/ebogdum/filemanager/internal/apps/redis/plugin.go:478.30,479.37 1 0
github.com/ebogdum/filemanager/internal/apps/redis/plugin.go:479.37,481.5 1 0
github.com/ebogdum/filemanager/internal/apps/redis/plugin.go:483.3,483.16 1 0
github.com/ebogdum/filemanager/internal/apps/redis/plugin.go:484.16,485.15 1 0
github.com/ebogdum/filemanager/internal/apps/redis/plugin.go:486.14,487.25 1 0
github.com/ebogdum/filemanager/internal/apps/redis/plugin.go:488.10,489.13 1 0
github.com/ebogdum/filemanager/internal/apps/redis/plugin.go:493.31,494.27 1 0
github.com/ebogdum/filemanager/internal/apps/redis/plugin.go:495.13,496.24 1 0
github.com/ebogdum/filemanager/internal/apps/redis/plugin.go:497.16,498.24 1 0
github.com/ebogdum/filemanager/internal/apps/redis/plugin.go:499.14,500.21 1 0
github.com/ebogdum/filemanager/internal/apps/redis/plugin.go:501.10,502.15 1 0
github.com/ebogdum/filemanager/internal/apps/redis/plugin.go:507.39,510.2 2 0
github.com/ebogdum/filemanager/internal/apps/redis/plugin.go:513.53,515.9 2 0
github.com/ebogdum/filemanager/internal/apps/redis/plugin.go:515.9,517.3 1 0
github.com/ebogdum/filemanager/internal/apps/redis/plugin.go:520.2,520.56 1 0
github.com/ebogdum/filemanager/internal/apps/redis/plugin.go:520.56,522.3 1 0
github.com/ebogdum/filemanager/internal/apps/redis/plugin.go:525.2,525.48 1 0
github.com/ebogdum/filemanager/internal/apps/redis/plugin.go:525.48,527.3 1 0
github.com/ebogdum/filemanager/internal/apps/redis/plugin.go:529.2,529.23 1 0
github.com/ebogdum/filemanager/internal/apps/redis/plugin.go:533.55,535.9 2 0
github.com/ebogdum/filemanager/internal/apps/redis/plugin.go:535.9,537.3 1 0
github.com/ebogdum/filemanager/internal/apps/redis/plugin.go:539.2,543.27 3 0
github.com/ebogdum/filemanager/internal/apps/redis/plugin.go:543.27,545.3 1 0
github.com/ebogdum/filemanager/internal/apps/redis/plugin.go:546.2,548.27 2 0
github.com/ebogdum/filemanager/internal/apps/redis/plugin.go:548.27,550.63 2 0
github.com/ebogdum/filemanager/internal/apps/redis/plugin.go:550.63,552.4 1 0
github.com/ebogdum/filemanager/internal/apps/redis/plugin.go:555.2,555.25 1 0
github.com/ebogdum/filemanager/internal/apps/redis/plugin.go:559.74,560.27 1 0
github.com/ebogdum/filemanager/internal/apps/redis/plugin.go:561.11,563.13 1 0
github.com/ebogdum/filemanager/internal/apps/redis/plugin.go:564.12,565.8 1 0
github.com/ebogdum/filemanager/internal/apps/redis/plugin.go:565.8,567.4 1 0
github.com/ebogdum/filemanager/internal/apps/redis/plugin.go:567.9,569.4 1 0
github.com/ebogdum/filemanager/internal/apps/redis/plugin.go:570.27,571.38 1 0
github.com/ebogdum/filemanager/internal/apps/redis/plugin.go:572.14,573.14 1 0
github.com/ebogdum/filemanager/internal/apps/redis/plugin.go:573.14,575.4 1 0
github.com/ebogdum/filemanager/internal/apps/redis/plugin.go:575.9,575.47 1 0
github.com/ebogdum/filemanager/internal/apps/redis/plugin.go:575.47,577.4 1 0
github.com/ebogdum/filemanager/internal/apps/redis/plugin.go:577.9,579.4 1 0
github.com/ebogdum/filemanager/internal/apps/redis/plugin.go:580.13,581.26 1 0
github.com/ebogdum/filemanager/internal/apps/redis/plugin.go:581.26,582.62 1 0
github.com/ebogdum/filemanager/internal/apps/redis/plugin.go:582.62,584.5 1 0
github.com/ebogdum/filemanager/internal/apps/redis/plugin.go:586.16,587.26 1 0
github.com/ebogdum/filemanager/internal/apps/redis/plugin.go:587.26,588.62 1 0
github.com/ebogdum/filemanager/internal/apps/redis/plugin.go:588.62,590.5 1 0
github.com/ebogdum/filemanager/internal/apps/redis/plugin.go:592.22,594.65 1 0
github.com/ebogdum/filemanager/internal/apps/redis/plugin.go:595.10,596.38 1 0
github.com/ebogdum/filemanager/internal/apps/redis/plugin.go:598.2,598.12 1 0
github.com/ebogdum/filemanager/internal/apps/redis/plugin.go:602.55,610.21 4 0
github.com/ebogdum/filemanager/internal/apps/redis/plugin.go:610.21,614.49 2 0
github.com/ebogdum/filemanager/internal/apps/redis/plugin.go:614.49,615.12 1 0
github.com/ebogdum/filemanager/internal/apps/redis/plugin.go:619.3,620.21 2 0
github.com/ebogdum/filemanager/internal/apps/redis/plugin.go:620.21,621.12 1 0
github.com/ebogdum/filemanager/internal/apps/redis/plugin.go:624.3,628.71 3 0
github.com/ebogdum/filemanager/internal/apps/redis/plugin.go:628.71,630.4 1 0
github.com/ebogdum/filemanager/internal/apps/redis/plugin.go:633.3,636.26 2 0
github.com/ebogdum/filemanager/internal/apps/redis/plugin.go:636.26,637.47 1 0
github.com/ebogdum/filemanager/internal/apps/redis/plugin.go:637.47,639.5 1 0
github.com/ebogdum/filemanager/internal/apps/redis/plugin.go:639.10,639.46 1 0
github.com/ebogdum/filemanager/internal/apps/redis/plugin.go:639.46,641.5 1 0
github.com/ebogdum/filemanager/internal/apps/redis/plugin.go:641.10,643.5 1 0
github.com/ebogdum/filemanager/internal/apps/redis/plugin.go:644.9,646.4 1 0
github.com/ebogdum/filemanager/internal/apps/redis/plugin.go:649.2,649.38 1 0
github.com/ebogdum/filemanager/internal/apps/redis/plugin.go:649.38,651.3 1 0
github.com/ebogdum/filemanager/internal/apps/redis/plugin.go:653.2,653.20 1 0
github.com/ebogdum/filemanager/internal/apps/redis/plugin.go:657.38,660.39 2 0
github.com/ebogdum/filemanager/internal/apps/redis/plugin.go:660.39,662.3 1 0
github.com/ebogdum/filemanager/internal/apps/redis/plugin.go:663.2,663.39 1 0
github.com/ebogdum/filemanager/internal/apps/redis/plugin.go:663.39,665.3 1 0
github.com/ebogdum/filemanager/internal/apps/redis/plugin.go:668.2,668.55 1 0
github.com/ebogdum/filemanager/internal/apps/redis/plugin.go:668.55,670.3 1 0
github.com/ebogdum/filemanager/internal/apps/redis/plugin.go:673.2,673.53 1 0
github.com/ebogdum/filemanager/internal/apps/redis/plugin.go:673.53,675.3 1 0
github.com/ebogdum/filemanager/internal/apps/redis/plugin.go:677.2,677.10 1 0
github.com/ebogdum/filemanager/internal/apps/redis/plugin.go:681.56,683.9 2 0
github.com/ebogdum/filemanager/internal/apps/redis/plugin.go:683.9,685.3 1 0
github.com/ebogdum/filemanager/internal/apps/redis/plugin.go:687.2,688.9 2 0
github.com/ebogdum/filemanager/internal/apps/redis/plugin.go:688.9,690.3 1 0
github.com/ebogdum/filemanager/internal/apps/redis/plugin.go:692.2,695.28 2 0
github.com/ebogdum/filemanager/internal/apps/redis/plugin.go:695.28,697.3 1 0
github.com/ebogdum/filemanager/internal/apps/redis/plugin.go:700.2,700.31 1 0
github.com/ebogdum/filemanager/internal/apps/redis/plugin.go:700.31,702.3 1 0
github.com/ebogdum/filemanager/internal/apps/redis/plugin.go:704.2,704.20 1 0
github.com/ebogdum/filemanager/internal/apps/redis/plugin.go:708.62,715.32 4 0
github.com/ebogdum/filemanager/internal/apps/redis/plugin.go:715.32,717.14 2 0
github.com/ebogdum/filemanager/internal/apps/redis/plugin.go:717.14,723.12 2 0
github.com/ebogdum/filemanager/internal/apps/redis/plugin.go:726.3,726.35 1 0
github.com/ebogdum/filemanager/internal/apps/redis/plugin.go:726.35,733.4 1 0
github.com/ebogdum/filemanager/internal/apps/redis/plugin.go:737.2,737.32 1 0
github.com/ebogdum/filemanager/internal/apps/redis/plugin.go:737.32,738.38 1 0
github.com/ebogdum/filemanager/internal/apps/redis/plugin.go:738.38,744.4 1 0
github.com/ebogdum/filemanager/internal/apps/redis/plugin.go:747.2,747.21 1 0
github.com/ebogdum/filemanager/internal/apps/redis/plugin.go:751.33,755.2 3 0
github.com/ebogdum/filemanager/internal/apps/ssh_client/plugin.go:21.20,23.2 1 0
github.com/ebogdum/filemanager/internal/apps/ssh_client/plugin.go:29.32,31.2 1 0
github.com/ebogdum/filemanager/internal/apps/ssh_client/plugin.go:34.35,36.2 1 0
github.com/ebogdum/filemanager/internal/apps/ssh_client/plugin.go:39.39,41.2 1 0
github.com/ebogdum/filemanager/internal/apps/ssh_client/plugin.go:44.40,46.2 1 0
github.com/ebogdum/filemanager/internal/apps/ssh_client/plugin.go:49.44,130.2 1 0
github.com/ebogdum/filemanager/internal/apps/ssh_client/plugin.go:133.38,146.2 1 0
github.com/ebogdum/filemanager/internal/apps/ssh_client/plugin.go:149.73,153.9 3 0
github.com/ebogdum/filemanager/internal/apps/ssh_client/plugin.go:153.9,155.3 1 0
github.com/ebogdum/filemanager/internal/apps/ssh_client/plugin.go:158.2,158.48 1 0
github.com/ebogdum/filemanager/internal/apps/ssh_client/plugin.go:158.48,160.3 1 0
github.com/ebogdum/filemanager/internal/apps/ssh_client/plugin.go:163.2,165.20 2 0
github.com/ebogdum/filemanager/internal/apps/ssh_client/plugin.go:168.75,171.29 2 0
github.com/ebogdum/filemanager/internal/apps/ssh_client/plugin.go:171.29,173.10 2 0
github.com/ebogdum/filemanager/internal/apps/ssh_client/plugin.go:173.10,178.12 2 0
github.com/ebogdum/filemanager/internal/apps/ssh_client/plugin.go:182.3,182.48 1 0
github.com/ebogdum/filemanager/internal/apps/ssh_client/plugin.go:182.48,187.4 1 0
github.com/ebogdum/filemanager/internal/apps/ssh_client/plugin.go:190.3,190.89 1 0
github.com/ebogdum/filemanager/internal/apps/ssh_client/plugin.go:193.2,193.15 1 0
github.com/ebogdum/filemanager/internal/apps/ssh_client/plugin.go:196.104,207.2 10 0
github.com/ebogdum/filemanager/internal/apps/ssh_client/plugin.go:209.89,211.9 2 0
github.com/ebogdum/filemanager/internal/apps/ssh_client/plugin.go:211.9,213.3 1 0
github.com/ebogdum/filemanager/internal/apps/ssh_client/plugin.go:214.2,214.38 1 0
github.com/ebogdum/filemanager/internal/apps/ssh_client/plugin.go:214.38,216.3 1 0
github.com/ebogdum/filemanager/internal/apps/ssh_client/plugin.go:218.2,221.4 1 0
github.com/ebogdum/filemanager/internal/apps/ssh_client/plugin.go:224.106,226.9 2 0
github.com/ebogdum/filemanager/internal/apps/ssh_client/plugin.go:226.9,228.3 1 0
github.com/ebogdum/filemanager/internal/apps/ssh_client/plugin.go:230.2,231.45 2 0
github.com/ebogdum/filemanager/internal/apps/ssh_client/plugin.go:231.45,233.3 1 0
github.com/ebogdum/filemanager/internal/apps/ssh_client/plugin.go:235.2,238.4 1 0
github.com/ebogdum/filemanager/internal/apps/ssh_client/plugin.go:241.99,243.9 2 0
github.com/ebogdum/filemanager/internal/apps/ssh_client/plugin.go:243.9,245.3 1 0
github.com/ebogdum/filemanager/internal/apps/ssh_client/plugin.go:247.2,248.65 2 0
github.com/ebogdum/filemanager/internal/apps/ssh_client/plugin.go:248.65,250.3 1 0
github.com/ebogdum/filemanager/internal/apps/ssh_client/plugin.go:252.2,255.4 1 0
github.com/ebogdum/filemanager/internal/apps/ssh_client/plugin.go:258.98,260.9 2 0
github.com/ebogdum/filemanager/internal/apps/ssh_client/plugin.go:260.9,262.3 1 0
github.com/ebogdum/filemanager/internal/apps/ssh_client/plugin.go:264.2,265.48 2 0
github.com/ebogdum/filemanager/internal/apps/ssh_client/plugin.go:265.48,267.3 1 0
github.com/ebogdum/filemanager/internal/apps/ssh_client/plugin.go:269.2,272.4 1 0
github.com/ebogdum/filemanager/internal/apps/ssh_client/plugin.go:275.95,277.9 2 0
github.com/ebogdum/filemanager/internal/apps/ssh_client/plugin.go:277.9,279.3 1 0
github.com/ebogdum/filemanager/internal/apps/ssh_client/plugin.go:281.2,282.45 2 0
github.com/ebogdum/filemanager/internal/apps/ssh_client/plugin.go:282.45,284.3 1 0
github.com/ebogdum/filemanager/internal/apps/ssh_client/plugin.go:286.2,289.4 1 0
github.com/ebogdum/filemanager/internal/apps/ssh_client/plugin.go:292.93,294.9 2 0
github.com/ebogdum/filemanager/internal/apps/ssh_client/plugin.go:294.9,296.3 1 0
github.com/ebogdum/filemanager/internal/apps/ssh_client/plugin.go:298.2,299.43 2 0
github.com/ebogdum/filemanager/internal/apps/ssh_client/plugin.go:299.43,301.3 1 0
github.com/ebogdum/filemanager/internal/apps/ssh_client/plugin.go:303.2,306.4 1 0
github.com/ebogdum/filemanager/internal/apps/ssh_client/plugin.go:309.98,311.9 2 0
github.com/ebogdum/filemanager/internal/apps/ssh_client/plugin.go:311.9,313.3 1 0
github.com/ebogdum/filemanager/internal/apps/ssh_client/plugin.go:315.2,316.50 2 0
github.com/ebogdum/filemanager/internal/apps/ssh_client/plugin.go:316.50,318.3 1 0
github.com/ebogdum/filemanager/internal/apps/ssh_client/plugin.go:320.2,323.4 1 0
github.com/ebogdum/filemanager/internal/apps/ssh_client/plugin.go:326.98,335.39 3 0
github.com/ebogdum/filemanager/internal/apps/ssh_client/plugin.go:335.39,337.10 2 0
github.com/ebogdum/filemanager/internal/apps/ssh_client/plugin.go:337.10,338.12 1 0
github.com/ebogdum/filemanager/internal/apps/ssh_client/plugin.go:341.3,341.49 1 0
github.com/ebogdum/filemanager/internal/apps/ssh_client/plugin.go:341.49,346.4 1 0
github.com/ebogdum/filemanager/internal/apps/ssh_client/plugin.go:348.2,348.15 1 0
github.com/ebogdum/filemanager/internal/apps/ssh_client/plugin.go:352.81,356.9 3 0
github.com/ebogdum/filemanager/internal/apps/ssh_client/plugin.go:356.9,358.3 1 0
github.com/ebogdum/filemanager/internal/apps/ssh_client/plugin.go:361.2,361.48 1 0
github.com/ebogdum/filemanager/internal/apps/ssh_client/plugin.go:361.48,362.30 1 0
github.com/ebogdum/filemanager/internal/apps/ssh_client/plugin.go:362.30,364.11 2 0
github.com/ebogdum/filemanager/internal/apps/ssh_client/plugin.go:364.11,365.13 1 0
github.com/ebogdum/filemanager/internal/apps/ssh_client/plugin.go:368.4,371.71 2 0
github.com/ebogdum/filemanager/internal/apps/ssh_client/plugin.go:371.71,372.50 1 0
github.com/ebogdum/filemanager/internal/apps/ssh_client/plugin.go:372.50,377.6 1 0
github.com/ebogdum/filemanager/internal/apps/ssh_client/plugin.go:381.4,381.54 1 0
github.com/ebogdum/filemanager/internal/apps/ssh_client/plugin.go:381.54,382.23 1 0
github.com/ebogdum/filemanager/internal/apps/ssh_client/plugin.go:382.23,383.70 1 0
github.com/ebogdum/filemanager/internal/apps/ssh_client/plugin.go:383.70,388.7 1 0
github.com/ebogdum/filemanager/internal/apps/ssh_client/plugin.go:394.2,394.20 1 0
github.com/ebogdum/filemanager/internal/apps/ssh_client/plugin.go:398.53,400.9 2 0
github.com/ebogdum/filemanager/internal/apps/ssh_client/plugin.go:400.9,402.3 1 0
github.com/ebogdum/filemanager/internal/apps/ssh_client/plugin.go:404.2,404.23 1 0
github.com/ebogdum/filemanager/internal/apps/ssh_client/plugin.go:408.55,410.9 2 0
github.com/ebogdum/filemanager/internal/apps/ssh_client/plugin.go:410.9,412.3 1 0
github.com/ebogdum/filemanager/internal/apps/ssh_client/plugin.go:414.2,419.33 6 0
github.com/ebogdum/filemanager/internal/apps/ssh_client/plugin.go:422.48,425.2 2 0
github.com/ebogdum/filemanager/internal/apps/ssh_client/plugin.go:427.78,428.36 1 0
github.com/ebogdum/filemanager/internal/apps/ssh_client/plugin.go:428.36,429.38 1 0
github.com/ebogdum/filemanager/internal/apps/ssh_client/plugin.go:429.38,430.12 1 0
github.com/ebogdum/filemanager/internal/apps/ssh_client/plugin.go:432.3,432.66 1 0
github.com/ebogdum/filemanager/internal/apps/ssh_client/plugin.go:436.72,438.9 2 0
github.com/ebogdum/filemanager/internal/apps/ssh_client/plugin.go:438.9,440.3 1 0
github.com/ebogdum/filemanager/internal/apps/ssh_client/plugin.go:442.2,442.29 1 0
github.com/ebogdum/filemanager/internal/apps/ssh_client/plugin.go:442.29,444.10 2 0
github.com/ebogdum/filemanager/internal/apps/ssh_client/plugin.go:444.10,445.12 1 0
github.com/ebogdum/filemanager/internal/apps/ssh_client/plugin.go:448.3,449.53 2 0
github.com/ebogdum/filemanager/internal/apps/ssh_client/plugin.go:449.53,451.4 1 0
github.com/ebogdum/filemanager/internal/apps/ssh_client/plugin.go:452.3,452.53 1 0
github.com/ebogdum/filemanager/internal/apps/ssh_client/plugin.go:456.73,458.9 2 0
github.com/ebogdum/filemanager/internal/apps/ssh_client/plugin.go:458.9,460.3 1 0
github.com/ebogdum/filemanager/internal/apps/ssh_client/plugin.go:462.2,462.32 1 0
github.com/ebogdum/filemanager/internal/apps/ssh_client/plugin.go:462.32,464.10 2 0
github.com/ebogdum/filemanager/internal/apps/ssh_client/plugin.go:464.10,465.12 1 0
github.com/ebogdum/filemanager/internal/apps/ssh_client/plugin.go:468.3,469.58 2 0
github.com/ebogdum/filemanager/internal/apps/ssh_client/plugin.go:469.58,471.4 1 0
github.com/ebogdum/filemanager/internal/apps/ssh_client/plugin.go:472.3,472.56 1 0
github.com/ebogdum/filemanager/internal/apps/ssh_client/plugin.go:476.97,477.37 1 0
github.com/ebogdum/filemanager/internal/apps/ssh_client/plugin.go:477.37,478.21 1 0
github.com/ebogdum/filemanager/internal/apps/ssh_client/plugin.go:478.21,479.12 1 0
github.com/ebogdum/filemanager/internal/apps/ssh_client/plugin.go:481.3,481.70 1 0
github.com/ebogdum/filemanager/internal/apps/ssh_client/plugin.go:486.55,495.21 8 0
github.com/ebogdum/filemanager/internal/apps/ssh_client/plugin.go:495.21,497.36 2 0
github.com/ebogdum/filemanager/internal/apps/ssh_client/plugin.go:497.36,498.12 1 0
github.com/ebogdum/filemanager/internal/apps/ssh_client/plugin.go:501.3,502.10 2 0
github.com/ebogdum/filemanager/internal/apps/ssh_client/plugin.go:502.10,503.12 1 0
github.com/ebogdum/filemanager/internal/apps/ssh_client/plugin.go:506.3,506.10 1 0
github.com/ebogdum/filemanager/internal/apps/ssh_client/plugin.go:507.39,508.124 1 0
github.com/ebogdum/filemanager/internal/apps/ssh_client/plugin.go:509.40,510.125 1 0
github.com/ebogdum/filemanager/internal/apps/ssh_client/plugin.go:511.11,512.78 1 0
github.com/ebogdum/filemanager/internal/apps/ssh_client/plugin.go:516.2,516.38 1 0
github.com/ebogdum/filemanager/internal/apps/ssh_client/plugin.go:516.38,518.3 1 0
github.com/ebogdum/filemanager/internal/apps/ssh_client/plugin.go:520.2,521.20 2 0
github.com/ebogdum/filemanager/internal/apps/ssh_client/plugin.go:521.20,523.3 1 0
github.com/ebogdum/filemanager/internal/apps/ssh_client/plugin.go:524.2,524.22 1 0
github.com/ebogdum/filemanager/internal/apps/ssh_client/plugin.go:524.22,526.3 1 0
github.com/ebogdum/filemanager/internal/apps/ssh_client/plugin.go:527.2,527.20 1 0
github.com/ebogdum/filemanager/internal/apps/ssh_client/plugin.go:530.48,532.2 1 0
github.com/ebogdum/filemanager/internal/apps/ssh_client/plugin.go:534.66,536.20 2 0
github.com/ebogdum/filemanager/internal/apps/ssh_client/plugin.go:536.20,538.21 2 0
github.com/ebogdum/filemanager/internal/apps/ssh_client/plugin.go:538.21,540.4 1 0
github.com/ebogdum/filemanager/internal/apps/ssh_client/plugin.go:543.2,543.52 1 0
github.com/ebogdum/filemanager/internal/apps/ssh_client/plugin.go:552.58,553.24 1 0
github.com/ebogdum/filemanager/internal/apps/ssh_client/plugin.go:553.24,555.3 1 0
github.com/ebogdum/filemanager/internal/apps/ssh_client/plugin.go:556.2,556.25 1 0
github.com/ebogdum/filemanager/internal/apps/ssh_client/plugin.go:556.25,558.3 1 0
github.com/ebogdum/filemanager/internal/apps/ssh_client/plugin.go:560.2,560.70 1 0
github.com/ebogdum/filemanager/internal/apps/ssh_client/plugin.go:569.58,570.24 1 0
github.com/ebogdum/filemanager/internal/apps/ssh_client/plugin.go:570.24,572.3 1 0
github.com/ebogdum/filemanager/internal/apps/ssh_client/plugin.go:573.2,573.25 1 0
github.com/ebogdum/filemanager/internal/apps/ssh_client/plugin.go:573.25,575.3 1 0
github.com/ebogdum/filemanager/internal/apps/ssh_client/plugin.go:577.2,577.73 1 0
github.com/ebogdum/filemanager/internal/apps/ssh_client/plugin.go:585.3,587.45 2 0
github.com/ebogdum/filemanager/internal/apps/ssh_client/plugin.go:587.45,590.3 2 0
github.com/ebogdum/filemanager/internal/apps/ssh_client/plugin.go:591.2,591.47 1 0
github.com/ebogdum/filemanager/internal/apps/ssh_client/plugin.go:591.47,594.3 2 0
github.com/ebogdum/filemanager/internal/apps/ssh_client/plugin.go:595.2,595.22 1 0
github.com/ebogdum/filemanager/internal/apps/ssh_client/plugin.go:598.124,599.24 1 0
github.com/ebogdum/filemanager/internal/apps/ssh_client/plugin.go:599.24,601.3 1 0
github.com/ebogdum/filemanager/internal/apps/ssh_client/plugin.go:602.2,602.25 1 0
github.com/ebogdum/filemanager/internal/apps/ssh_client/plugin.go:602.25,604.3 1 0
github.com/ebogdum/filemanager/internal/apps/ssh_client/plugin.go:605.2,605.23 1 0
github.com/ebogdum/filemanager/internal/apps/ssh_client/plugin.go:609.56,611.2 1 0
github.com/ebogdum/filemanager/internal/apps/ssh_client/plugin.go:614.62,616.2 1 0
github.com/ebogdum/filemanager/internal/apps/ssh_client/plugin.go:627.92,629.16 2 0
github.com/ebogdum/filemanager/internal/apps/ssh_client/plugin.go:629.16,631.3 1 0
github.com/ebogdum/filemanager/internal/apps/ssh_client/plugin.go:633.2,634.9 2 0
github.com/ebogdum/filemanager/internal/apps/ssh_client/plugin.go:634.9,636.3 1 0
github.com/ebogdum/filemanager/internal/apps/ssh_client/plugin.go:638.2,640.27 3 0
github.com/ebogdum/filemanager/internal/apps/ssh_client/plugin.go:640.27,642.3 1 0
github.com/ebogdum/filemanager/internal/apps/ssh_client/plugin.go:643.2,643.20 1 0
github.com/ebogdum/filemanager/internal/apps/ssh_client/plugin.go:646.85,648.9 2 0
github.com/ebogdum/filemanager/internal/apps/ssh_client/plugin.go:648.9,650.3 1 0
github.com/ebogdum/filemanager/internal/apps/ssh_client/plugin.go:652.2,652.29 1 0
github.com/ebogdum/filemanager/internal/apps/ssh_client/plugin.go:652.29,654.10 2 0
github.com/ebogdum/filemanager/internal/apps/ssh_client/plugin.go:654.10,655.12 1 0
github.com/ebogdum/filemanager/internal/apps/ssh_client/plugin.go:657.3,657.47 1 0
github.com/ebogdum/filemanager/internal/apps/ssh_client/plugin.go:657.47,658.12 1 0
github.com/ebogdum/filemanager/internal/apps/ssh_client/plugin.go:660.3,660.38 1 0
github.com/ebogdum/filemanager/internal/apps/ssh_client/plugin.go:664.73,666.9 2 0
github.com/ebogdum/filemanager/internal/apps/ssh_client/plugin.go:666.9,668.3 1 0
github.com/ebogdum/filemanager/internal/apps/ssh_client/plugin.go:670.2,670.52 1 0
github.com/ebogdum/filemanager/internal/apps/ssh_client/plugin.go:670.52,671.38 1 0
github.com/ebogdum/filemanager/internal/apps/ssh_client/plugin.go:671.38,673.4 1 0
github.com/ebogdum/filemanager/internal/apps/ssh_client/plugin.go:675.2,675.14 1 0
github.com/ebogdum/filemanager/internal/apps/ssh_client/plugin.go:678.72,679.79 1 0
github.com/ebogdum/filemanager/internal/apps/ssh_client/plugin.go:679.79,681.3 1 0
github.com/ebogdum/filemanager/internal/apps/ssh_client/plugin.go:682.2,682.22 1 0
github.com/ebogdum/filemanager/internal/apps/ssh_client/plugin.go:682.22,683.51 1 0
github.com/ebogdum/filemanager/internal/apps/ssh_client/plugin.go:683.51,685.4 1 0
github.com/ebogdum/filemanager/internal/apps/ssh_client/plugin.go:687.2,687.67 1 0
github.com/ebogdum/filemanager/internal/apps/ssh_client/plugin.go:687.67,689.3 1 0
github.com/ebogdum/filemanager/internal/apps/ssh_client/plugin.go:690.2,690.87 1 0
github.com/ebogdum/filemanager/internal/apps/ssh_client/plugin.go:690.87,692.3 1 0
github.com/ebogdum/filemanager/internal/apps/ssh_client/plugin.go:697.36,698.27 1 0
github.com/ebogdum/filemanager/internal/apps/ssh_client/plugin.go:699.12,700.8 1 0
github.com/ebogdum/filemanager/internal/apps/ssh_client/plugin.go:700.8,702.4 1 0
github.com/ebogdum/filemanager/internal/apps/ssh_client/plugin.go:703.3,703.14 1 0
github.com/ebogdum/filemanager/internal/apps/ssh_client/plugin.go:704.11,705.25 1 0
github.com/ebogdum/filemanager/internal/apps/ssh_client/plugin.go:706.15,707.30 1 0
github.com/ebogdum/filemanager/internal/apps/ssh_client/plugin.go:708.14,709.11 1 0
github.com/ebogdum/filemanager/internal/apps/ssh_client/plugin.go:710.10,711.30 1 0
github.com/ebogdum/filemanager/internal/apps/ssh_client/plugin.go:715.35,717.37 1 0
github.com/ebogdum/filemanager/internal/apps/ssh_client/plugin.go:717.37,719.3 1 0
github.com/ebogdum/filemanager/internal/apps/ssh_client/plugin.go:720.2,720.36 1 0
github.com/ebogdum/filemanager/internal/apps/ssh_client/plugin.go:720.36,722.3 1 0
github.com/ebogdum/filemanager/internal/apps/ssh_client/plugin.go:725.2,725.47 1 0
github.com/ebogdum/filemanager/internal/apps/ssh_client/plugin.go:725.47,727.3 1 0
github.com/ebogdum/filemanager/internal/apps/ssh_client/plugin.go:729.2,729.14 1 0
github.com/ebogdum/filemanager/internal/apps/ssh_client/plugin.go:732.37,733.23 1 0
github.com/ebogdum/filemanager/internal/apps/ssh_client/plugin.go:734.11,735.17 1 0
github.com/ebogdum/filemanager/internal/apps/ssh_client/plugin.go:736.13,737.22 1 0
github.com/ebogdum/filemanager/internal/apps/ssh_client/plugin.go:738.15,739.22 1 0
github.com/ebogdum/filemanager/internal/apps/ssh_client/plugin.go:740.10,741.18 1 0
github.com/ebogdum/filemanager/internal/apps/ssh_client/plugin.go:745.52,746.29 1 0
github.com/ebogdum/filemanager/internal/apps/ssh_client/plugin.go:746.29,747.33 1 0
github.com/ebogdum/filemanager/internal/apps/ssh_client/plugin.go:747.33,749.4 1 0
github.com/ebogdum/filemanager/internal/apps/ssh_client/plugin.go:751.2,751.14 1 0
github.com/ebogdum/filemanager/internal/apps/ssh_client/plugin.go:754.32,758.2 2 0
github.com/ebogdum/filemanager/internal/apps/ssh_client/plugin.go:761.47,762.20 1 0
github.com/ebogdum/filemanager/internal/apps/ssh_client/plugin.go:762.20,764.3 1 0
github.com/ebogdum/filemanager/internal/apps/ssh_client/plugin.go:767.2,767.72 1 0
github.com/ebogdum/filemanager/internal/apps/ssh_client/plugin.go:767.72,769.3 1 0
github.com/ebogdum/filemanager/internal/apps/ssh_client/plugin.go:772.2,773.21 2 0
github.com/ebogdum/filemanager/internal/apps/ssh_client/plugin.go:773.21,775.3 1 0
github.com/ebogdum/filemanager/internal/apps/ssh_client/plugin.go:777.2,777.28 1 0
github.com/ebogdum/filemanager/internal/apps/traefik/plugin.go:24.20,26.2 1 0
github.com/ebogdum/filemanager/internal/apps/traefik/plugin.go:38.32,40.2 1 0
github.com/ebogdum/filemanager/internal/apps/traefik/plugin.go:43.35,45.2 1 0
github.com/ebogdum/filemanager/internal/apps/traefik/plugin.go:48.39,50.2 1 0
github.com/ebogdum/filemanager/internal/apps/traefik/plugin.go:53.40,55.2 1 0
github.com/ebogdum/filemanager/internal/apps/traefik/plugin.go:58.44,110.2 1 0
github.com/ebogdum/filemanager/internal/apps/traefik/plugin.go:113.38,131.2 1 0
github.com/ebogdum/filemanager/internal/apps/traefik/plugin.go:134.73,138.9 3 0
github.com/ebogdum/filemanager/internal/apps/traefik/plugin.go:138.9,140.3 1 0
github.com/ebogdum/filemanager/internal/apps/traefik/plugin.go:143.2,143.70 1 0
github.com/ebogdum/filemanager/internal/apps/traefik/plugin.go:143.70,145.3 1 0
github.com/ebogdum/filemanager/internal/apps/traefik/plugin.go:148.2,148.66 1 0
github.com/ebogdum/filemanager/internal/apps/traefik/plugin.go:148.66,150.3 1 0
github.com/ebogdum/filemanager/internal/apps/traefik/plugin.go:153.2,153.54 1 0
github.com/ebogdum/filemanager/internal/apps/traefik/plugin.go:153.54,155.3 1 0
github.com/ebogdum/filemanager/internal/apps/traefik/plugin.go:158.2,158.54 1 0
github.com/ebogdum/filemanager/internal/apps/traefik/plugin.go:158.54,160.3 1 0
github.com/ebogdum/filemanager/internal/apps/traefik/plugin.go:163.2,163.78 1 0
github.com/ebogdum/filemanager/internal/apps/traefik/plugin.go:163.78,165.3 1 0
github.com/ebogdum/filemanager/internal/apps/traefik/plugin.go:168.2,168.54 1 0
github.com/ebogdum/filemanager/internal/apps/traefik/plugin.go:168.54,170.3 1 0
github.com/ebogdum/filemanager/internal/apps/traefik/plugin.go:173.2,173.62 1 0
github.com/ebogdum/filemanager/internal/apps/traefik/plugin.go:173.62,175.3 1 0
github.com/ebogdum/filemanager/internal/apps/traefik/plugin.go:177.2,177.20 1 0
github.com/ebogdum/filemanager/internal/apps/traefik/plugin.go:180.91,184.36 3 0
github.com/ebogdum/filemanager/internal/apps/traefik/plugin.go:184.36,186.10 2 0
github.com/ebogdum/filemanager/internal/apps/traefik/plugin.go:186.10,191.12 2 0
github.com/ebogdum/filemanager/internal/apps/traefik/plugin.go:195.3,195.51 1 0
github.com/ebogdum/filemanager/internal/apps/traefik/plugin.go:195.51,197.18 2 0
github.com/ebogdum/filemanager/internal/apps/traefik/plugin.go:197.18,202.5 1 0
github.com/ebogdum/filemanager/internal/apps/traefik/plugin.go:202.10,204.52 1 0
github.com/ebogdum/filemanager/internal/apps/traefik/plugin.go:204.52,209.6 1 0
github.com/ebogdum/filemanager/internal/apps/traefik/plugin.go:210.5,210.27 1 0
github.com/ebogdum/filemanager/internal/apps/traefik/plugin.go:212.9,217.4 1 0
github.com/ebogdum/filemanager/internal/apps/traefik/plugin.go:220.3,220.63 1 0
github.com/ebogdum/filemanager/internal/apps/traefik/plugin.go:220.63,222.4 1 0
github.com/ebogdum/filemanager/internal/apps/traefik/plugin.go:225.3,225.53 1 0
github.com/ebogdum/filemanager/internal/apps/traefik/plugin.go:225.53,227.4 1 0
github.com/ebogdum/filemanager/internal/apps/traefik/plugin.go:230.2,230.15 1 0
github.com/ebogdum/filemanager/internal/apps/traefik/plugin.go:233.100,237.74 2 0
github.com/ebogdum/filemanager/internal/apps/traefik/plugin.go:237.74,238.37 1 0
github.com/ebogdum/filemanager/internal/apps/traefik/plugin.go:238.37,239.40 1 0
github.com/ebogdum/filemanager/internal/apps/traefik/plugin.go:239.40,240.33 1 0
github.com/ebogdum/filemanager/internal/apps/traefik/plugin.go:240.33,245.6 1 0
github.com/ebogdum/filemanager/internal/apps/traefik/plugin.go:251.2,251.66 1 0
github.com/ebogdum/filemanager/internal/apps/traefik/plugin.go:251.66,252.65 1 0
github.com/ebogdum/filemanager/internal/apps/traefik/plugin.go:252.65,253.38 1 0
github.com/ebogdum/filemanager/internal/apps/traefik/plugin.go:253.38,258.5 1 0
github.com/ebogdum/filemanager/internal/apps/traefik/plugin.go:262.2,262.15 1 0
github.com/ebogdum/filemanager/internal/apps/traefik/plugin.go:265.100,269.64 2 0
github.com/ebogdum/filemanager/internal/apps/traefik/plugin.go:269.64,270.69 1 0
github.com/ebogdum/filemanager/internal/apps/traefik/plugin.go:270.69,271.47 1 0
github.com/ebogdum/filemanager/internal/apps/traefik/plugin.go:271.47,272.17 1 0
github.com/ebogdum/filemanager/internal/apps/traefik/plugin.go:272.17,277.6 1 0
github.com/ebogdum/filemanager/internal/apps/traefik/plugin.go:279.4,279.55 1 0
github.com/ebogdum/filemanager/internal/apps/traefik/plugin.go:279.55,280.46 1 0
github.com/ebogdum/filemanager/internal/apps/traefik/plugin.go:280.46,285.6 1 0
github.com/ebogdum/filemanager/internal/apps/traefik/plugin.go:290.2,290.15 1 0
github.com/ebogdum/filemanager/internal/apps/traefik/plugin.go:293.87,297.56 2 0
github.com/ebogdum/filemanager/internal/apps/traefik/plugin.go:297.56,299.3 1 0
github.com/ebogdum/filemanager/internal/apps/traefik/plugin.go:302.2,302.60 1 0
github.com/ebogdum/filemanager/internal/apps/traefik/plugin.go:302.60,304.3 1 0
github.com/ebogdum/filemanager/internal/apps/traefik/plugin.go:307.2,307.68 1 0
github.com/ebogdum/filemanager/internal/apps/traefik/plugin.go:307.68,309.3 1 0
github.com/ebogdum/filemanager/internal/apps/traefik/plugin.go:310.2,310.64 1 0
github.com/ebogdum/filemanager/internal/apps/traefik/plugin.go:310.64,312.3 1 0
github.com/ebogdum/filemanager/internal/apps/traefik/plugin.go:315.2,315.60 1 0
github.com/ebogdum/filemanager/internal/apps/traefik/plugin.go:315.60,317.3 1 0
github.com/ebogdum/filemanager/internal/apps/traefik/plugin.go:319.2,319.15 1 0
github.com/ebogdum/filemanager/internal/apps/traefik/plugin.go:322.85,328.44 4 0
github.com/ebogdum/filemanager/internal/apps/traefik/plugin.go:328.44,330.3 1 0
github.com/ebogdum/filemanager/internal/apps/traefik/plugin.go:331.2,331.45 1 0
github.com/ebogdum/filemanager/internal/apps/traefik/plugin.go:331.45,333.3 1 0
github.com/ebogdum/filemanager/internal/apps/traefik/plugin.go:335.2,335.35 1 0
github.com/ebogdum/filemanager/internal/apps/traefik/plugin.go:335.35,340.3 1 0
github.com/ebogdum/filemanager/internal/apps/traefik/plugin.go:342.2,342.33 1 0
github.com/ebogdum/filemanager/internal/apps/traefik/plugin.go:342.33,347.3 1 0
github.com/ebogdum/filemanager/internal/apps/traefik/plugin.go:349.2,349.15 1 0
github.com/ebogdum/filemanager/internal/apps/traefik/plugin.go:352.89,356.53 2 0
github.com/ebogdum/filemanager/internal/apps/traefik/plugin.go:356.53,357.39 1 0
github.com/ebogdum/filemanager/internal/apps/traefik/plugin.go:357.39,362.4 1 0
github.com/ebogdum/filemanager/internal/apps/traefik/plugin.go:366.2,366.87 1 0
github.com/ebogdum/filemanager/internal/apps/traefik/plugin.go:366.87,371.3 1 0
github.com/ebogdum/filemanager/internal/apps/traefik/plugin.go:373.2,373.15 1 0
github.com/ebogdum/filemanager/internal/apps/traefik/plugin.go:376.104,380.53 2 0
github.com/ebogdum/filemanager/internal/apps/traefik/plugin.go:380.53,381.33 1 0
github.com/ebogdum/filemanager/internal/apps/traefik/plugin.go:381.33,382.36 1 0
github.com/ebogdum/filemanager/internal/apps/traefik/plugin.go:382.36,383.36 1 0
github.com/ebogdum/filemanager/internal/apps/traefik/plugin.go:383.36,388.6 1 0
github.com/ebogdum/filemanager/internal/apps/traefik/plugin.go:393.2,393.15 1 0
github.com/ebogdum/filemanager/internal/apps/traefik/plugin.go:396.89,400.54 2 0
github.com/ebogdum/filemanager/internal/apps/traefik/plugin.go:400.54,401.32 1 0
github.com/ebogdum/filemanager/internal/apps/traefik/plugin.go:401.32,402.36 1 0
github.com/ebogdum/filemanager/internal/apps/traefik/plugin.go:402.36,403.38 1 0
github.com/ebogdum/filemanager/internal/apps/traefik/plugin.go:403.38,408.6 1 0
github.com/ebogdum/filemanager/internal/apps/traefik/plugin.go:413.2,413.15 1 0
github.com/ebogdum/filemanager/internal/apps/traefik/plugin.go:416.75,420.63 2 0
github.com/ebogdum/filemanager/internal/apps/traefik/plugin.go:420.63,421.61 1 0
github.com/ebogdum/filemanager/internal/apps/traefik/plugin.go:421.61,426.4 1 0
github.com/ebogdum/filemanager/internal/apps/traefik/plugin.go:429.2,429.15 1 0
github.com/ebogdum/filemanager/internal/apps/traefik/plugin.go:432.75,436.44 2 0
github.com/ebogdum/filemanager/internal/apps/traefik/plugin.go:436.44,439.34 3 0
github.com/ebogdum/filemanager/internal/apps/traefik/plugin.go:439.34,440.36 1 0
github.com/ebogdum/filemanager/internal/apps/traefik/plugin.go:440.36,442.10 2 0
github.com/ebogdum/filemanager/internal/apps/traefik/plugin.go:445.3,445.13 1 0
github.com/ebogdum/filemanager/internal/apps/traefik/plugin.go:445.13,450.4 1 0
github.com/ebogdum/filemanager/internal/apps/traefik/plugin.go:454.2,454.46 1 0
github.com/ebogdum/filemanager/internal/apps/traefik/plugin.go:454.46,457.35 3 0
github.com/ebogdum/filemanager/internal/apps/traefik/plugin.go:457.35,458.20 1 0
github.com/ebogdum/filemanager/internal/apps/traefik/plugin.go:458.20,460.10 2 0
github.com/ebogdum/filemanager/internal/apps/traefik/plugin.go:463.3,463.13 1 0
github.com/ebogdum/filemanager/internal/apps/traefik/plugin.go:463.13,468.4 1 0
github.com/ebogdum/filemanager/internal/apps/traefik/plugin.go:471.2,471.15 1 0
github.com/ebogdum/filemanager/internal/apps/traefik/plugin.go:474.91,477.40 2 0
github.com/ebogdum/filemanager/internal/apps/traefik/plugin.go:477.40,479.10 2 0
github.com/ebogdum/filemanager/internal/apps/traefik/plugin.go:479.10,480.12 1 0
github.com/ebogdum/filemanager/internal/apps/traefik/plugin.go:483.3,483.59 1 0
github.com/ebogdum/filemanager/internal/apps/traefik/plugin.go:483.59,485.4 1 0
github.com/ebogdum/filemanager/internal/apps/traefik/plugin.go:488.2,488.15 1 0
github.com/ebogdum/filemanager/internal/apps/traefik/plugin.go:491.75,495.56 2 0
github.com/ebogdum/filemanager/internal/apps/traefik/plugin.go:495.56,496.34 1 0
github.com/ebogdum/filemanager/internal/apps/traefik/plugin.go:496.34,498.11 2 0
github.com/ebogdum/filemanager/internal/apps/traefik/plugin.go:498.11,499.13 1 0
github.com/ebogdum/filemanager/internal/apps/traefik/plugin.go:503.4,503.59 1 0
github.com/ebogdum/filemanager/internal/apps/traefik/plugin.go:503.59,506.38 3 0
github.com/ebogdum/filemanager/internal/apps/traefik/plugin.go:506.38,507.26 1 0
github.com/ebogdum/filemanager/internal/apps/traefik/plugin.go:507.26,509.12 2 0
github.com/ebogdum/filemanager/internal/apps/traefik/plugin.go:512.5,512.15 1 0
github.com/ebogdum/filemanager/internal/apps/traefik/plugin.go:512.15,517.6 1 0
github.com/ebogdum/filemanager/internal/apps/traefik/plugin.go:520.5,520.69 1 0
github.com/ebogdum/filemanager/internal/apps/traefik/plugin.go:520.69,525.6 1 0
github.com/ebogdum/filemanager/internal/apps/traefik/plugin.go:530.2,530.15 1 0
github.com/ebogdum/filemanager/internal/apps/traefik/plugin.go:533.83,538.40 3 0
github.com/ebogdum/filemanager/internal/apps/traefik/plugin.go:538.40,540.3 1 0
github.com/ebogdum/filemanager/internal/apps/traefik/plugin.go:541.2,541.37 1 0
github.com/ebogdum/filemanager/internal/apps/traefik/plugin.go:541.37,543.3 1 0
github.com/ebogdum/filemanager/internal/apps/traefik/plugin.go:544.2,544.36 1 0
github.com/ebogdum/filemanager/internal/apps/traefik/plugin.go:544.36,546.3 1 0
github.com/ebogdum/filemanager/internal/apps/traefik/plugin.go:547.2,547.38 1 0
github.com/ebogdum/filemanager/internal/apps/traefik/plugin.go:547.38,549.3 1 0
github.com/ebogdum/filemanager/internal/apps/traefik/plugin.go:551.2,551.15 1 0
github.com/ebogdum/filemanager/internal/apps/traefik/plugin.go:551.15,556.3 1 0
github.com/ebogdum/filemanager/internal/apps/traefik/plugin.go:558.2,558.15 1 0
github.com/ebogdum/filemanager/internal/apps/traefik/plugin.go:562.81,566.9 3 0
github.com/ebogdum/filemanager/internal/apps/traefik/plugin.go:566.9,568.3 1 0
github.com/ebogdum/filemanager/internal/apps/traefik/plugin.go:570.2,570.70 1 0
github.com/ebogdum/filemanager/internal/apps/traefik/plugin.go:570.70,572.3 1 0
github.com/ebogdum/filemanager/internal/apps/traefik/plugin.go:574.2,574.42 1 0
github.com/ebogdum/filemanager/internal/apps/traefik/plugin.go:574.42,579.3 1 0
github.com/ebogdum/filemanager/internal/apps/traefik/plugin.go:581.2,581.20 1 0
github.com/ebogdum/filemanager/internal/apps/traefik/plugin.go:585.53,587.9 2 0
github.com/ebogdum/filemanager/internal/apps/traefik/plugin.go:587.9,589.3 1 0
github.com/ebogdum/filemanager/internal/apps/traefik/plugin.go:592.2,592.54 1 0
github.com/ebogdum/filemanager/internal/apps/traefik/plugin.go:592.54,593.45 1 0
github.com/ebogdum/filemanager/internal/apps/traefik/plugin.go:593.45,595.4 1 0
github.com/ebogdum/filemanager/internal/apps/traefik/plugin.go:598.2,598.23 1 0
github.com/ebogdum/filemanager/internal/apps/traefik/plugin.go:602.55,604.2 1 0
github.com/ebogdum/filemanager/internal/apps/traefik/plugin.go:607.55,609.54 2 0
github.com/ebogdum/filemanager/internal/apps/traefik/plugin.go:609.54,611.3 1 0
github.com/ebogdum/filemanager/internal/apps/traefik/plugin.go:612.2,612.20 1 0
github.com/ebogdum/filemanager/internal/apps/traefik/plugin.go:616.56,618.2 1 0
github.com/ebogdum/filemanager/internal/apps/traefik/plugin.go:621.62,623.2 1 0
github.com/ebogdum/filemanager/internal/apps/traefik/plugin.go:627.45,629.37 1 0
github.com/ebogdum/filemanager/internal/apps/traefik/plugin.go:629.37,631.45 2 0
github.com/ebogdum/filemanager/internal/apps/traefik/plugin.go:631.45,633.4 1 0
github.com/ebogdum/filemanager/internal/apps/traefik/plugin.go:634.3,634.19 1 0
github.com/ebogdum/filemanager/internal/apps/traefik/plugin.go:637.2,638.16 2 0
github.com/ebogdum/filemanager/internal/apps/traefik/plugin.go:638.16,640.3 1 0
github.com/ebogdum/filemanager/internal/apps/traefik/plugin.go:641.2,642.44 2 0
github.com/ebogdum/filemanager/internal/apps/traefik/plugin.go:642.44,644.3 1 0
github.com/ebogdum/filemanager/internal/apps/traefik/plugin.go:645.2,645.18 1 0
github.com/ebogdum/filemanager/internal/apps/traefik/plugin.go:648.37,650.2 1 0
github.com/ebogdum/filemanager/internal/apps/traefik/plugin.go:652.50,654.16 2 1
github.com/ebogdum/filemanager/internal/apps/traefik/plugin.go:654.16,656.3 1 0
github.com/ebogdum/filemanager/internal/apps/traefik/plugin.go:658.2,658.23 1 1
github.com/ebogdum/filemanager/internal/apps/traefik/plugin.go:659.14,660.27 1 1
github.com/ebogdum/filemanager/internal/apps/traefik/plugin.go:661.13,662.24 1 1
github.com/ebogdum/filemanager/internal/apps/traefik/plugin.go:662.24,664.4 1 1
github.com/ebogdum/filemanager/internal/apps/traefik/plugin.go:665.3,666.20 2 1
github.com/ebogdum/filemanager/internal/apps/traefik/plugin.go:667.23,668.27 1 1
github.com/ebogdum/filemanager/internal/apps/traefik/plugin.go:669.10,670.15 1 1
github.com/ebogdum/filemanager/internal/apps/traefik/plugin.go:674.42,676.2 1 0
github.com/ebogdum/filemanager/internal/apps/traefik/plugin.go:678.50,682.2 2 0
github.com/ebogdum/filemanager/internal/apps/traefik/plugin.go:684.38,685.46 1 1
github.com/ebogdum/filemanager/internal/apps/traefik/plugin.go:685.46,687.3 1 1
github.com/ebogdum/filemanager/internal/apps/traefik/plugin.go:689.2,690.16 2 1
github.com/ebogdum/filemanager/internal/apps/traefik/plugin.go:690.16,692.3 1 0
github.com/ebogdum/filemanager/internal/apps/traefik/plugin.go:694.2,694.32 1 1
github.com/ebogdum/filemanager/internal/apps/traefik/plugin.go:697.92,702.9 4 0
github.com/ebogdum/filemanager/internal/apps/traefik/plugin.go:703.16,707.5 1 0
github.com/ebogdum/filemanager/internal/apps/traefik/plugin.go:708.28,712.5 1 0
github.com/ebogdum/filemanager/internal/apps/traefik/plugin.go:715.2,715.44 1 0
github.com/ebogdum/filemanager/internal/apps/traefik/plugin.go:715.44,720.3 1 0
github.com/ebogdum/filemanager/internal/apps/traefik/plugin.go:722.2,722.29 1 0
github.com/ebogdum/filemanager/internal/apps/traefik/plugin.go:722.29,727.3 1 0
github.com/ebogdum/filemanager/internal/apps/traefik/plugin.go:729.2,729.92 1 0
github.com/ebogdum/filemanager/internal/apps/traefik/plugin.go:729.92,734.3 1 0
github.com/ebogdum/filemanager/internal/apps/traefik/plugin.go:736.2,736.15 1 0
github.com/ebogdum/filemanager/internal/apps/traefik/plugin.go:739.49,744.2 4 0
github.com/ebogdum/filemanager/internal/apps/traefik/plugin.go:746.82,750.36 3 0
github.com/ebogdum/filemanager/internal/apps/traefik/plugin.go:750.36,752.10 2 0
github.com/ebogdum/filemanager/internal/apps/traefik/plugin.go:752.10,753.12 1 0
github.com/ebogdum/filemanager/internal/apps/traefik/plugin.go:755.3,755.43 1 0
github.com/ebogdum/filemanager/internal/apps/traefik/plugin.go:755.43,756.12 1 0
github.com/ebogdum/filemanager/internal/apps/traefik/plugin.go:759.3,762.5 1 0
github.com/ebogdum/filemanager/internal/apps/traefik/plugin.go:765.2,765.15 1 0
github.com/ebogdum/filemanager/internal/apps/traefik/plugin.go:768.58,769.33 1 0
github.com/ebogdum/filemanager/internal/apps/traefik/plugin.go:769.33,771.10 2 0
github.com/ebogdum/filemanager/internal/apps/traefik/plugin.go:771.10,772.12 1 0
github.com/ebogdum/filemanager/internal/apps/traefik/plugin.go:775.3,776.45 2 0
github.com/ebogdum/filemanager/internal/apps/traefik/plugin.go:776.45,778.4 1 0
github.com/ebogdum/filemanager/internal/apps/traefik/plugin.go:780.2,780.14 1 0
github.com/ebogdum/filemanager/internal/apps/traefik/plugin.go:783.55,785.9 2 0
github.com/ebogdum/filemanager/internal/apps/traefik/plugin.go:785.9,787.3 1 0
github.com/ebogdum/filemanager/internal/apps/traefik/plugin.go:788.2,789.9 2 0
github.com/ebogdum/filemanager/internal/apps/traefik/plugin.go:789.9,791.3 1 0
github.com/ebogdum/filemanager/internal/apps/traefik/plugin.go:792.2,793.9 2 0
github.com/ebogdum/filemanager/internal/apps/traefik/plugin.go:793.9,795.3 1 0
github.com/ebogdum/filemanager/internal/apps/traefik/plugin.go:796.2,797.32 2 0
github.com/ebogdum/filemanager/internal/apps/vault/plugin.go:20.20,22.2 1 0
github.com/ebogdum/filemanager/internal/apps/vault/plugin.go:25.32,27.2 1 0
github.com/ebogdum/filemanager/internal/apps/vault/plugin.go:30.35,32.2 1 0
github.com/ebogdum/filemanager/internal/apps/vault/plugin.go:35.39,37.2 1 0
github.com/ebogdum/filemanager/internal/apps/vault/plugin.go:40.40,42.2 1 0
github.com/ebogdum/filemanager/internal/apps/vault/plugin.go:45.44,121.2 1 0
github.com/ebogdum/filemanager/internal/apps/vault/plugin.go:124.38,142.2 1 0
github.com/ebogdum/filemanager/internal/apps/vault/plugin.go:145.73,149.9 3 0
github.com/ebogdum/filemanager/internal/apps/vault/plugin.go:149.9,151.3 1 0
github.com/ebogdum/filemanager/internal/apps/vault/plugin.go:154.2,154.40 1 0
github.com/ebogdum/filemanager/internal/apps/vault/plugin.go:154.40,159.3 1 0
github.com/ebogdum/filemanager/internal/apps/vault/plugin.go:159.8,162.3 2 0
github.com/ebogdum/filemanager/internal/apps/vault/plugin.go:165.2,165.41 1 0
github.com/ebogdum/filemanager/internal/apps/vault/plugin.go:165.41,170.3 1 0
github.com/ebogdum/filemanager/internal/apps/vault/plugin.go:170.8,173.3 2 0
github.com/ebogdum/filemanager/internal/apps/vault/plugin.go:176.2,176.39 1 0
github.com/ebogdum/filemanager/internal/apps/vault/plugin.go:176.39,179.3 2 0
github.com/ebogdum/filemanager/internal/apps/vault/plugin.go:182.2,182.48 1 0
github.com/ebogdum/filemanager/internal/apps/vault/plugin.go:182.48,186.33 4 0
github.com/ebogdum/filemanager/internal/apps/vault/plugin.go:186.33,187.21 1 0
github.com/ebogdum/filemanager/internal/apps/vault/plugin.go:187.21,189.10 2 0
github.com/ebogdum/filemanager/internal/apps/vault/plugin.go:192.3,192.13 1 0
github.com/ebogdum/filemanager/internal/apps/vault/plugin.go:192.13,197.4 1 0
github.com/ebogdum/filemanager/internal/apps/vault/plugin.go:200.2,200.20 1 0
github.com/ebogdum/filemanager/internal/apps/vault/plugin.go:203.72,207.9 3 0
github.com/ebogdum/filemanager/internal/apps/vault/plugin.go:207.9,209.3 1 0
github.com/ebogdum/filemanager/internal/apps/vault/plugin.go:212.2,214.28 3 0
github.com/ebogdum/filemanager/internal/apps/vault/plugin.go:214.28,215.41 1 0
github.com/ebogdum/filemanager/internal/apps/vault/plugin.go:215.41,216.20 1 0
github.com/ebogdum/filemanager/internal/apps/vault/plugin.go:216.20,218.5 1 0
github.com/ebogdum/filemanager/internal/apps/vault/plugin.go:222.2,222.24 1 0
github.com/ebogdum/filemanager/internal/apps/vault/plugin.go:222.24,227.3 1 0
github.com/ebogdum/filemanager/internal/apps/vault/plugin.go:227.8,227.30 1 0
github.com/ebogdum/filemanager/internal/apps/vault/plugin.go:227.30,232.3 1 0
github.com/ebogdum/filemanager/internal/apps/vault/plugin.go:235.2,235.57 1 0
github.com/ebogdum/filemanager/internal/apps/vault/plugin.go:235.57,236.33 1 0
github.com/ebogdum/filemanager/internal/apps/vault/plugin.go:236.33,241.4 1 0
github.com/ebogdum/filemanager/internal/apps/vault/plugin.go:245.2,245.61 1 0
github.com/ebogdum/filemanager/internal/apps/vault/plugin.go:245.61,246.38 1 0
github.com/ebogdum/filemanager/internal/apps/vault/plugin.go:246.38,251.4 1 0
github.com/ebogdum/filemanager/internal/apps/vault/plugin.go:254.2,254.15 1 0
github.com/ebogdum/filemanager/internal/apps/vault/plugin.go:257.75,261.9 3 0
github.com/ebogdum/filemanager/internal/apps/vault/plugin.go:261.9,263.55 1 0
github.com/ebogdum/filemanager/internal/apps/vault/plugin.go:263.55,265.4 1 0
github.com/ebogdum/filemanager/internal/apps/vault/plugin.go:266.3,266.97 1 0
github.com/ebogdum/filemanager/internal/apps/vault/plugin.go:269.2,269.25 1 0
github.com/ebogdum/filemanager/internal/apps/vault/plugin.go:269.25,271.3 1 0
github.com/ebogdum/filemanager/internal/apps/vault/plugin.go:273.2,273.30 1 0
github.com/ebogdum/filemanager/internal/apps/vault/plugin.go:273.30,275.10 2 0
github.com/ebogdum/filemanager/internal/apps/vault/plugin.go:275.10,280.12 2 0
github.com/ebogdum/filemanager/internal/apps/vault/plugin.go:282.3,283.45 2 0
github.com/ebogdum/filemanager/internal/apps/vault/plugin.go:286.2,286.15 1 0
github.com/ebogdum/filemanager/internal/apps/vault/plugin.go:289.104,296.25 4 0
github.com/ebogdum/filemanager/internal/apps/vault/plugin.go:296.25,302.3 2 0
github.com/ebogdum/filemanager/internal/apps/vault/plugin.go:304.2,304.12 1 0
github.com/ebogdum/filemanager/internal/apps/vault/plugin.go:304.12,306.40 1 0
github.com/ebogdum/filemanager/internal/apps/vault/plugin.go:306.40,308.32 2 0
github.com/ebogdum/filemanager/internal/apps/vault/plugin.go:308.32,313.5 1 0
github.com/ebogdum/filemanager/internal/apps/vault/plugin.go:314.9,319.4 1 0
github.com/ebogdum/filemanager/internal/apps/vault/plugin.go:322.3,323.18 2 0
github.com/ebogdum/filemanager/internal/apps/vault/plugin.go:323.18,324.42 1 0
github.com/ebogdum/filemanager/internal/apps/vault/plugin.go:324.42,329.5 1 0
github.com/ebogdum/filemanager/internal/apps/vault/plugin.go:330.4,330.41 1 0
github.com/ebogdum/filemanager/internal/apps/vault/plugin.go:330.41,335.5 1 0
github.com/ebogdum/filemanager/internal/apps/vault/plugin.go:339.2,339.13 1 0
github.com/ebogdum/filemanager/internal/apps/vault/plugin.go:339.13,341.36 1 0
github.com/ebogdum/filemanager/internal/apps/vault/plugin.go:341.36,346.4 1 0
github.com/ebogdum/filemanager/internal/apps/vault/plugin.go:349.2,349.15 1 0
github.com/ebogdum/filemanager/internal/apps/vault/plugin.go:352.66,356.9 3 0
github.com/ebogdum/filemanager/internal/apps/vault/plugin.go:356.9,358.3 1 0
github.com/ebogdum/filemanager/internal/apps/vault/plugin.go:360.2,363.25 3 0
github.com/ebogdum/filemanager/internal/apps/vault/plugin.go:363.25,364.36 1 0
github.com/ebogdum/filemanager/internal/apps/vault/plugin.go:364.36,365.14 1 0
github.com/ebogdum/filemanager/internal/apps/vault/plugin.go:365.14,367.10 2 0
github.com/ebogdum/filemanager/internal/apps/vault/plugin.go:372.2,372.16 1 0
github.com/ebogdum/filemanager/internal/apps/vault/plugin.go:372.16,377.3 1 0
github.com/ebogdum/filemanager/internal/apps/vault/plugin.go:379.2,379.15 1 0
github.com/ebogdum/filemanager/internal/apps/vault/plugin.go:383.81,387.9 3 0
github.com/ebogdum/filemanager/internal/apps/vault/plugin.go:387.9,389.3 1 0
github.com/ebogdum/filemanager/internal/apps/vault/plugin.go:391.2,394.20 4 0
github.com/ebogdum/filemanager/internal/apps/vault/plugin.go:397.74,399.9 2 0
github.com/ebogdum/filemanager/internal/apps/vault/plugin.go:399.9,401.3 1 0
github.com/ebogdum/filemanager/internal/apps/vault/plugin.go:403.2,404.37 2 0
github.com/ebogdum/filemanager/internal/apps/vault/plugin.go:404.37,406.10 2 0
github.com/ebogdum/filemanager/internal/apps/vault/plugin.go:406.10,407.12 1 0
github.com/ebogdum/filemanager/internal/apps/vault/plugin.go:409.3,410.10 2 0
github.com/ebogdum/filemanager/internal/apps/vault/plugin.go:410.10,411.12 1 0
github.com/ebogdum/filemanager/internal/apps/vault/plugin.go:413.3,413.68 1 0
github.com/ebogdum/filemanager/internal/apps/vault/plugin.go:413.68,418.4 1 0
github.com/ebogdum/filemanager/internal/apps/vault/plugin.go:420.2,420.15 1 0
github.com/ebogdum/filemanager/internal/apps/vault/plugin.go:423.76,425.26 2 0
github.com/ebogdum/filemanager/internal/apps/vault/plugin.go:425.26,427.3 1 0
github.com/ebogdum/filemanager/internal/apps/vault/plugin.go:428.2,431.4 1 0
github.com/ebogdum/filemanager/internal/apps/vault/plugin.go:434.73,436.9 2 0
github.com/ebogdum/filemanager/internal/apps/vault/plugin.go:436.9,438.3 1 0
github.com/ebogdum/filemanager/internal/apps/vault/plugin.go:439.2,439.45 1 0
github.com/ebogdum/filemanager/internal/apps/vault/plugin.go:439.45,441.3 1 0
github.com/ebogdum/filemanager/internal/apps/vault/plugin.go:442.2,442.68 1 0
github.com/ebogdum/filemanager/internal/apps/vault/plugin.go:442.68,444.3 1 0
github.com/ebogdum/filemanager/internal/apps/vault/plugin.go:445.2,448.4 1 0
github.com/ebogdum/filemanager/internal/apps/vault/plugin.go:452.53,454.9 2 0
github.com/ebogdum/filemanager/internal/apps/vault/plugin.go:454.9,456.3 1 0
github.com/ebogdum/filemanager/internal/apps/vault/plugin.go:458.2,462.29 3 0
github.com/ebogdum/filemanager/internal/apps/vault/plugin.go:462.29,463.32 1 0
github.com/ebogdum/filemanager/internal/apps/vault/plugin.go:463.32,465.4 1 0
github.com/ebogdum/filemanager/internal/apps/vault/plugin.go:469.2,469.30 1 0
github.com/ebogdum/filemanager/internal/apps/vault/plugin.go:469.30,470.38 1 0
github.com/ebogdum/filemanager/internal/apps/vault/plugin.go:470.38,472.4 1 0
github.com/ebogdum/filemanager/internal/apps/vault/plugin.go:475.2,475.20 1 0
github.com/ebogdum/filemanager/internal/apps/vault/plugin.go:479.55,482.2 1 0
github.com/ebogdum/filemanager/internal/apps/vault/plugin.go:485.55,487.54 2 0
github.com/ebogdum/filemanager/internal/apps/vault/plugin.go:487.54,489.3 1 0
github.com/ebogdum/filemanager/internal/apps/vault/plugin.go:490.2,490.20 1 0
github.com/ebogdum/filemanager/internal/apps/vault/plugin.go:494.56,498.27 3 0
github.com/ebogdum/filemanager/internal/apps/vault/plugin.go:498.27,500.3 1 0
github.com/ebogdum/filemanager/internal/apps/vault/plugin.go:502.2,505.28 2 0
github.com/ebogdum/filemanager/internal/apps/vault/plugin.go:505.28,507.3 1 0
github.com/ebogdum/filemanager/internal/apps/vault/plugin.go:510.2,510.31 1 0
github.com/ebogdum/filemanager/internal/apps/vault/plugin.go:510.31,511.12 1 0
github.com/ebogdum/filemanager/internal/apps/vault/plugin.go:512.19,514.41 1 0
github.com/ebogdum/filemanager/internal/apps/vault/plugin.go:516.39,518.37 1 0
github.com/ebogdum/filemanager/internal/apps/vault/plugin.go:518.37,521.5 2 0
github.com/ebogdum/filemanager/internal/apps/vault/plugin.go:521.10,523.5 1 0
github.com/ebogdum/filemanager/internal/apps/vault/plugin.go:525.11,526.27 1 0
github.com/ebogdum/filemanager/internal/apps/vault/plugin.go:530.2,530.20 1 0
github.com/ebogdum/filemanager/internal/apps/vault/plugin.go:534.62,536.2 1 0
github.com/ebogdum/filemanager/internal/apps/vault/plugin.go:542.36,544.2 1 0
github.com/ebogdum/filemanager/internal/apps/vault/plugin.go:546.41,550.13 3 0
github.com/ebogdum/filemanager/internal/apps/vault/plugin.go:550.13,552.3 1 0
github.com/ebogdum/filemanager/internal/apps/vault/plugin.go:553.2,553.16 1 0
github.com/ebogdum/filemanager/internal/apps/vault/plugin.go:553.16,555.3 1 0
github.com/ebogdum/filemanager/internal/apps/vault/plugin.go:557.2,560.15 4 0
github.com/ebogdum/filemanager/internal/apps/vault/plugin.go:563.26,564.14 1 0
github.com/ebogdum/filemanager/internal/apps/vault/plugin.go:564.14,566.3 1 0
github.com/ebogdum/filemanager/internal/apps/vault/plugin.go:567.2,567.25 1 0
github.com/ebogdum/filemanager/internal/apps/vault/plugin.go:568.22,570.25 2 0
github.com/ebogdum/filemanager/internal/apps/vault/plugin.go:570.25,572.4 1 0
github.com/ebogdum/filemanager/internal/apps/vault/plugin.go:573.3,573.16 1 0
github.com/ebogdum/filemanager/internal/apps/vault/plugin.go:574.13,576.25 2 0
github.com/ebogdum/filemanager/internal/apps/vault/plugin.go:576.25,578.4 1 0
github.com/ebogdum/filemanager/internal/apps/vault/plugin.go:579.3,579.16 1 0
github.com/ebogdum/filemanager/internal/apps/vault/plugin.go:580.10,581.11 1 0
github.com/ebogdum/filemanager/internal/apps/vault/plugin.go:585.48,589.27 3 0
github.com/ebogdum/filemanager/internal/apps/vault/plugin.go:589.27,591.3 1 0
github.com/ebogdum/filemanager/internal/apps/vault/plugin.go:593.2,594.28 2 0
github.com/ebogdum/filemanager/internal/apps/vault/plugin.go:594.28,596.3 1 0
github.com/ebogdum/filemanager/internal/apps/vault/plugin.go:597.2,597.31 1 0
github.com/ebogdum/filemanager/internal/apps/vault/plugin.go:597.31,598.36 1 0
github.com/ebogdum/filemanager/internal/apps/vault/plugin.go:598.36,599.52 1 0
github.com/ebogdum/filemanager/internal/apps/vault/plugin.go:599.52,600.48 1 0
github.com/ebogdum/filemanager/internal/apps/vault/plugin.go:600.48,603.14 3 0
github.com/ebogdum/filemanager/internal/apps/vault/plugin.go:607.3,607.16 1 0
github.com/ebogdum/filemanager/internal/apps/vault/plugin.go:609.2,609.20 1 0
github.com/ebogdum/filemanager/internal/apps/vault/plugin.go:612.67,618.22 4 0
github.com/ebogdum/filemanager/internal/apps/vault/plugin.go:618.22,619.17 1 0
github.com/ebogdum/filemanager/internal/apps/vault/plugin.go:619.17,626.4 1 0
github.com/ebogdum/filemanager/internal/apps/vault/plugin.go:627.3,627.22 1 0
github.com/ebogdum/filemanager/internal/apps/vault/plugin.go:630.2,630.22 1 0
github.com/ebogdum/filemanager/internal/apps/vault/plugin.go:630.22,638.3 2 0
github.com/ebogdum/filemanager/internal/apps/vault/plugin.go:640.2,641.24 2 0
github.com/ebogdum/filemanager/internal/apps/vault/plugin.go:641.24,643.3 1 0
github.com/ebogdum/filemanager/internal/apps/vault/plugin.go:644.2,644.24 1 0
github.com/ebogdum/filemanager/internal/apps/vault/plugin.go:644.24,646.3 1 0
github.com/ebogdum/filemanager/internal/apps/vault/plugin.go:648.2,649.25 2 0
github.com/ebogdum/filemanager/internal/apps/vault/plugin.go:649.25,651.3 1 0
github.com/ebogdum/filemanager/internal/apps/vault/plugin.go:652.2,654.25 2 0
github.com/ebogdum/filemanager/internal/apps/vault/plugin.go:654.25,656.17 2 0
github.com/ebogdum/filemanager/internal/apps/vault/plugin.go:656.17,658.4 1 0
github.com/ebogdum/filemanager/internal/apps/vault/plugin.go:660.3,663.14 3 0
github.com/ebogdum/filemanager/internal/apps/vault/plugin.go:663.14,669.4 1 0
github.com/ebogdum/filemanager/internal/apps/vault/plugin.go:669.9,669.21 1 0
github.com/ebogdum/filemanager/internal/apps/vault/plugin.go:669.21,675.4 1 0
github.com/ebogdum/filemanager/internal/apps/vault/plugin.go:675.9,678.4 2 0
github.com/ebogdum/filemanager/internal/apps/vault/plugin.go:681.2,681.21 1 0
github.com/ebogdum/filemanager/internal/backends/b2/backend.go:53.21,55.2 1 0
github.com/ebogdum/filemanager/internal/backends/b2/backend.go:58.33,60.2 1 0
github.com/ebogdum/filemanager/internal/backends/b2/backend.go:63.35,65.2 1 0
github.com/ebogdum/filemanager/internal/backends/b2/backend.go:68.81,71.22 2 0
github.com/ebogdum/filemanager/internal/backends/b2/backend.go:71.22,73.3 1 0
github.com/ebogdum/filemanager/internal/backends/b2/backend.go:74.2,79.52 4 0
github.com/ebogdum/filemanager/internal/backends/b2/backend.go:79.52,81.3 1 0
github.com/ebogdum/filemanager/internal/backends/b2/backend.go:83.2,87.16 3 0
github.com/ebogdum/filemanager/internal/backends/b2/backend.go:87.16,89.3 1 0
github.com/ebogdum/filemanager/internal/backends/b2/backend.go:91.2,95.16 3 0
github.com/ebogdum/filemanager/internal/backends/b2/backend.go:95.16,97.3 1 0
github.com/ebogdum/filemanager/internal/backends/b2/backend.go:99.2,102.12 3 0
github.com/ebogdum/filemanager/internal/backends/b2/backend.go:106.34,109.2 2 0
github.com/ebogdum/filemanager/internal/backends/b2/backend.go:112.52,113.19 1 0
github.com/ebogdum/filemanager/internal/backends/b2/backend.go:113.19,115.3 1 0
github.com/ebogdum/filemanager/internal/backends/b2/backend.go:118.2,119.17 2 0
github.com/ebogdum/filemanager/internal/backends/b2/backend.go:119.17,122.3 1 0
github.com/ebogdum/filemanager/internal/backends/b2/backend.go:123.2,123.35 1 0
github.com/ebogdum/filemanager/internal/backends/b2/backend.go:123.35,125.3 1 0
github.com/ebogdum/filemanager/internal/backends/b2/backend.go:127.2,127.12 1 0
github.com/ebogdum/filemanager/internal/backends/b2/backend.go:131.81,139.16 5 0
github.com/ebogdum/filemanager/internal/backends/b2/backend.go:139.16,141.27 2 0
github.com/ebogdum/filemanager/internal/backends/b2/backend.go:141.27,143.4 1 0
github.com/ebogdum/filemanager/internal/backends/b2/backend.go:144.3,144.67 1 0
github.com/ebogdum/filemanager/internal/backends/b2/backend.go:147.2,149.20 2 0
github.com/ebogdum/filemanager/internal/backends/b2/backend.go:153.104,161.28 4 0
github.com/ebogdum/filemanager/internal/backends/b2/backend.go:161.28,166.3 1 0
github.com/ebogdum/filemanager/internal/backends/b2/backend.go:166.8,166.35 1 0
github.com/ebogdum/filemanager/internal/backends/b2/backend.go:166.35,170.3 1 0
github.com/ebogdum/filemanager/internal/backends/b2/backend.go:172.2,174.46 2 0
github.com/ebogdum/filemanager/internal/backends/b2/backend.go:174.46,177.3 2 0
github.com/ebogdum/filemanager/internal/backends/b2/backend.go:179.2,179.39 1 0
github.com/ebogdum/filemanager/internal/backends/b2/backend.go:179.39,181.3 1 0
github.com/ebogdum/filemanager/internal/backends/b2/backend.go:183.2,183.12 1 0
github.com/ebogdum/filemanager/internal/backends/b2/backend.go:187.66,191.40 3 0
github.com/ebogdum/filemanager/internal/backends/b2/backend.go:191.40,193.3 1 0
github.com/ebogdum/filemanager/internal/backends/b2/backend.go:195.2,195.12 1 0
github.com/ebogdum/filemanager/internal/backends/b2/backend.go:199.74,204.16 4 0
github.com/ebogdum/filemanager/internal/backends/b2/backend.go:204.16,205.27 1 0
github.com/ebogdum/filemanager/internal/backends/b2/backend.go:205.27,207.4 1 0
github.com/ebogdum/filemanager/internal/backends/b2/backend.go:208.3,208.70 1 0
github.com/ebogdum/filemanager/internal/backends/b2/backend.go:211.2,211.18 1 0
github.com/ebogdum/filemanager/internal/backends/b2/backend.go:215.84,220.16 4 0
github.com/ebogdum/filemanager/internal/backends/b2/backend.go:220.16,221.27 1 0
github.com/ebogdum/filemanager/internal/backends/b2/backend.go:221.27,223.4 1 0
github.com/ebogdum/filemanager/internal/backends/b2/backend.go:224.3,224.67 1 0
github.com/ebogdum/filemanager/internal/backends/b2/backend.go:227.2,238.18 2 0
github.com/ebogdum/filemanager/internal/backends/b2/backend.go:242.113,244.61 2 0
github.com/ebogdum/filemanager/internal/backends/b2/backend.go:244.61,246.3 1 0
github.com/ebogdum/filemanager/internal/backends/b2/backend.go:248.2,252.21 2 0
github.com/ebogdum/filemanager/internal/backends/b2/backend.go:252.21,254.3 1 0
github.com/ebogdum/filemanager/internal/backends/b2/backend.go:256.2,256.25 1 0
github.com/ebogdum/filemanager/internal/backends/b2/backend.go:256.25,258.3 1 0
github.com/ebogdum/filemanager/internal/backends/b2/backend.go:260.2,263.18 3 0
github.com/ebogdum/filemanager/internal/backends/b2/backend.go:263.18,268.17 4 0
github.com/ebogdum/filemanager/internal/backends/b2/backend.go:268.17,269.12 1 0
github.com/ebogdum/filemanager/internal/backends/b2/backend.go:273.3,274.12 2 0
github.com/ebogdum/filemanager/internal/backends/b2/backend.go:274.12,276.4 1 0
github.com/ebogdum/filemanager/internal/backends/b2/backend.go:278.3,278.19 1 0
github.com/ebogdum/filemanager/internal/backends/b2/backend.go:278.19,287.4 1 0
github.com/ebogdum/filemanager/internal/backends/b2/backend.go:287.9,293.4 1 0
github.com/ebogdum/filemanager/internal/backends/b2/backend.go:295.3,295.59 1 0
github.com/ebogdum/filemanager/internal/backends/b2/backend.go:295.59,296.9 1 0
github.com/ebogdum/filemanager/internal/backends/b2/backend.go:300.2,300.35 1 0
github.com/ebogdum/filemanager/internal/backends/b2/backend.go:300.35,302.3 1 0
github.com/ebogdum/filemanager/internal/backends/b2/backend.go:304.2,304.19 1 0
github.com/ebogdum/filemanager/internal/backends/b2/backend.go:308.94,310.41 2 0
github.com/ebogdum/filemanager/internal/backends/b2/backend.go:310.41,312.3 1 0
github.com/ebogdum/filemanager/internal/backends/b2/backend.go:314.2,319.39 3 0
github.com/ebogdum/filemanager/internal/backends/b2/backend.go:319.39,321.3 1 0
github.com/ebogdum/filemanager/internal/backends/b2/backend.go:323.2,323.12 1 0
github.com/ebogdum/filemanager/internal/backends/b2/backend.go:327.84,329.41 2 0
github.com/ebogdum/filemanager/internal/backends/b2/backend.go:329.41,331.3 1 0
github.com/ebogdum/filemanager/internal/backends/b2/backend.go:333.2,333.15 1 0
github.com/ebogdum/filemanager/internal/backends/b2/backend.go:333.15,336.19 2 0
github.com/ebogdum/filemanager/internal/backends/b2/backend.go:336.19,338.42 2 0
github.com/ebogdum/filemanager/internal/backends/b2/backend.go:338.42,340.5 1 0
github.com/ebogdum/filemanager/internal/backends/b2/backend.go:342.3,342.36 1 0
github.com/ebogdum/filemanager/internal/backends/b2/backend.go:342.36,344.4 1 0
github.com/ebogdum/filemanager/internal/backends/b2/backend.go:345.8,348.41 2 0
github.com/ebogdum/filemanager/internal/backends/b2/backend.go:348.41,350.4 1 0
github.com/ebogdum/filemanager/internal/backends/b2/backend.go:353.2,353.12 1 0
github.com/ebogdum/filemanager/internal/backends/b2/backend.go:357.109,359.2 1 0
github.com/ebogdum/filemanager/internal/backends/b2/backend.go:362.76,364.2 1 0
github.com/ebogdum/filemanager/internal/backends/b2/backend.go:367.84,369.2 1 0
github.com/ebogdum/filemanager/internal/backends/b2/backend.go:372.80,374.2 1 0
github.com/ebogdum/filemanager/internal/backends/b2/backend.go:377.62,399.2 1 0
github.com/ebogdum/filemanager/internal/backends/b2/backend.go:404.79,413.16 6 0
github.com/ebogdum/filemanager/internal/backends/b2/backend.go:413.16,415.3 1 0
github.com/ebogdum/filemanager/internal/backends/b2/backend.go:417.2,425.51 4 0
github.com/ebogdum/filemanager/internal/backends/b2/backend.go:425.51,428.3 2 0
github.com/ebogdum/filemanager/internal/backends/b2/backend.go:430.2,430.39 1 0
github.com/ebogdum/filemanager/internal/backends/b2/backend.go:430.39,432.3 1 0
github.com/ebogdum/filemanager/internal/backends/b2/backend.go:434.2,434.12 1 0
github.com/ebogdum/filemanager/internal/backends/b2/backend.go:438.86,443.16 4 0
github.com/ebogdum/filemanager/internal/backends/b2/backend.go:443.16,444.27 1 0
github.com/ebogdum/filemanager/internal/backends/b2/backend.go:444.27,446.4 1 0
github.com/ebogdum/filemanager/internal/backends/b2/backend.go:447.3,447.67 1 0
github.com/ebogdum/filemanager/internal/backends/b2/backend.go:450.2,464.18 2 0
github.com/ebogdum/filemanager/internal/backends/b2/backend.go:468.68,473.2 3 0
github.com/ebogdum/filemanager/internal/backends/b2/backend.go:476.95,480.2 1 0
github.com/ebogdum/filemanager/internal/backends/b2/backend.go:483.120,487.2 1 0
github.com/ebogdum/filemanager/internal/backends/b2/backend.go:491.48,492.25 1 0
github.com/ebogdum/filemanager/internal/backends/b2/backend.go:492.25,494.3 1 0
github.com/ebogdum/filemanager/internal/backends/b2/backend.go:495.2,495.38 1 0
github.com/ebogdum/filemanager/internal/backends/b2/backend.go:498.38,499.16 1 0
github.com/ebogdum/filemanager/internal/backends/b2/backend.go:499.16,501.3 1 0
github.com/ebogdum/filemanager/internal/backends/b2/backend.go:502.2,504.48 1 0
github.com/ebogdum/filemanager/internal/backends/ftp/backend.go:32.21,34.2 1 0
github.com/ebogdum/filemanager/internal/backends/ftp/backend.go:37.33,39.2 1 0
github.com/ebogdum/filemanager/internal/backends/ftp/backend.go:42.35,44.2 1 0
github.com/ebogdum/filemanager/internal/backends/ftp/backend.go:47.83,51.17 3 0
github.com/ebogdum/filemanager/internal/backends/ftp/backend.go:51.17,53.3 1 0
github.com/ebogdum/filemanager/internal/backends/ftp/backend.go:55.2,60.16 4 0
github.com/ebogdum/filemanager/internal/backends/ftp/backend.go:60.16,62.3 1 0
github.com/ebogdum/filemanager/internal/backends/ftp/backend.go:63.2,64.15 2 0
github.com/ebogdum/filemanager/internal/backends/ftp/backend.go:64.15,66.3 1 0
github.com/ebogdum/filemanager/internal/backends/ftp/backend.go:67.2,71.18 3 0
github.com/ebogdum/filemanager/internal/backends/ftp/backend.go:71.18,73.3 1 0
github.com/ebogdum/filemanager/internal/backends/ftp/backend.go:76.2,81.23 4 0
github.com/ebogdum/filemanager/internal/backends/ftp/backend.go:81.23,83.17 2 0
github.com/ebogdum/filemanager/internal/backends/ftp/backend.go:83.17,85.4 1 0
github.com/ebogdum/filemanager/internal/backends/ftp/backend.go:86.3,86.74 1 0
github.com/ebogdum/filemanager/internal/backends/ftp/backend.go:86.74,88.4 1 0
github.com/ebogdum/filemanager/internal/backends/ftp/backend.go:88.9,90.4 1 0
github.com/ebogdum/filemanager/internal/backends/ftp/backend.go:94.2,94.72 1 0
github.com/ebogdum/filemanager/internal/backends/ftp/backend.go:94.72,96.3 1 0
github.com/ebogdum/filemanager/internal/backends/ftp/backend.go:99.2,100.16 2 0
github.com/ebogdum/filemanager/internal/backends/ftp/backend.go:100.16,102.3 1 0
github.com/ebogdum/filemanager/internal/backends/ftp/backend.go:105.2,106.20 2 0
github.com/ebogdum/filemanager/internal/backends/ftp/backend.go:106.20,108.3 1 0
github.com/ebogdum/filemanager/internal/backends/ftp/backend.go:109.2,110.47 2 0
github.com/ebogdum/filemanager/internal/backends/ftp/backend.go:110.47,112.3 1 0
github.com/ebogdum/filemanager/internal/backends/ftp/backend.go:114.2,114.55 1 0
github.com/ebogdum/filemanager/internal/backends/ftp/backend.go:114.55,117.3 2 0
github.com/ebogdum/filemanager/internal/backends/ftp/backend.go:119.2,121.12 3 0
github.com/ebogdum/filemanager/internal/backends/ftp/backend.go:125.33,129.18 3 0
github.com/ebogdum/filemanager/internal/backends/ftp/backend.go:129.18,131.3 1 0
github.com/ebogdum/filemanager/internal/backends/ftp/backend.go:133.2,134.19 2 0
github.com/ebogdum/filemanager/internal/backends/ftp/backend.go:134.19,137.3 2 0
github.com/ebogdum/filemanager/internal/backends/ftp/backend.go:139.2,140.12 2 0
github.com/ebogdum/filemanager/internal/backends/ftp/backend.go:144.51,148.18 3 0
github.com/ebogdum/filemanager/internal/backends/ftp/backend.go:148.18,150.3 1 0
github.com/ebogdum/filemanager/internal/backends/ftp/backend.go:153.2,154.12 2 0
github.com/ebogdum/filemanager/internal/backends/ftp/backend.go:158.48,160.19 2 0
github.com/ebogdum/filemanager/internal/backends/ftp/backend.go:160.19,162.3 1 0
github.com/ebogdum/filemanager/internal/backends/ftp/backend.go:163.2,163.22 1 0
github.com/ebogdum/filemanager/internal/backends/ftp/backend.go:163.22,165.3 1 0
github.com/ebogdum/filemanager/internal/backends/ftp/backend.go:166.2,166.10 1 0
github.com/ebogdum/filemanager/internal/backends/ftp/backend.go:170.85,174.18 3 0
github.com/ebogdum/filemanager/internal/backends/ftp/backend.go:174.18,176.3 1 0
github.com/ebogdum/filemanager/internal/backends/ftp/backend.go:178.2,181.16 3 0
github.com/ebogdum/filemanager/internal/backends/ftp/backend.go:181.16,182.25 1 0
github.com/ebogdum/filemanager/internal/backends/ftp/backend.go:182.25,184.4 1 0
github.com/ebogdum/filemanager/internal/backends/ftp/backend.go:185.3,185.33 1 0
github.com/ebogdum/filemanager/internal/backends/ftp/backend.go:185.33,187.4 1 0
github.com/ebogdum/filemanager/internal/backends/ftp/backend.go:188.3,188.18 1 0
github.com/ebogdum/filemanager/internal/backends/ftp/backend.go:191.2,191.18 1 0
github.com/ebogdum/filemanager/internal/backends/ftp/backend.go:195.108,199.18 3 0
github.com/ebogdum/filemanager/internal/backends/ftp/backend.go:199.18,201.3 1 0
github.com/ebogdum/filemanager/internal/backends/ftp/backend.go:203.2,206.21 2 0
github.com/ebogdum/filemanager/internal/backends/ftp/backend.go:206.21,208.17 2 0
github.com/ebogdum/filemanager/internal/backends/ftp/backend.go:208.17,210.4 1 0
github.com/ebogdum/filemanager/internal/backends/ftp/backend.go:214.2,214.21 1 0
github.com/ebogdum/filemanager/internal/backends/ftp/backend.go:214.21,216.41 2 0
github.com/ebogdum/filemanager/internal/backends/ftp/backend.go:216.41,218.4 1 0
github.com/ebogdum/filemanager/internal/backends/ftp/backend.go:222.2,222.48 1 0
github.com/ebogdum/filemanager/internal/backends/ftp/backend.go:222.48,224.3 1 0
github.com/ebogdum/filemanager/internal/backends/ftp/backend.go:226.2,226.12 1 0
github.com/ebogdum/filemanager/internal/backends/ftp/backend.go:230.50,231.55 1 0
github.com/ebogdum/filemanager/internal/backends/ftp/backend.go:231.55,233.3 1 0
github.com/ebogdum/filemanager/internal/backends/ftp/backend.go:236.2,237.16 2 0
github.com/ebogdum/filemanager/internal/backends/ftp/backend.go:237.16,239.3 1 0
github.com/ebogdum/filemanager/internal/backends/ftp/backend.go:242.2,243.23 2 0
github.com/ebogdum/filemanager/internal/backends/ftp/backend.go:243.23,244.44 1 0
github.com/ebogdum/filemanager/internal/backends/ftp/backend.go:244.44,246.4 1 0
github.com/ebogdum/filemanager/internal/backends/ftp/backend.go:250.2,250.32 1 0
github.com/ebogdum/filemanager/internal/backends/ftp/backend.go:254.70,258.18 3 0
github.com/ebogdum/filemanager/internal/backends/ftp/backend.go:258.18,260.3 1 0
github.com/ebogdum/filemanager/internal/backends/ftp/backend.go:262.2,266.79 3 0
github.com/ebogdum/filemanager/internal/backends/ftp/backend.go:266.79,268.3 1 0
github.com/ebogdum/filemanager/internal/backends/ftp/backend.go:270.2,270.47 1 0
github.com/ebogdum/filemanager/internal/backends/ftp/backend.go:270.47,271.25 1 0
github.com/ebogdum/filemanager/internal/backends/ftp/backend.go:271.25,273.4 1 0
github.com/ebogdum/filemanager/internal/backends/ftp/backend.go:274.3,274.33 1 0
github.com/ebogdum/filemanager/internal/backends/ftp/backend.go:274.33,276.4 1 0
github.com/ebogdum/filemanager/internal/backends/ftp/backend.go:277.3,277.13 1 0
github.com/ebogdum/filemanager/internal/backends/ftp/backend.go:280.2,280.12 1 0
github.com/ebogdum/filemanager/internal/backends/ftp/backend.go:284.78,288.18 3 0
github.com/ebogdum/filemanager/internal/backends/ftp/backend.go:288.18,290.3 1 0
github.com/ebogdum/filemanager/internal/backends/ftp/backend.go:292.2,296.16 3 0
github.com/ebogdum/filemanager/internal/backends/ftp/backend.go:296.16,298.3 1 0
github.com/ebogdum/filemanager/internal/backends/ftp/backend.go:301.2,302.16 2 0
github.com/ebogdum/filemanager/internal/backends/ftp/backend.go:302.16,304.3 1 0
github.com/ebogdum/filemanager/internal/backends/ftp/backend.go:306.2,306.24 1 0
github.com/ebogdum/filemanager/internal/backends/ftp/backend.go:306.24,308.3 1 0
github.com/ebogdum/filemanager/internal/backends/ftp/backend.go:309.2,309.19 1 0
github.com/ebogdum/filemanager/internal/backends/ftp/backend.go:313.88,317.18 3 0
github.com/ebogdum/filemanager/internal/backends/ftp/backend.go:317.18,319.3 1 0
github.com/ebogdum/filemanager/internal/backends/ftp/backend.go:321.2,328.16 5 0
github.com/ebogdum/filemanager/internal/backends/ftp/backend.go:328.16,329.25 1 0
github.com/ebogdum/filemanager/internal/backends/ftp/backend.go:329.25,331.4 1 0
github.com/ebogdum/filemanager/internal/backends/ftp/backend.go:332.3,332.18 1 0
github.com/ebogdum/filemanager/internal/backends/ftp/backend.go:335.2,335.32 1 0
github.com/ebogdum/filemanager/internal/backends/ftp/backend.go:335.32,336.29 1 0
github.com/ebogdum/filemanager/internal/backends/ftp/backend.go:336.29,346.41 2 0
github.com/ebogdum/filemanager/internal/backends/ftp/backend.go:346.41,348.5 1 0
github.com/ebogdum/filemanager/internal/backends/ftp/backend.go:348.10,350.5 1 0
github.com/ebogdum/filemanager/internal/backends/ftp/backend.go:353.4,353.39 1 0
github.com/ebogdum/filemanager/internal/backends/ftp/backend.go:353.39,356.5 2 0
github.com/ebogdum/filemanager/internal/backends/ftp/backend.go:358.4,358.24 1 0
github.com/ebogdum/filemanager/internal/backends/ftp/backend.go:362.2,362.36 1 0
github.com/ebogdum/filemanager/internal/backends/ftp/backend.go:366.113,370.18 3 0
github.com/ebogdum/filemanager/internal/backends/ftp/backend.go:370.18,372.3 1 0
github.com/ebogdum/filemanager/internal/backends/ftp/backend.go:374.2,378.20 3 0
github.com/ebogdum/filemanager/internal/backends/ftp/backend.go:378.20,380.17 2 0
github.com/ebogdum/filemanager/internal/backends/ftp/backend.go:380.17,382.4 1 0
github.com/ebogdum/filemanager/internal/backends/ftp/backend.go:383.8,385.17 2 0
github.com/ebogdum/filemanager/internal/backends/ftp/backend.go:385.17,386.26 1 0
github.com/ebogdum/filemanager/internal/backends/ftp/backend.go:386.26,388.5 1 0
github.com/ebogdum/filemanager/internal/backends/ftp/backend.go:389.4,389.19 1 0
github.com/ebogdum/filemanager/internal/backends/ftp/backend.go:392.3,392.33 1 0
github.com/ebogdum/filemanager/internal/backends/ftp/backend.go:392.33,393.43 1 0
github.com/ebogdum/filemanager/internal/backends/ftp/backend.go:393.43,394.13 1 0
github.com/ebogdum/filemanager/internal/backends/ftp/backend.go:397.4,400.62 2 0
github.com/ebogdum/filemanager/internal/backends/ftp/backend.go:400.62,401.10 1 0
github.com/ebogdum/filemanager/internal/backends/ftp/backend.go:406.2,406.21 1 0
github.com/ebogdum/filemanager/internal/backends/ftp/backend.go:410.102,412.16 2 0
github.com/ebogdum/filemanager/internal/backends/ftp/backend.go:412.16,414.3 1 0
github.com/ebogdum/filemanager/internal/backends/ftp/backend.go:416.2,416.32 1 0
github.com/ebogdum/filemanager/internal/backends/ftp/backend.go:416.32,417.44 1 0
github.com/ebogdum/filemanager/internal/backends/ftp/backend.go:417.44,418.12 1 0
github.com/ebogdum/filemanager/internal/backends/ftp/backend.go:421.3,425.62 3 0
github.com/ebogdum/filemanager/internal/backends/ftp/backend.go:425.62,427.4 1 0
github.com/ebogdum/filemanager/internal/backends/ftp/backend.go:430.3,430.40 1 0
github.com/ebogdum/filemanager/internal/backends/ftp/backend.go:430.40,431.62 1 0
github.com/ebogdum/filemanager/internal/backends/ftp/backend.go:431.62,432.13 1 0
github.com/ebogdum/filemanager/internal/backends/ftp/backend.go:437.2,437.12 1 0
github.com/ebogdum/filemanager/internal/backends/ftp/backend.go:441.94,445.18 3 0
github.com/ebogdum/filemanager/internal/backends/ftp/backend.go:445.18,447.3 1 0
github.com/ebogdum/filemanager/internal/backends/ftp/backend.go:449.2,451.20 2 0
github.com/ebogdum/filemanager/internal/backends/ftp/backend.go:451.20,453.3 1 0
github.com/ebogdum/filemanager/internal/backends/ftp/backend.go:455.2,455.48 1 0
github.com/ebogdum/filemanager/internal/backends/ftp/backend.go:455.48,456.46 1 0
github.com/ebogdum/filemanager/internal/backends/ftp/backend.go:456.46,458.4 1 0
github.com/ebogdum/filemanager/internal/backends/ftp/backend.go:459.3,459.33 1 0
github.com/ebogdum/filemanager/internal/backends/ftp/backend.go:459.33,461.4 1 0
github.com/ebogdum/filemanager/internal/backends/ftp/backend.go:462.3,462.13 1 0
github.com/ebogdum/filemanager/internal/backends/ftp/backend.go:465.2,465.12 1 0
github.com/ebogdum/filemanager/internal/backends/ftp/backend.go:469.84,473.18 3 0
github.com/ebogdum/filemanager/internal/backends/ftp/backend.go:473.18,475.3 1 0
github.com/ebogdum/filemanager/internal/backends/ftp/backend.go:477.2,479.15 2 0
github.com/ebogdum/filemanager/internal/backends/ftp/backend.go:479.15,481.3 1 0
github.com/ebogdum/filemanager/internal/backends/ftp/backend.go:483.2,483.50 1 0
github.com/ebogdum/filemanager/internal/backends/ftp/backend.go:483.50,484.25 1 0
github.com/ebogdum/filemanager/internal/backends/ftp/backend.go:484.25,486.4 1 0
github.com/ebogdum/filemanager/internal/backends/ftp/backend.go:487.3,487.49 1 0
github.com/ebogdum/filemanager/internal/backends/ftp/backend.go:487.49,489.4 1 0
github.com/ebogdum/filemanager/internal/backends/ftp/backend.go:490.3,490.13 1 0
github.com/ebogdum/filemanager/internal/backends/ftp/backend.go:493.2,493.12 1 0
github.com/ebogdum/filemanager/internal/backends/ftp/backend.go:497.60,499.16 2 0
github.com/ebogdum/filemanager/internal/backends/ftp/backend.go:499.16,501.3 1 0
github.com/ebogdum/filemanager/internal/backends/ftp/backend.go:503.2,503.32 1 0
github.com/ebogdum/filemanager/internal/backends/ftp/backend.go:503.32,504.46 1 0
github.com/ebogdum/filemanager/internal/backends/ftp/backend.go:504.46,505.12 1 0
github.com/ebogdum/filemanager/internal/backends/ftp/backend.go:508.3,509.40 2 0
github.com/ebogdum/filemanager/internal/backends/ftp/backend.go:509.40,510.58 1 0
github.com/ebogdum/filemanager/internal/backends/ftp/backend.go:510.58,512.5 1 0
github.com/ebogdum/filemanager/internal/backends/ftp/backend.go:513.9,514.51 1 0
github.com/ebogdum/filemanager/internal/backends/ftp/backend.go:514.51,516.5 1 0
github.com/ebogdum/filemanager/internal/backends/ftp/backend.go:520.2,520.34 1 0
github.com/ebogdum/filemanager/internal/backends/ftp/backend.go:525.112,527.2 1 0
github.com/ebogdum/filemanager/internal/backends/ftp/backend.go:531.75,533.2 1 0
github.com/ebogdum/filemanager/internal/backends/ftp/backend.go:537.87,541.2 1 0
github.com/ebogdum/filemanager/internal/backends/ftp/backend.go:545.83,547.2 1 0
github.com/ebogdum/filemanager/internal/backends/ftp/backend.go:550.61,591.2 1 0
github.com/ebogdum/filemanager/internal/backends/ftp/backend.go:594.98,598.18 3 0
github.com/ebogdum/filemanager/internal/backends/ftp/backend.go:598.18,600.3 1 0
github.com/ebogdum/filemanager/internal/backends/ftp/backend.go:602.2,607.16 4 0
github.com/ebogdum/filemanager/internal/backends/ftp/backend.go:607.16,608.25 1 0
github.com/ebogdum/filemanager/internal/backends/ftp/backend.go:608.25,610.4 1 0
github.com/ebogdum/filemanager/internal/backends/ftp/backend.go:611.3,611.13 1 0
github.com/ebogdum/filemanager/internal/backends/ftp/backend.go:615.2,617.16 3 0
github.com/ebogdum/filemanager/internal/backends/ftp/backend.go:617.16,619.3 1 0
github.com/ebogdum/filemanager/internal/backends/ftp/backend.go:622.2,622.21 1 0
github.com/ebogdum/filemanager/internal/backends/ftp/backend.go:622.21,624.41 2 0
github.com/ebogdum/filemanager/internal/backends/ftp/backend.go:624.41,626.4 1 0
github.com/ebogdum/filemanager/internal/backends/ftp/backend.go:630.2,630.54 1 0
github.com/ebogdum/filemanager/internal/backends/ftp/backend.go:634.70,638.18 3 0
github.com/ebogdum/filemanager/internal/backends/ftp/backend.go:638.18,640.3 1 0
github.com/ebogdum/filemanager/internal/backends/ftp/backend.go:642.2,645.38 3 0
github.com/ebogdum/filemanager/internal/backends/ftp/backend.go:650.36,651.16 1 0
github.com/ebogdum/filemanager/internal/backends/ftp/backend.go:651.16,653.3 1 0
github.com/ebogdum/filemanager/internal/backends/ftp/backend.go:654.2,657.43 2 0
github.com/ebogdum/filemanager/internal/backends/ftp/backend.go:660.44,661.16 1 0
github.com/ebogdum/filemanager/internal/backends/ftp/backend.go:661.16,663.3 1 0
github.com/ebogdum/filemanager/internal/backends/ftp/backend.go:664.2,667.48 2 0
github.com/ebogdum/filemanager/internal/backends/ftp/backend.go:670.41,671.31 1 0
github.com/ebogdum/filemanager/internal/backends/ftp/backend.go:671.31,673.3 1 0
github.com/ebogdum/filemanager/internal/backends/ftp/backend.go:674.2,674.17 1 0
github.com/ebogdum/filemanager/internal/backends/ftp/backend.go:677.85,678.37 1 0
github.com/ebogdum/filemanager/internal/backends/ftp/backend.go:678.37,680.3 1 0
github.com/ebogdum/filemanager/internal/backends/ftp/backend.go:681.2,681.44 1 0
github.com/ebogdum/filemanager/internal/backends/ftp/backend.go:681.44,683.3 1 0
github.com/ebogdum/filemanager/internal/backends/ftp/backend.go:684.2,684.49 1 0
github.com/ebogdum/filemanager/internal/backends/ftp/backend.go:687.79,688.37 1 0
github.com/ebogdum/filemanager/internal/backends/ftp/backend.go:688.37,690.3 1 0
github.com/ebogdum/filemanager/internal/backends/ftp/backend.go:691.2,691.48 1 0
github.com/ebogdum/filemanager/internal/backends/ftp/backend.go:694.44,696.2 1 0
github.com/ebogdum/filemanager/internal/backends/ftp/backend.go:698.100,699.63 1 0
github.com/ebogdum/filemanager/internal/backends/ftp/backend.go:699.63,701.3 1 0
github.com/ebogdum/filemanager/internal/backends/ftp/backend.go:702.2,702.24 1 0
github.com/ebogdum/filemanager/internal/backends/ftp/backend.go:702.24,704.3 1 0
github.com/ebogdum/filemanager/internal/backends/ftp/backend.go:706.2,707.16 2 0
github.com/ebogdum/filemanager/internal/backends/ftp/backend.go:707.16,709.3 1 0
github.com/ebogdum/filemanager/internal/backends/ftp/backend.go:710.2,710.13 1 0
github.com/ebogdum/filemanager/internal/backends/ftp/backend.go:710.13,712.3 1 0
github.com/ebogdum/filemanager/internal/backends/ftp/backend.go:713.2,713.65 1 0
github.com/ebogdum/filemanager/internal/backends/ftp/backend.go:716.78,725.39 2 0
github.com/ebogdum/filemanager/internal/backends/ftp/backend.go:725.39,727.3 1 0
github.com/ebogdum/filemanager/internal/backends/ftp/backend.go:727.8,729.3 1 0
github.com/ebogdum/filemanager/internal/backends/ftp/backend.go:731.2,731.37 1 0
github.com/ebogdum/filemanager/internal/backends/ftp/backend.go:731.37,734.3 2 0
github.com/ebogdum/filemanager/internal/backends/ftp/backend.go:735.2,735.17 1 0
github.com/ebogdum/filemanager/internal/backends/ftp/tls.go:14.71,15.26 1 0
github.com/ebogdum/filemanager/internal/backends/ftp/tls.go:15.26,17.3 1 0
github.com/ebogdum/filemanager/internal/backends/ftp/tls.go:19.2,24.27 2 0
github.com/ebogdum/filemanager/internal/backends/ftp/tls.go:24.27,26.49 2 0
github.com/ebogdum/filemanager/internal/backends/ftp/tls.go:26.49,28.4 1 0
github.com/ebogdum/filemanager/internal/backends/ftp/tls.go:29.3,29.31 1 0
github.com/ebogdum/filemanager/internal/backends/ftp/tls.go:33.2,33.55 1 0
github.com/ebogdum/filemanager/internal/backends/ftp/tls.go:33.55,35.17 2 0
github.com/ebogdum/filemanager/internal/backends/ftp/tls.go:35.17,37.4 1 0
github.com/ebogdum/filemanager/internal/backends/ftp/tls.go:38.3,38.51 1 0
github.com/ebogdum/filemanager/internal/backends/ftp/tls.go:42.2,42.23 1 0
github.com/ebogdum/filemanager/internal/backends/ftp/tls.go:42.23,44.3 1 0
github.com/ebogdum/filemanager/internal/backends/ftp/tls.go:46.2,46.23 1 0
github.com/ebogdum/filemanager/internal/backends/gcs/backend.go:58.21,60.2 1 0
github.com/ebogdum/filemanager/internal/backends/gcs/backend.go:63.33,65.2 1 0
github.com/ebogdum/filemanager/internal/backends/gcs/backend.go:68.35,70.2 1 0
github.com/ebogdum/filemanager/internal/backends/gcs/backend.go:73.80,76.22 2 0
github.com/ebogdum/filemanager/internal/backends/gcs/backend.go:76.22,78.3 1 0
github.com/ebogdum/filemanager/internal/backends/gcs/backend.go:79.2,91.27 7 0
github.com/ebogdum/filemanager/internal/backends/gcs/backend.go:91.27,93.3 1 0
github.com/ebogdum/filemanager/internal/backends/gcs/backend.go:93.8,93.34 1 0
github.com/ebogdum/filemanager/internal/backends/gcs/backend.go:93.34,95.3 1 0
github.com/ebogdum/filemanager/internal/backends/gcs/backend.go:98.2,99.16 2 0
github.com/ebogdum/filemanager/internal/backends/gcs/backend.go:99.16,101.3 1 0
github.com/ebogdum/filemanager/internal/backends/gcs/backend.go:103.2,107.12 4 0
github.com/ebogdum/filemanager/internal/backends/gcs/backend.go:111.33,112.21 1 0
github.com/ebogdum/filemanager/internal/backends/gcs/backend.go:112.21,114.3 1 0
github.com/ebogdum/filemanager/internal/backends/gcs/backend.go:115.2,116.12 2 0
github.com/ebogdum/filemanager/internal/backends/gcs/backend.go:120.51,121.18 1 0
github.com/ebogdum/filemanager/internal/backends/gcs/backend.go:121.18,123.3 1 0
github.com/ebogdum/filemanager/internal/backends/gcs/backend.go:125.2,126.12 2 0
github.com/ebogdum/filemanager/internal/backends/gcs/backend.go:130.80,134.16 3 0
github.com/ebogdum/filemanager/internal/backends/gcs/backend.go:134.16,135.39 1 0
github.com/ebogdum/filemanager/internal/backends/gcs/backend.go:135.39,137.4 1 0
github.com/ebogdum/filemanager/internal/backends/gcs/backend.go:138.3,138.59 1 0
github.com/ebogdum/filemanager/internal/backends/gcs/backend.go:141.2,141.20 1 0
github.com/ebogdum/filemanager/internal/backends/gcs/backend.go:145.103,151.28 4 0
github.com/ebogdum/filemanager/internal/backends/gcs/backend.go:151.28,153.3 1 0
github.com/ebogdum/filemanager/internal/backends/gcs/backend.go:155.2,155.28 1 0
github.com/ebogdum/filemanager/internal/backends/gcs/backend.go:155.28,157.3 1 0
github.com/ebogdum/filemanager/internal/backends/gcs/backend.go:159.2,159.46 1 0
github.com/ebogdum/filemanager/internal/backends/gcs/backend.go:159.46,162.3 2 0
github.com/ebogdum/filemanager/internal/backends/gcs/backend.go:164.2,164.39 1 0
github.com/ebogdum/filemanager/internal/backends/gcs/backend.go:164.39,166.3 1 0
github.com/ebogdum/filemanager/internal/backends/gcs/backend.go:168.2,168.12 1 0
github.com/ebogdum/filemanager/internal/backends/gcs/backend.go:172.65,175.61 2 0
github.com/ebogdum/filemanager/internal/backends/gcs/backend.go:175.61,177.3 1 0
github.com/ebogdum/filemanager/internal/backends/gcs/backend.go:179.2,179.12 1 0
github.com/ebogdum/filemanager/internal/backends/gcs/backend.go:183.73,187.16 3 0
github.com/ebogdum/filemanager/internal/backends/gcs/backend.go:187.16,188.39 1 0
github.com/ebogdum/filemanager/internal/backends/gcs/backend.go:188.39,190.4 1 0
github.com/ebogdum/filemanager/internal/backends/gcs/backend.go:191.3,191.72 1 0
github.com/ebogdum/filemanager/internal/backends/gcs/backend.go:194.2,194.18 1 0
github.com/ebogdum/filemanager/internal/backends/gcs/backend.go:198.83,202.16 3 0
github.com/ebogdum/filemanager/internal/backends/gcs/backend.go:202.16,203.39 1 0
github.com/ebogdum/filemanager/internal/backends/gcs/backend.go:203.39,205.4 1 0
github.com/ebogdum/filemanager/internal/backends/gcs/backend.go:206.3,206.69 1 0
github.com/ebogdum/filemanager/internal/backends/gcs/backend.go:209.2,223.18 2 0
github.com/ebogdum/filemanager/internal/backends/gcs/backend.go:227.112,229.61 2 0
github.com/ebogdum/filemanager/internal/backends/gcs/backend.go:229.61,231.3 1 0
github.com/ebogdum/filemanager/internal/backends/gcs/backend.go:233.2,237.21 2 0
github.com/ebogdum/filemanager/internal/backends/gcs/backend.go:237.21,239.3 1 0
github.com/ebogdum/filemanager/internal/backends/gcs/backend.go:241.2,244.6 3 0
github.com/ebogdum/filemanager/internal/backends/gcs/backend.go:244.6,246.27 2 0
github.com/ebogdum/filemanager/internal/backends/gcs/backend.go:246.27,247.9 1 0
github.com/ebogdum/filemanager/internal/backends/gcs/backend.go:249.3,249.17 1 0
github.com/ebogdum/filemanager/internal/backends/gcs/backend.go:249.17,251.4 1 0
github.com/ebogdum/filemanager/internal/backends/gcs/backend.go:254.3,254.25 1 0
github.com/ebogdum/filemanager/internal/backends/gcs/backend.go:254.25,262.12 4 0
github.com/ebogdum/filemanager/internal/backends/gcs/backend.go:265.3,266.17 2 0
github.com/ebogdum/filemanager/internal/backends/gcs/backend.go:266.17,267.12 1 0
github.com/ebogdum/filemanager/internal/backends/gcs/backend.go:270.3,281.59 2 0
github.com/ebogdum/filemanager/internal/backends/gcs/backend.go:281.59,282.9 1 0
github.com/ebogdum/filemanager/internal/backends/gcs/backend.go:286.2,286.19 1 0
github.com/ebogdum/filemanager/internal/backends/gcs/backend.go:290.93,292.41 2 0
github.com/ebogdum/filemanager/internal/backends/gcs/backend.go:292.41,294.3 1 0
github.com/ebogdum/filemanager/internal/backends/gcs/backend.go:296.2,299.39 3 0
github.com/ebogdum/filemanager/internal/backends/gcs/backend.go:299.39,301.3 1 0
github.com/ebogdum/filemanager/internal/backends/gcs/backend.go:303.2,303.12 1 0
github.com/ebogdum/filemanager/internal/backends/gcs/backend.go:307.83,309.41 2 0
github.com/ebogdum/filemanager/internal/backends/gcs/backend.go:309.41,311.3 1 0
github.com/ebogdum/filemanager/internal/backends/gcs/backend.go:313.2,313.15 1 0
github.com/ebogdum/filemanager/internal/backends/gcs/backend.go:313.15,317.7 3 0
github.com/ebogdum/filemanager/internal/backends/gcs/backend.go:317.7,319.28 2 0
github.com/ebogdum/filemanager/internal/backends/gcs/backend.go:319.28,320.10 1 0
github.com/ebogdum/filemanager/internal/backends/gcs/backend.go:322.4,322.18 1 0
github.com/ebogdum/filemanager/internal/backends/gcs/backend.go:322.18,324.5 1 0
github.com/ebogdum/filemanager/internal/backends/gcs/backend.go:326.4,326.66 1 0
github.com/ebogdum/filemanager/internal/backends/gcs/backend.go:326.66,328.5 1 0
github.com/ebogdum/filemanager/internal/backends/gcs/backend.go:330.8,332.65 1 0
github.com/ebogdum/filemanager/internal/backends/gcs/backend.go:332.65,334.4 1 0
github.com/ebogdum/filemanager/internal/backends/gcs/backend.go:337.2,337.12 1 0
github.com/ebogdum/filemanager/internal/backends/gcs/backend.go:341.108,343.2 1 0
github.com/ebogdum/filemanager/internal/backends/gcs/backend.go:346.75,348.2 1 0
github.com/ebogdum/filemanager/internal/backends/gcs/backend.go:351.83,353.2 1 0
github.com/ebogdum/filemanager/internal/backends/gcs/backend.go:356.79,358.2 1 0
github.com/ebogdum/filemanager/internal/backends/gcs/backend.go:361.61,383.2 1 0
github.com/ebogdum/filemanager/internal/backends/gcs/backend.go:388.80,396.16 6 0
github.com/ebogdum/filemanager/internal/backends/gcs/backend.go:396.16,398.3 1 0
github.com/ebogdum/filemanager/internal/backends/gcs/backend.go:400.2,400.12 1 0
github.com/ebogdum/filemanager/internal/backends/gcs/backend.go:404.98,410.16 3 0
github.com/ebogdum/filemanager/internal/backends/gcs/backend.go:410.16,412.3 1 0
github.com/ebogdum/filemanager/internal/backends/gcs/backend.go:414.2,414.12 1 0
github.com/ebogdum/filemanager/internal/backends/gcs/backend.go:418.88,429.16 7 0
github.com/ebogdum/filemanager/internal/backends/gcs/backend.go:429.16,431.3 1 0
github.com/ebogdum/filemanager/internal/backends/gcs/backend.go:433.2,433.12 1 0
github.com/ebogdum/filemanager/internal/backends/gcs/backend.go:437.86,443.16 3 0
github.com/ebogdum/filemanager/internal/backends/gcs/backend.go:443.16,445.3 1 0
github.com/ebogdum/filemanager/internal/backends/gcs/backend.go:447.2,447.12 1 0
github.com/ebogdum/filemanager/internal/backends/gcs/backend.go:451.87,457.16 3 0
github.com/ebogdum/filemanager/internal/backends/gcs/backend.go:457.16,459.3 1 0
github.com/ebogdum/filemanager/internal/backends/gcs/backend.go:461.2,461.12 1 0
github.com/ebogdum/filemanager/internal/backends/gcs/backend.go:465.91,469.16 3 0
github.com/ebogdum/filemanager/internal/backends/gcs/backend.go:469.16,470.39 1 0
github.com/ebogdum/filemanager/internal/backends/gcs/backend.go:470.39,472.4 1 0
github.com/ebogdum/filemanager/internal/backends/gcs/backend.go:473.3,473.69 1 0
github.com/ebogdum/filemanager/internal/backends/gcs/backend.go:476.2,499.45 2 0
github.com/ebogdum/filemanager/internal/backends/gcs/backend.go:499.45,501.3 1 0
github.com/ebogdum/filemanager/internal/backends/gcs/backend.go:503.2,503.18 1 0
github.com/ebogdum/filemanager/internal/backends/gcs/backend.go:508.47,509.24 1 0
github.com/ebogdum/filemanager/internal/backends/gcs/backend.go:509.24,511.3 1 0
github.com/ebogdum/filemanager/internal/backends/gcs/backend.go:512.2,512.37 1 0
github.com/ebogdum/filemanager/internal/backends/azure/backend.go:65.21,67.2 1 0
github.com/ebogdum/filemanager/internal/backends/azure/backend.go:70.33,72.2 1 0
github.com/ebogdum/filemanager/internal/backends/azure/backend.go:75.35,77.2 1 0
github.com/ebogdum/filemanager/internal/backends/azure/backend.go:80.80,83.25 2 0
github.com/ebogdum/filemanager/internal/backends/azure/backend.go:83.25,85.3 1 0
github.com/ebogdum/filemanager/internal/backends/azure/backend.go:86.2,89.23 3 0
github.com/ebogdum/filemanager/internal/backends/azure/backend.go:89.23,91.3 1 0
github.com/ebogdum/filemanager/internal/backends/azure/backend.go:92.2,107.28 9 0
github.com/ebogdum/filemanager/internal/backends/azure/backend.go:107.28,110.3 1 0
github.com/ebogdum/filemanager/internal/backends/azure/backend.go:110.8,110.29 1 0
github.com/ebogdum/filemanager/internal/backends/azure/backend.go:110.29,113.21 2 0
github.com/ebogdum/filemanager/internal/backends/azure/backend.go:113.21,115.4 1 0
github.com/ebogdum/filemanager/internal/backends/azure/backend.go:116.3,116.79 1 0
github.com/ebogdum/filemanager/internal/backends/azure/backend.go:117.8,117.27 1 0
github.com/ebogdum/filemanager/internal/backends/azure/backend.go:117.27,121.3 2 0
github.com/ebogdum/filemanager/internal/backends/azure/backend.go:121.8,124.21 2 0
github.com/ebogdum/filemanager/internal/backends/azure/backend.go:124.21,126.4 1 0
github.com/ebogdum/filemanager/internal/backends/azure/backend.go:127.3,127.56 1 0
github.com/ebogdum/filemanager/internal/backends/azure/backend.go:130.2,130.16 1 0
github.com/ebogdum/filemanager/internal/backends/azure/backend.go:130.16,132.3 1 0
github.com/ebogdum/filemanager/internal/backends/azure/backend.go:134.2,137.12 3 0
github.com/ebogdum/filemanager/internal/backends/azure/backend.go:141.33,144.2 2 0
github.com/ebogdum/filemanager/internal/backends/azure/backend.go:147.51,148.18 1 0
github.com/ebogdum/filemanager/internal/backends/azure/backend.go:148.18,150.3 1 0
github.com/ebogdum/filemanager/internal/backends/azure/backend.go:152.2,154.12 3 0
github.com/ebogdum/filemanager/internal/backends/azure/backend.go:158.85,163.16 4 0
github.com/ebogdum/filemanager/internal/backends/azure/backend.go:163.16,164.27 1 0
github.com/ebogdum/filemanager/internal/backends/azure/backend.go:164.27,166.4 1 0
github.com/ebogdum/filemanager/internal/backends/azure/backend.go:167.3,167.61 1 0
github.com/ebogdum/filemanager/internal/backends/azure/backend.go:170.2,170.23 1 0
github.com/ebogdum/filemanager/internal/backends/azure/backend.go:174.108,179.16 3 0
github.com/ebogdum/filemanager/internal/backends/azure/backend.go:179.16,181.3 1 0
github.com/ebogdum/filemanager/internal/backends/azure/backend.go:183.2,187.28 3 0
github.com/ebogdum/filemanager/internal/backends/azure/backend.go:187.28,191.3 1 0
github.com/ebogdum/filemanager/internal/backends/azure/backend.go:193.2,193.28 1 0
github.com/ebogdum/filemanager/internal/backends/azure/backend.go:193.28,195.35 2 0
github.com/ebogdum/filemanager/internal/backends/azure/backend.go:195.35,198.4 2 0
github.com/ebogdum/filemanager/internal/backends/azure/backend.go:199.3,199.36 1 0
github.com/ebogdum/filemanager/internal/backends/azure/backend.go:202.2,203.16 2 0
github.com/ebogdum/filemanager/internal/backends/azure/backend.go:203.16,205.3 1 0
github.com/ebogdum/filemanager/internal/backends/azure/backend.go:207.2,207.12 1 0
github.com/ebogdum/filemanager/internal/backends/azure/backend.go:211.70,216.16 4 0
github.com/ebogdum/filemanager/internal/backends/azure/backend.go:216.16,218.3 1 0
github.com/ebogdum/filemanager/internal/backends/azure/backend.go:220.2,220.12 1 0
github.com/ebogdum/filemanager/internal/backends/azure/backend.go:224.78,229.16 4 0
github.com/ebogdum/filemanager/internal/backends/azure/backend.go:229.16,230.27 1 0
github.com/ebogdum/filemanager/internal/backends/azure/backend.go:230.27,232.4 1 0
github.com/ebogdum/filemanager/internal/backends/azure/backend.go:233.3,233.69 1 0
github.com/ebogdum/filemanager/internal/backends/azure/backend.go:236.2,236.18 1 0
github.com/ebogdum/filemanager/internal/backends/azure/backend.go:240.88,245.16 4 0
github.com/ebogdum/filemanager/internal/backends/azure/backend.go:245.16,246.27 1 0
github.com/ebogdum/filemanager/internal/backends/azure/backend.go:246.27,248.4 1 0
github.com/ebogdum/filemanager/internal/backends/azure/backend.go:249.3,249.67 1 0
github.com/ebogdum/filemanager/internal/backends/azure/backend.go:252.2,263.27 2 0
github.com/ebogdum/filemanager/internal/backends/azure/backend.go:263.27,265.36 2 0
github.com/ebogdum/filemanager/internal/backends/azure/backend.go:265.36,266.16 1 0
github.com/ebogdum/filemanager/internal/backends/azure/backend.go:266.16,268.5 1 0
github.com/ebogdum/filemanager/internal/backends/azure/backend.go:273.2,274.46 2 0
github.com/ebogdum/filemanager/internal/backends/azure/backend.go:274.46,276.43 2 0
github.com/ebogdum/filemanager/internal/backends/azure/backend.go:276.43,277.42 1 0
github.com/ebogdum/filemanager/internal/backends/azure/backend.go:277.42,279.5 1 0
github.com/ebogdum/filemanager/internal/backends/azure/backend.go:283.2,283.18 1 0
github.com/ebogdum/filemanager/internal/backends/azure/backend.go:287.112,289.61 2 0
github.com/ebogdum/filemanager/internal/backends/azure/backend.go:289.61,291.3 1 0
github.com/ebogdum/filemanager/internal/backends/azure/backend.go:293.2,299.25 3 0
github.com/ebogdum/filemanager/internal/backends/azure/backend.go:299.25,302.3 2 0
github.com/ebogdum/filemanager/internal/backends/azure/backend.go:304.2,304.20 1 0
github.com/ebogdum/filemanager/internal/backends/azure/backend.go:304.20,306.3 1 0
github.com/ebogdum/filemanager/internal/backends/azure/backend.go:308.2,308.82 1 0
github.com/ebogdum/filemanager/internal/backends/azure/backend.go:311.179,318.19 3 0
github.com/ebogdum/filemanager/internal/backends/azure/backend.go:318.19,320.17 2 0
github.com/ebogdum/filemanager/internal/backends/azure/backend.go:320.17,322.4 1 0
github.com/ebogdum/filemanager/internal/backends/azure/backend.go:324.3,324.47 1 0
github.com/ebogdum/filemanager/internal/backends/azure/backend.go:324.47,325.69 1 0
github.com/ebogdum/filemanager/internal/backends/azure/backend.go:325.69,327.5 1 0
github.com/ebogdum/filemanager/internal/backends/azure/backend.go:330.3,330.57 1 0
github.com/ebogdum/filemanager/internal/backends/azure/backend.go:330.57,331.9 1 0
github.com/ebogdum/filemanager/internal/backends/azure/backend.go:334.2,334.19 1 0
github.com/ebogdum/filemanager/internal/backends/azure/backend.go:337.215,341.19 3 0
github.com/ebogdum/filemanager/internal/backends/azure/backend.go:341.19,343.17 2 0
github.com/ebogdum/filemanager/internal/backends/azure/backend.go:343.17,345.4 1 0
github.com/ebogdum/filemanager/internal/backends/azure/backend.go:347.3,348.47 2 0
github.com/ebogdum/filemanager/internal/backends/azure/backend.go:348.47,349.69 1 0
github.com/ebogdum/filemanager/internal/backends/azure/backend.go:349.69,351.5 1 0
github.com/ebogdum/filemanager/internal/backends/azure/backend.go:354.3,354.57 1 0
github.com/ebogdum/filemanager/internal/backends/azure/backend.go:354.57,355.9 1 0
github.com/ebogdum/filemanager/internal/backends/azure/backend.go:358.2,358.19 1 0
github.com/ebogdum/filemanager/internal/backends/azure/backend.go:361.104,363.38 2 0
github.com/ebogdum/filemanager/internal/backends/azure/backend.go:363.38,371.3 3 0
github.com/ebogdum/filemanager/internal/backends/azure/backend.go:372.2,372.14 1 0
github.com/ebogdum/filemanager/internal/backends/azure/backend.go:375.99,377.16 2 0
github.com/ebogdum/filemanager/internal/backends/azure/backend.go:377.16,379.3 1 0
github.com/ebogdum/filemanager/internal/backends/azure/backend.go:380.2,388.9 1 0
github.com/ebogdum/filemanager/internal/backends/azure/backend.go:391.51,393.2 1 0
github.com/ebogdum/filemanager/internal/backends/azure/backend.go:396.94,398.39 2 0
github.com/ebogdum/filemanager/internal/backends/azure/backend.go:398.39,400.3 1 0
github.com/ebogdum/filemanager/internal/backends/azure/backend.go:402.2,404.16 3 0
github.com/ebogdum/filemanager/internal/backends/azure/backend.go:404.16,406.3 1 0
github.com/ebogdum/filemanager/internal/backends/azure/backend.go:408.2,408.12 1 0
github.com/ebogdum/filemanager/internal/backends/azure/backend.go:412.84,414.39 2 0
github.com/ebogdum/filemanager/internal/backends/azure/backend.go:414.39,416.3 1 0
github.com/ebogdum/filemanager/internal/backends/azure/backend.go:418.2,420.15 2 0
github.com/ebogdum/filemanager/internal/backends/azure/backend.go:420.15,426.20 2 0
github.com/ebogdum/filemanager/internal/backends/azure/backend.go:426.20,428.18 2 0
github.com/ebogdum/filemanager/internal/backends/azure/backend.go:428.18,430.5 1 0
github.com/ebogdum/filemanager/internal/backends/azure/backend.go:432.4,432.48 1 0
github.com/ebogdum/filemanager/internal/backends/azure/backend.go:432.48,435.19 3 0
github.com/ebogdum/filemanager/internal/backends/azure/backend.go:435.19,437.6 1 0
github.com/ebogdum/filemanager/internal/backends/azure/backend.go:440.8,444.17 3 0
github.com/ebogdum/filemanager/internal/backends/azure/backend.go:444.17,446.4 1 0
github.com/ebogdum/filemanager/internal/backends/azure/backend.go:449.2,449.12 1 0
github.com/ebogdum/filemanager/internal/backends/azure/backend.go:453.108,455.2 1 0
github.com/ebogdum/filemanager/internal/backends/azure/backend.go:458.75,460.2 1 0
github.com/ebogdum/filemanager/internal/backends/azure/backend.go:463.83,465.2 1 0
github.com/ebogdum/filemanager/internal/backends/azure/backend.go:468.79,470.2 1 0
github.com/ebogdum/filemanager/internal/backends/azure/backend.go:473.61,495.2 1 0
github.com/ebogdum/filemanager/internal/backends/azure/backend.go:500.80,508.16 6 0
github.com/ebogdum/filemanager/internal/backends/azure/backend.go:508.16,510.3 1 0
github.com/ebogdum/filemanager/internal/backends/azure/backend.go:512.2,512.12 1 0
github.com/ebogdum/filemanager/internal/backends/azure/backend.go:516.104,521.16 4 0
github.com/ebogdum/filemanager/internal/backends/azure/backend.go:521.16,523.3 1 0
github.com/ebogdum/filemanager/internal/backends/azure/backend.go:525.2,525.12 1 0
github.com/ebogdum/filemanager/internal/backends/azure/backend.go:529.92,534.16 4 0
github.com/ebogdum/filemanager/internal/backends/azure/backend.go:534.16,536.3 1 0
github.com/ebogdum/filemanager/internal/backends/azure/backend.go:538.2,539.28 2 0
github.com/ebogdum/filemanager/internal/backends/azure/backend.go:539.28,540.39 1 0
github.com/ebogdum/filemanager/internal/backends/azure/backend.go:540.39,541.42 1 0
github.com/ebogdum/filemanager/internal/backends/azure/backend.go:541.42,543.5 1 0
github.com/ebogdum/filemanager/internal/backends/azure/backend.go:547.2,547.18 1 0
github.com/ebogdum/filemanager/internal/backends/azure/backend.go:551.95,557.16 4 0
github.com/ebogdum/filemanager/internal/backends/azure/backend.go:557.16,559.3 1 0
github.com/ebogdum/filemanager/internal/backends/azure/backend.go:561.2,561.12 1 0
github.com/ebogdum/filemanager/internal/backends/azure/backend.go:565.90,572.16 5 0
github.com/ebogdum/filemanager/internal/backends/azure/backend.go:572.16,574.3 1 0
github.com/ebogdum/filemanager/internal/backends/azure/backend.go:576.2,576.12 1 0
github.com/ebogdum/filemanager/internal/backends/azure/backend.go:580.102,585.16 4 0
github.com/ebogdum/filemanager/internal/backends/azure/backend.go:585.16,587.3 1 0
github.com/ebogdum/filemanager/internal/backends/azure/backend.go:589.2,590.16 2 0
github.com/ebogdum/filemanager/internal/backends/azure/backend.go:590.16,592.3 1 0
github.com/ebogdum/filemanager/internal/backends/azure/backend.go:594.2,594.27 1 0
github.com/ebogdum/filemanager/internal/backends/azure/backend.go:598.85,603.16 4 0
github.com/ebogdum/filemanager/internal/backends/azure/backend.go:603.16,605.3 1 0
github.com/ebogdum/filemanager/internal/backends/azure/backend.go:607.2,608.16 2 0
github.com/ebogdum/filemanager/internal/backends/azure/backend.go:608.16,610.3 1 0
github.com/ebogdum/filemanager/internal/backends/azure/backend.go:612.2,612.12 1 0
github.com/ebogdum/filemanager/internal/backends/azure/backend.go:616.90,621.16 4 0
github.com/ebogdum/filemanager/internal/backends/azure/backend.go:621.16,622.27 1 0
github.com/ebogdum/filemanager/internal/backends/azure/backend.go:622.27,624.4 1 0
github.com/ebogdum/filemanager/internal/backends/azure/backend.go:625.3,625.67 1 0
github.com/ebogdum/filemanager/internal/backends/azure/backend.go:628.2,646.27 2 0
github.com/ebogdum/filemanager/internal/backends/azure/backend.go:646.27,648.36 2 0
github.com/ebogdum/filemanager/internal/backends/azure/backend.go:648.36,649.16 1 0
github.com/ebogdum/filemanager/internal/backends/azure/backend.go:649.16,651.5 1 0
github.com/ebogdum/filemanager/internal/backends/azure/backend.go:656.2,657.46 2 0
github.com/ebogdum/filemanager/internal/backends/azure/backend.go:657.46,659.43 2 0
github.com/ebogdum/filemanager/internal/backends/azure/backend.go:659.43,660.42 1 0
github.com/ebogdum/filemanager/internal/backends/azure/backend.go:660.42,662.5 1 0
github.com/ebogdum/filemanager/internal/backends/azure/backend.go:666.2,666.18 1 0
github.com/ebogdum/filemanager/internal/backends/azure/backend.go:671.52,672.24 1 0
github.com/ebogdum/filemanager/internal/backends/azure/backend.go:672.24,674.3 1 0
github.com/ebogdum/filemanager/internal/backends/azure/backend.go:675.2,675.42 1 0
github.com/ebogdum/filemanager/internal/backends/azure/backend.go:678.38,681.2 1 0
github.com/ebogdum/filemanager/internal/backends/azure/backend.go:688.40,690.2 1 0
github.com/ebogdum/filemanager/internal/backends/azure/backend.go:692.55,694.2 1 0
github.com/ebogdum/filemanager/internal/backends/azure/backend.go:696.35,697.14 1 0
github.com/ebogdum/filemanager/internal/backends/azure/backend.go:697.14,699.3 1 0
github.com/ebogdum/filemanager/internal/backends/azure/backend.go:700.2,700.11 1 0
github.com/ebogdum/filemanager/internal/backends/azure/backend.go:703.32,704.14 1 0
github.com/ebogdum/filemanager/internal/backends/azure/backend.go:704.14,706.3 1 0
github.com/ebogdum/filemanager/internal/backends/azure/backend.go:708.2,708.23 1 0
github.com/ebogdum/filemanager/internal/backends/azure/backend.go:709.15,710.15 1 0
github.com/ebogdum/filemanager/internal/backends/azure/backend.go:710.15,712.4 1 0
github.com/ebogdum/filemanager/internal/backends/azure/backend.go:713.3,713.12 1 0
github.com/ebogdum/filemanager/internal/backends/azure/backend.go:714.10,717.30 1 0
github.com/ebogdum/filemanager/internal/backends/azure/backend.go:721.40,722.14 1 0
github.com/ebogdum/filemanager/internal/backends/azure/backend.go:722.14,724.3 1 0
github.com/ebogdum/filemanager/internal/backends/azure/backend.go:725.2,725.11 1 0
github.com/ebogdum/filemanager/internal/backends/local/backend.go:32.21,39.2 1 1
github.com/ebogdum/filemanager/internal/backends/local/backend.go:42.33,44.2 1 0
github.com/ebogdum/filemanager/internal/backends/local/backend.go:47.35,49.2 1 0
github.com/ebogdum/filemanager/internal/backends/local/backend.go:52.83,53.17 1 1
github.com/ebogdum/filemanager/internal/backends/local/backend.go:53.17,55.3 1 0
github.com/ebogdum/filemanager/internal/backends/local/backend.go:57.2,61.22 3 1
github.com/ebogdum/filemanager/internal/backends/local/backend.go:61.22,63.17 2 1
github.com/ebogdum/filemanager/internal/backends/local/backend.go:63.17,65.4 1 0
github.com/ebogdum/filemanager/internal/backends/local/backend.go:66.3,70.40 3 1
github.com/ebogdum/filemanager/internal/backends/local/backend.go:70.40,72.4 1 0
github.com/ebogdum/filemanager/internal/backends/local/backend.go:73.3,73.34 1 1
github.com/ebogdum/filemanager/internal/backends/local/backend.go:73.34,75.4 1 0
github.com/ebogdum/filemanager/internal/backends/local/backend.go:78.2,79.12 2 1
github.com/ebogdum/filemanager/internal/backends/local/backend.go:83.33,86.2 2 1
github.com/ebogdum/filemanager/internal/backends/local/backend.go:89.51,90.18 1 1
github.com/ebogdum/filemanager/internal/backends/local/backend.go:90.18,92.3 1 0
github.com/ebogdum/filemanager/internal/backends/local/backend.go:94.2,94.22 1 1
github.com/ebogdum/filemanager/internal/backends/local/backend.go:94.22,97.3 2 1
github.com/ebogdum/filemanager/internal/backends/local/backend.go:99.2,99.12 1 0
github.com/ebogdum/filemanager/internal/backends/local/backend.go:103.60,104.26 1 1
github.com/ebogdum/filemanager/internal/backends/local/backend.go:104.26,106.3 1 0
github.com/ebogdum/filemanager/internal/backends/local/backend.go:108.2,108.22 1 1
github.com/ebogdum/filemanager/internal/backends/local/backend.go:108.22,110.3 1 1
github.com/ebogdum/filemanager/internal/backends/local/backend.go:112.2,112.27 1 0
github.com/ebogdum/filemanager/internal/backends/local/backend.go:116.81,117.18 1 1
github.com/ebogdum/filemanager/internal/backends/local/backend.go:117.18,119.3 1 0
github.com/ebogdum/filemanager/internal/backends/local/backend.go:121.2,122.16 2 1
github.com/ebogdum/filemanager/internal/backends/local/backend.go:122.16,124.3 1 0
github.com/ebogdum/filemanager/internal/backends/local/backend.go:126.2,127.16 2 1
github.com/ebogdum/filemanager/internal/backends/local/backend.go:127.16,128.25 1 0
github.com/ebogdum/filemanager/internal/backends/local/backend.go:128.25,130.4 1 0
github.com/ebogdum/filemanager/internal/backends/local/backend.go:131.3,131.27 1 0
github.com/ebogdum/filemanager/internal/backends/local/backend.go:131.27,133.4 1 0
github.com/ebogdum/filemanager/internal/backends/local/backend.go:134.3,134.18 1 0
github.com/ebogdum/filemanager/internal/backends/local/backend.go:137.2,137.18 1 1
github.com/ebogdum/filemanager/internal/backends/local/backend.go:141.104,142.18 1 1
github.com/ebogdum/filemanager/internal/backends/local/backend.go:142.18,144.3 1 0
github.com/ebogdum/filemanager/internal/backends/local/backend.go:146.2,147.16 2 1
github.com/ebogdum/filemanager/internal/backends/local/backend.go:147.16,149.3 1 0
github.com/ebogdum/filemanager/internal/backends/local/backend.go:152.2,152.21 1 1
github.com/ebogdum/filemanager/internal/backends/local/backend.go:152.21,153.45 1 0
github.com/ebogdum/filemanager/internal/backends/local/backend.go:153.45,155.4 1 0
github.com/ebogdum/filemanager/internal/backends/local/backend.go:159.2,172.20 2 1
github.com/ebogdum/filemanager/internal/backends/local/backend.go:172.20,174.3 1 0
github.com/ebogdum/filemanager/internal/backends/local/backend.go:175.2,175.23 1 1
github.com/ebogdum/filemanager/internal/backends/local/backend.go:175.23,177.3 1 1
github.com/ebogdum/filemanager/internal/backends/local/backend.go:179.2,179.17 1 1
github.com/ebogdum/filemanager/internal/backends/local/backend.go:179.17,181.3 1 1
github.com/ebogdum/filemanager/internal/backends/local/backend.go:184.2,184.50 1 0
github.com/ebogdum/filemanager/internal/backends/local/backend.go:188.108,189.21 1 0
github.com/ebogdum/filemanager/internal/backends/local/backend.go:189.21,191.56 2 0
github.com/ebogdum/filemanager/internal/backends/local/backend.go:191.56,193.4 1 0
github.com/ebogdum/filemanager/internal/backends/local/backend.go:196.2,198.16 3 0
github.com/ebogdum/filemanager/internal/backends/local/backend.go:198.16,200.3 1 0
github.com/ebogdum/filemanager/internal/backends/local/backend.go:201.2,203.44 2 0
github.com/ebogdum/filemanager/internal/backends/local/backend.go:203.44,205.3 1 0
github.com/ebogdum/filemanager/internal/backends/local/backend.go:207.2,207.15 1 0
github.com/ebogdum/filemanager/internal/backends/local/backend.go:207.15,209.3 1 0
github.com/ebogdum/filemanager/internal/backends/local/backend.go:211.2,211.12 1 0
github.com/ebogdum/filemanager/internal/backends/local/backend.go:215.66,216.18 1 1
github.com/ebogdum/filemanager/internal/backends/local/backend.go:216.18,218.3 1 0
github.com/ebogdum/filemanager/internal/backends/local/backend.go:220.2,221.16 2 1
github.com/ebogdum/filemanager/internal/backends/local/backend.go:221.16,223.3 1 0
github.com/ebogdum/filemanager/internal/backends/local/backend.go:225.2,226.16 2 1
github.com/ebogdum/filemanager/internal/backends/local/backend.go:226.16,227.25 1 0
github.com/ebogdum/filemanager/internal/backends/local/backend.go:227.25,229.4 1 0
github.com/ebogdum/filemanager/internal/backends/local/backend.go:230.3,230.13 1 0
github.com/ebogdum/filemanager/internal/backends/local/backend.go:233.2,233.18 1 1
github.com/ebogdum/filemanager/internal/backends/local/backend.go:233.18,235.3 1 0
github.com/ebogdum/filemanager/internal/backends/local/backend.go:237.2,237.43 1 1
github.com/ebogdum/filemanager/internal/backends/local/backend.go:237.43,238.27 1 0
github.com/ebogdum/filemanager/internal/backends/local/backend.go:238.27,240.4 1 0
github.com/ebogdum/filemanager/internal/backends/local/backend.go:241.3,241.13 1 0
github.com/ebogdum/filemanager/internal/backends/local/backend.go:244.2,244.12 1 1
github.com/ebogdum/filemanager/internal/backends/local/backend.go:248.74,249.18 1 1
github.com/ebogdum/filemanager/internal/backends/local/backend.go:249.18,251.3 1 0
github.com/ebogdum/filemanager/internal/backends/local/backend.go:253.2,254.16 2 1
github.com/ebogdum/filemanager/internal/backends/local/backend.go:254.16,256.3 1 0
github.com/ebogdum/filemanager/internal/backends/local/backend.go:258.2,259.16 2 1
github.com/ebogdum/filemanager/internal/backends/local/backend.go:259.16,260.25 1 1
github.com/ebogdum/filemanager/internal/backends/local/backend.go:260.25,262.4 1 1
github.com/ebogdum/filemanager/internal/backends/local/backend.go:263.3,263.20 1 0
github.com/ebogdum/filemanager/internal/backends/local/backend.go:266.2,266.18 1 1
github.com/ebogdum/filemanager/internal/backends/local/backend.go:270.84,271.18 1 1
github.com/ebogdum/filemanager/internal/backends/local/backend.go:271.18,273.3 1 0
github.com/ebogdum/filemanager/internal/backends/local/backend.go:275.2,276.16 2 1
github.com/ebogdum/filemanager/internal/backends/local/backend.go:276.16,278.3 1 0
github.com/ebogdum/filemanager/internal/backends/local/backend.go:280.2,281.16 2 1
github.com/ebogdum/filemanager/internal/backends/local/backend.go:281.16,282.25 1 0
github.com/ebogdum/filemanager/internal/backends/local/backend.go:282.25,284.4 1 0
github.com/ebogdum/filemanager/internal/backends/local/backend.go:285.3,285.18 1 0
github.com/ebogdum/filemanager/internal/backends/local/backend.go:288.2,298.37 2 1
github.com/ebogdum/filemanager/internal/backends/local/backend.go:298.37,301.17 3 1
github.com/ebogdum/filemanager/internal/backends/local/backend.go:301.17,303.4 1 1
github.com/ebogdum/filemanager/internal/backends/local/backend.go:307.2,309.22 2 1
github.com/ebogdum/filemanager/internal/backends/local/backend.go:313.110,314.18 1 1
github.com/ebogdum/filemanager/internal/backends/local/backend.go:314.18,316.3 1 0
github.com/ebogdum/filemanager/internal/backends/local/backend.go:318.2,319.16 2 1
github.com/ebogdum/filemanager/internal/backends/local/backend.go:319.16,321.3 1 0
github.com/ebogdum/filemanager/internal/backends/local/backend.go:323.2,324.16 2 1
github.com/ebogdum/filemanager/internal/backends/local/backend.go:324.16,325.25 1 0
github.com/ebogdum/filemanager/internal/backends/local/backend.go:325.25,327.4 1 0
github.com/ebogdum/filemanager/internal/backends/local/backend.go:328.3,328.18 1 0
github.com/ebogdum/filemanager/internal/backends/local/backend.go:331.2,331.19 1 1
github.com/ebogdum/filemanager/internal/backends/local/backend.go:331.19,333.3 1 0
github.com/ebogdum/filemanager/internal/backends/local/backend.go:335.2,335.20 1 1
github.com/ebogdum/filemanager/internal/backends/local/backend.go:335.20,337.3 1 0
github.com/ebogdum/filemanager/internal/backends/local/backend.go:339.2,339.37 1 1
github.com/ebogdum/filemanager/internal/backends/local/backend.go:342.101,344.93 2 0
github.com/ebogdum/filemanager/internal/backends/local/backend.go:344.93,345.21 1 0
github.com/ebogdum/filemanager/internal/backends/local/backend.go:345.21,347.4 1 0
github.com/ebogdum/filemanager/internal/backends/local/backend.go:349.3,349.43 1 0
github.com/ebogdum/filemanager/internal/backends/local/backend.go:349.43,350.17 1 0
github.com/ebogdum/filemanager/internal/backends/local/backend.go:350.17,352.5 1 0
github.com/ebogdum/filemanager/internal/backends/local/backend.go:353.4,353.14 1 0
github.com/ebogdum/filemanager/internal/backends/local/backend.go:355.3,355.51 1 0
github.com/ebogdum/filemanager/internal/backends/local/backend.go:355.51,357.4 1 0
github.com/ebogdum/filemanager/internal/backends/local/backend.go:359.3,360.17 2 0
github.com/ebogdum/filemanager/internal/backends/local/backend.go:360.17,362.4 1 0
github.com/ebogdum/filemanager/internal/backends/local/backend.go:364.3,365.61 2 0
github.com/ebogdum/filemanager/internal/backends/local/backend.go:365.61,367.4 1 0
github.com/ebogdum/filemanager/internal/backends/local/backend.go:368.3,368.13 1 0
github.com/ebogdum/filemanager/internal/backends/local/backend.go:370.2,370.16 1 0
github.com/ebogdum/filemanager/internal/backends/local/backend.go:370.16,372.3 1 0
github.com/ebogdum/filemanager/internal/backends/local/backend.go:373.2,373.21 1 0
github.com/ebogdum/filemanager/internal/backends/local/backend.go:376.99,378.16 2 1
github.com/ebogdum/filemanager/internal/backends/local/backend.go:378.16,380.3 1 0
github.com/ebogdum/filemanager/internal/backends/local/backend.go:382.2,383.32 2 1
github.com/ebogdum/filemanager/internal/backends/local/backend.go:383.32,384.41 1 1
github.com/ebogdum/filemanager/internal/backends/local/backend.go:384.41,385.12 1 0
github.com/ebogdum/filemanager/internal/backends/local/backend.go:387.3,387.47 1 1
github.com/ebogdum/filemanager/internal/backends/local/backend.go:387.47,388.12 1 0
github.com/ebogdum/filemanager/internal/backends/local/backend.go:390.3,390.55 1 1
github.com/ebogdum/filemanager/internal/backends/local/backend.go:390.55,391.12 1 0
github.com/ebogdum/filemanager/internal/backends/local/backend.go:394.3,395.17 2 1
github.com/ebogdum/filemanager/internal/backends/local/backend.go:395.17,396.12 1 0
github.com/ebogdum/filemanager/internal/backends/local/backend.go:399.3,400.61 2 1
github.com/ebogdum/filemanager/internal/backends/local/backend.go:400.61,401.9 1 0
github.com/ebogdum/filemanager/internal/backends/local/backend.go:405.2,405.21 1 1
github.com/ebogdum/filemanager/internal/backends/local/backend.go:408.86,419.2 3 1
github.com/ebogdum/filemanager/internal/backends/local/backend.go:421.70,422.57 1 1
github.com/ebogdum/filemanager/internal/backends/local/backend.go:422.57,424.3 1 1
github.com/ebogdum/filemanager/internal/backends/local/backend.go:425.2,425.13 1 0
github.com/ebogdum/filemanager/internal/backends/local/backend.go:428.53,429.19 1 1
github.com/ebogdum/filemanager/internal/backends/local/backend.go:429.19,431.3 1 1
github.com/ebogdum/filemanager/internal/backends/local/backend.go:432.2,433.30 2 0
github.com/ebogdum/filemanager/internal/backends/local/backend.go:437.91,438.18 1 1
github.com/ebogdum/filemanager/internal/backends/local/backend.go:438.18,440.3 1 0
github.com/ebogdum/filemanager/internal/backends/local/backend.go:442.2,443.16 2 1
github.com/ebogdum/filemanager/internal/backends/local/backend.go:443.16,445.3 1 0
github.com/ebogdum/filemanager/internal/backends/local/backend.go:447.2,448.15 2 1
github.com/ebogdum/filemanager/internal/backends/local/backend.go:448.15,450.3 1 0
github.com/ebogdum/filemanager/internal/backends/local/backend.go:452.2,452.20 1 1
github.com/ebogdum/filemanager/internal/backends/local/backend.go:452.20,454.3 1 1
github.com/ebogdum/filemanager/internal/backends/local/backend.go:456.2,456.48 1 1
github.com/ebogdum/filemanager/internal/backends/local/backend.go:456.48,457.22 1 0
github.com/ebogdum/filemanager/internal/backends/local/backend.go:457.22,459.4 1 0
github.com/ebogdum/filemanager/internal/backends/local/backend.go:460.3,460.27 1 0
github.com/ebogdum/filemanager/internal/backends/local/backend.go:460.27,462.4 1 0
github.com/ebogdum/filemanager/internal/backends/local/backend.go:463.3,463.13 1 0
github.com/ebogdum/filemanager/internal/backends/local/backend.go:466.2,466.12 1 1
github.com/ebogdum/filemanager/internal/backends/local/backend.go:470.81,471.18 1 0
github.com/ebogdum/filemanager/internal/backends/local/backend.go:471.18,473.3 1 0
github.com/ebogdum/filemanager/internal/backends/local/backend.go:475.2,476.16 2 0
github.com/ebogdum/filemanager/internal/backends/local/backend.go:476.16,478.3 1 0
github.com/ebogdum/filemanager/internal/backends/local/backend.go:480.2,481.16 2 0
github.com/ebogdum/filemanager/internal/backends/local/backend.go:481.16,482.25 1 0
github.com/ebogdum/filemanager/internal/backends/local/backend.go:482.25,484.4 1 0
github.com/ebogdum/filemanager/internal/backends/local/backend.go:485.3,485.13 1 0
github.com/ebogdum/filemanager/internal/backends/local/backend.go:488.2,488.19 1 0
github.com/ebogdum/filemanager/internal/backends/local/backend.go:488.19,490.3 1 0
github.com/ebogdum/filemanager/internal/backends/local/backend.go:492.2,492.15 1 0
github.com/ebogdum/filemanager/internal/backends/local/backend.go:492.15,494.3 1 0
github.com/ebogdum/filemanager/internal/backends/local/backend.go:496.2,496.43 1 0
github.com/ebogdum/filemanager/internal/backends/local/backend.go:496.43,498.57 1 0
github.com/ebogdum/filemanager/internal/backends/local/backend.go:498.57,500.4 1 0
github.com/ebogdum/filemanager/internal/backends/local/backend.go:501.3,501.13 1 0
github.com/ebogdum/filemanager/internal/backends/local/backend.go:504.2,504.12 1 0
github.com/ebogdum/filemanager/internal/backends/local/backend.go:508.108,509.18 1 0
github.com/ebogdum/filemanager/internal/backends/local/backend.go:509.18,511.3 1 0
github.com/ebogdum/filemanager/internal/backends/local/backend.go:513.2,514.16 2 0
github.com/ebogdum/filemanager/internal/backends/local/backend.go:514.16,516.3 1 0
github.com/ebogdum/filemanager/internal/backends/local/backend.go:518.2,526.46 2 0
github.com/ebogdum/filemanager/internal/backends/local/backend.go:530.75,531.18 1 1
github.com/ebogdum/filemanager/internal/backends/local/backend.go:531.18,533.3 1 0
github.com/ebogdum/filemanager/internal/backends/local/backend.go:535.2,536.16 2 1
github.com/ebogdum/filemanager/internal/backends/local/backend.go:536.16,538.3 1 0
github.com/ebogdum/filemanager/internal/backends/local/backend.go:541.2,541.36 1 1
github.com/ebogdum/filemanager/internal/backends/local/backend.go:545.83,546.18 1 0
github.com/ebogdum/filemanager/internal/backends/local/backend.go:546.18,548.3 1 0
github.com/ebogdum/filemanager/internal/backends/local/backend.go:550.2,551.16 2 0
github.com/ebogdum/filemanager/internal/backends/local/backend.go:551.16,553.3 1 0
github.com/ebogdum/filemanager/internal/backends/local/backend.go:555.2,555.32 1 0
github.com/ebogdum/filemanager/internal/backends/local/backend.go:559.79,560.18 1 0
github.com/ebogdum/filemanager/internal/backends/local/backend.go:560.18,562.3 1 0
github.com/ebogdum/filemanager/internal/backends/local/backend.go:564.2,564.31 1 0
github.com/ebogdum/filemanager/internal/backends/local/backend.go:564.31,566.3 1 0
github.com/ebogdum/filemanager/internal/backends/local/backend.go:568.2,569.16 2 0
github.com/ebogdum/filemanager/internal/backends/local/backend.go:569.16,571.3 1 0
github.com/ebogdum/filemanager/internal/backends/local/backend.go:573.2,573.36 1 0
github.com/ebogdum/filemanager/internal/backends/local/backend.go:577.61,619.2 3 1
github.com/ebogdum/filemanager/internal/backends/local/backend.go:622.77,627.2 4 1
github.com/ebogdum/filemanager/internal/backends/local/backend.go:630.98,631.18 1 0
github.com/ebogdum/filemanager/internal/backends/local/backend.go:631.18,633.3 1 0
github.com/ebogdum/filemanager/internal/backends/local/backend.go:635.2,636.16 2 0
github.com/ebogdum/filemanager/internal/backends/local/backend.go:636.16,638.3 1 0
github.com/ebogdum/filemanager/internal/backends/local/backend.go:640.2,641.16 2 0
github.com/ebogdum/filemanager/internal/backends/local/backend.go:641.16,643.3 1 0
github.com/ebogdum/filemanager/internal/backends/local/backend.go:646.2,646.69 1 0
github.com/ebogdum/filemanager/internal/backends/local/backend.go:646.69,648.3 1 0
github.com/ebogdum/filemanager/internal/backends/local/backend.go:651.2,652.16 2 0
github.com/ebogdum/filemanager/internal/backends/local/backend.go:652.16,654.3 1 0
github.com/ebogdum/filemanager/internal/backends/local/backend.go:655.2,657.41 2 0
github.com/ebogdum/filemanager/internal/backends/local/backend_darwin.go:15.69,18.2 2 1
github.com/ebogdum/filemanager/internal/backends/local/backend_unix.go:15.77,16.35 1 1
github.com/ebogdum/filemanager/internal/backends/local/backend_unix.go:16.35,17.44 1 1
github.com/ebogdum/filemanager/internal/backends/local/backend_unix.go:17.44,21.4 3 1
github.com/ebogdum/filemanager/internal/backends/local/zerocopy.go:20.30,23.20 1 1
github.com/ebogdum/filemanager/internal/backends/local/zerocopy.go:23.20,27.5 2 0
github.com/ebogdum/filemanager/internal/backends/local/zerocopy.go:33.40,35.2 1 0
github.com/ebogdum/filemanager/internal/backends/local/zerocopy.go:38.43,40.2 1 0
github.com/ebogdum/filemanager/internal/backends/local/zerocopy.go:43.94,45.67 1 0
github.com/ebogdum/filemanager/internal/backends/local/zerocopy.go:45.67,47.3 1 0
github.com/ebogdum/filemanager/internal/backends/local/zerocopy.go:50.2,50.36 1 0
github.com/ebogdum/filemanager/internal/backends/local/zerocopy.go:54.95,59.6 4 0
github.com/ebogdum/filemanager/internal/backends/local/zerocopy.go:59.6,61.35 1 0
github.com/ebogdum/filemanager/internal/backends/local/zerocopy.go:61.35,63.4 1 0
github.com/ebogdum/filemanager/internal/backends/local/zerocopy.go:65.3,66.13 2 0
github.com/ebogdum/filemanager/internal/backends/local/zerocopy.go:66.13,68.25 2 0
github.com/ebogdum/filemanager/internal/backends/local/zerocopy.go:68.25,70.18 2 0
github.com/ebogdum/filemanager/internal/backends/local/zerocopy.go:70.18,72.6 1 0
github.com/ebogdum/filemanager/internal/backends/local/zerocopy.go:74.4,75.17 2 0
github.com/ebogdum/filemanager/internal/backends/local/zerocopy.go:75.17,77.5 1 0
github.com/ebogdum/filemanager/internal/backends/local/zerocopy.go:78.4,78.16 1 0
github.com/ebogdum/filemanager/internal/backends/local/zerocopy.go:78.16,80.5 1 0
github.com/ebogdum/filemanager/internal/backends/local/zerocopy.go:82.3,82.17 1 0
github.com/ebogdum/filemanager/internal/backends/local/zerocopy.go:82.17,83.21 1 0
github.com/ebogdum/filemanager/internal/backends/local/zerocopy.go:83.21,85.5 1 0
github.com/ebogdum/filemanager/internal/backends/local/zerocopy.go:86.4,86.23 1 0
github.com/ebogdum/filemanager/internal/backends/local/zerocopy.go:92.100,94.73 1 0
github.com/ebogdum/filemanager/internal/backends/local/zerocopy.go:94.73,96.3 1 0
github.com/ebogdum/filemanager/internal/backends/local/zerocopy.go:99.2,99.36 1 0
github.com/ebogdum/filemanager/internal/backends/local/zerocopy.go:103.90,105.67 1 0
github.com/ebogdum/filemanager/internal/backends/local/zerocopy.go:105.67,107.3 1 0
github.com/ebogdum/filemanager/internal/backends/local/zerocopy.go:110.2,110.38 1 0
github.com/ebogdum/filemanager/internal/backends/local/zerocopy.go:114.81,116.16 2 0
github.com/ebogdum/filemanager/internal/backends/local/zerocopy.go:116.16,118.3 1 0
github.com/ebogdum/filemanager/internal/backends/local/zerocopy.go:119.2,122.16 3 0
github.com/ebogdum/filemanager/internal/backends/local/zerocopy.go:122.16,124.3 1 0
github.com/ebogdum/filemanager/internal/backends/local/zerocopy.go:126.2,127.16 2 0
github.com/ebogdum/filemanager/internal/backends/local/zerocopy.go:127.16,129.3 1 0
github.com/ebogdum/filemanager/internal/backends/local/zerocopy.go:130.2,133.16 3 0
github.com/ebogdum/filemanager/internal/backends/local/zerocopy.go:133.16,136.3 2 0
github.com/ebogdum/filemanager/internal/backends/local/zerocopy.go:138.2,138.19 1 0
github.com/ebogdum/filemanager/internal/backends/local/zerocopy_unix.go:15.44,17.2 1 1
github.com/ebogdum/filemanager/internal/backends/local/zerocopy_unix.go:20.42,22.2 1 1
github.com/ebogdum/filemanager/internal/backends/local/zerocopy_unix.go:25.49,27.2 1 1
github.com/ebogdum/filemanager/internal/backends/local/zerocopy_unix.go:30.92,32.16 2 0
github.com/ebogdum/filemanager/internal/backends/local/zerocopy_unix.go:32.16,34.3 1 0
github.com/ebogdum/filemanager/internal/backends/local/zerocopy_unix.go:35.2,38.40 2 0
github.com/ebogdum/filemanager/internal/backends/local/zerocopy_unix.go:42.96,49.21 5 0
github.com/ebogdum/filemanager/internal/backends/local/zerocopy_unix.go:49.21,50.35 1 0
github.com/ebogdum/filemanager/internal/backends/local/zerocopy_unix.go:50.35,52.4 1 0
github.com/ebogdum/filemanager/internal/backends/local/zerocopy_unix.go:55.3,56.25 2 0
github.com/ebogdum/filemanager/internal/backends/local/zerocopy_unix.go:56.25,58.4 1 0
github.com/ebogdum/filemanager/internal/backends/local/zerocopy_unix.go:62.3,64.17 3 0
github.com/ebogdum/filemanager/internal/backends/local/zerocopy_unix.go:64.17,65.28 1 0
github.com/ebogdum/filemanager/internal/backends/local/zerocopy_unix.go:65.28,66.13 1 0
github.com/ebogdum/filemanager/internal/backends/local/zerocopy_unix.go:68.4,68.79 1 0
github.com/ebogdum/filemanager/internal/backends/local/zerocopy_unix.go:68.79,71.5 1 0
github.com/ebogdum/filemanager/internal/backends/local/zerocopy_unix.go:72.4,72.23 1 0
github.com/ebogdum/filemanager/internal/backends/local/zerocopy_unix.go:74.3,74.20 1 0
github.com/ebogdum/filemanager/internal/backends/local/zerocopy_unix.go:77.2,77.21 1 0
github.com/ebogdum/filemanager/internal/backends/local/zerocopy_unix.go:81.102,83.33 1 0
github.com/ebogdum/filemanager/internal/backends/local/zerocopy_unix.go:83.33,85.3 1 0
github.com/ebogdum/filemanager/internal/backends/local/zerocopy_unix.go:88.2,88.28 1 0
github.com/ebogdum/filemanager/internal/backends/local/zerocopy_unix.go:92.108,94.33 1 0
github.com/ebogdum/filemanager/internal/backends/local/zerocopy_unix.go:94.33,96.3 1 0
github.com/ebogdum/filemanager/internal/backends/local/zerocopy_unix.go:99.2,99.28 1 0
github.com/ebogdum/filemanager/internal/backends/swift/backend.go:31.21,33.2 1 0
github.com/ebogdum/filemanager/internal/backends/swift/backend.go:36.33,38.2 1 0
github.com/ebogdum/filemanager/internal/backends/swift/backend.go:41.35,43.2 1 0
github.com/ebogdum/filemanager/internal/backends/swift/backend.go:46.83,50.17 3 0
github.com/ebogdum/filemanager/internal/backends/swift/backend.go:50.17,52.3 1 0
github.com/ebogdum/filemanager/internal/backends/swift/backend.go:54.2,59.28 4 0
github.com/ebogdum/filemanager/internal/backends/swift/backend.go:59.28,61.3 1 0
github.com/ebogdum/filemanager/internal/backends/swift/backend.go:62.2,65.19 3 0
github.com/ebogdum/filemanager/internal/backends/swift/backend.go:65.19,67.3 1 0
github.com/ebogdum/filemanager/internal/backends/swift/backend.go:70.2,71.18 2 0
github.com/ebogdum/filemanager/internal/backends/swift/backend.go:71.18,73.3 1 0
github.com/ebogdum/filemanager/internal/backends/swift/backend.go:75.2,79.47 4 0
github.com/ebogdum/filemanager/internal/backends/swift/backend.go:79.47,81.3 1 0
github.com/ebogdum/filemanager/internal/backends/swift/backend.go:83.2,83.75 1 0
github.com/ebogdum/filemanager/internal/backends/swift/backend.go:83.75,85.3 1 0
github.com/ebogdum/filemanager/internal/backends/swift/backend.go:87.2,89.12 3 0
github.com/ebogdum/filemanager/internal/backends/swift/backend.go:92.62,94.19 2 0
github.com/ebogdum/filemanager/internal/backends/swift/backend.go:94.19,96.3 1 0
github.com/ebogdum/filemanager/internal/backends/swift/backend.go:97.2,97.54 1 0
github.com/ebogdum/filemanager/internal/backends/swift/backend.go:97.54,99.3 1 0
github.com/ebogdum/filemanager/internal/backends/swift/backend.go:100.2,100.11 1 0
github.com/ebogdum/filemanager/internal/backends/swift/backend.go:103.111,110.2 1 0
github.com/ebogdum/filemanager/internal/backends/swift/backend.go:112.94,113.55 1 0
github.com/ebogdum/filemanager/internal/backends/swift/backend.go:113.55,115.3 1 0
github.com/ebogdum/filemanager/internal/backends/swift/backend.go:116.2,116.60 1 0
github.com/ebogdum/filemanager/internal/backends/swift/backend.go:116.60,118.3 1 0
github.com/ebogdum/filemanager/internal/backends/swift/backend.go:119.2,119.55 1 0
github.com/ebogdum/filemanager/internal/backends/swift/backend.go:119.55,121.3 1 0
github.com/ebogdum/filemanager/internal/backends/swift/backend.go:122.2,122.60 1 0
github.com/ebogdum/filemanager/internal/backends/swift/backend.go:122.60,124.3 1 0
github.com/ebogdum/filemanager/internal/backends/swift/backend.go:125.2,125.55 1 0
github.com/ebogdum/filemanager/internal/backends/swift/backend.go:125.55,127.3 1 0
github.com/ebogdum/filemanager/internal/backends/swift/backend.go:128.2,128.63 1 0
github.com/ebogdum/filemanager/internal/backends/swift/backend.go:128.63,130.3 1 0
github.com/ebogdum/filemanager/internal/backends/swift/backend.go:133.2,133.77 1 0
github.com/ebogdum/filemanager/internal/backends/swift/backend.go:133.77,135.3 1 0
github.com/ebogdum/filemanager/internal/backends/swift/backend.go:136.2,136.85 1 0
github.com/ebogdum/filemanager/internal/backends/swift/backend.go:136.85,138.3 1 0
github.com/ebogdum/filemanager/internal/backends/swift/backend.go:141.79,142.24 1 0
github.com/ebogdum/filemanager/internal/backends/swift/backend.go:142.24,144.65 2 0
github.com/ebogdum/filemanager/internal/backends/swift/backend.go:144.65,146.4 1 0
github.com/ebogdum/filemanager/internal/backends/swift/backend.go:150.125,152.16 2 0
github.com/ebogdum/filemanager/internal/backends/swift/backend.go:152.16,154.3 1 0
github.com/ebogdum/filemanager/internal/backends/swift/backend.go:156.2,156.36 1 0
github.com/ebogdum/filemanager/internal/backends/swift/backend.go:156.36,158.3 1 0
github.com/ebogdum/filemanager/internal/backends/swift/backend.go:160.2,160.91 1 0
github.com/ebogdum/filemanager/internal/backends/swift/backend.go:160.91,161.79 1 0
github.com/ebogdum/filemanager/internal/backends/swift/backend.go:161.79,163.4 1 0
github.com/ebogdum/filemanager/internal/backends/swift/backend.go:164.3,164.13 1 0
github.com/ebogdum/filemanager/internal/backends/swift/backend.go:167.2,167.56 1 0
github.com/ebogdum/filemanager/internal/backends/swift/backend.go:171.33,175.18 3 0
github.com/ebogdum/filemanager/internal/backends/swift/backend.go:175.18,177.3 1 0
github.com/ebogdum/filemanager/internal/backends/swift/backend.go:180.2,182.12 3 0
github.com/ebogdum/filemanager/internal/backends/swift/backend.go:186.51,190.18 3 0
github.com/ebogdum/filemanager/internal/backends/swift/backend.go:190.18,192.3 1 0
github.com/ebogdum/filemanager/internal/backends/swift/backend.go:195.2,196.12 2 0
github.com/ebogdum/filemanager/internal/backends/swift/backend.go:200.48,204.22 3 0
github.com/ebogdum/filemanager/internal/backends/swift/backend.go:204.22,206.21 2 0
github.com/ebogdum/filemanager/internal/backends/swift/backend.go:206.21,208.4 1 0
github.com/ebogdum/filemanager/internal/backends/swift/backend.go:210.2,210.10 1 0
github.com/ebogdum/filemanager/internal/backends/swift/backend.go:214.85,218.18 3 0
github.com/ebogdum/filemanager/internal/backends/swift/backend.go:218.18,220.3 1 0
github.com/ebogdum/filemanager/internal/backends/swift/backend.go:222.2,225.16 3 0
github.com/ebogdum/filemanager/internal/backends/swift/backend.go:225.16,226.34 1 0
github.com/ebogdum/filemanager/internal/backends/swift/backend.go:226.34,228.4 1 0
github.com/ebogdum/filemanager/internal/backends/swift/backend.go:229.3,229.18 1 0
github.com/ebogdum/filemanager/internal/backends/swift/backend.go:232.2,232.22 1 0
github.com/ebogdum/filemanager/internal/backends/swift/backend.go:236.108,240.18 3 0
github.com/ebogdum/filemanager/internal/backends/swift/backend.go:240.18,242.3 1 0
github.com/ebogdum/filemanager/internal/backends/swift/backend.go:244.2,247.21 2 0
github.com/ebogdum/filemanager/internal/backends/swift/backend.go:247.21,249.17 2 0
github.com/ebogdum/filemanager/internal/backends/swift/backend.go:249.17,251.4 1 0
github.com/ebogdum/filemanager/internal/backends/swift/backend.go:252.3,252.34 1 0
github.com/ebogdum/filemanager/internal/backends/swift/backend.go:252.34,254.4 1 0
github.com/ebogdum/filemanager/internal/backends/swift/backend.go:258.2,258.21 1 0
github.com/ebogdum/filemanager/internal/backends/swift/backend.go:258.21,260.53 2 0
github.com/ebogdum/filemanager/internal/backends/swift/backend.go:260.53,262.4 1 0
github.com/ebogdum/filemanager/internal/backends/swift/backend.go:266.2,267.23 2 0
github.com/ebogdum/filemanager/internal/backends/swift/backend.go:267.23,269.3 1 0
github.com/ebogdum/filemanager/internal/backends/swift/backend.go:272.2,276.40 3 0
github.com/ebogdum/filemanager/internal/backends/swift/backend.go:276.40,278.3 1 0
github.com/ebogdum/filemanager/internal/backends/swift/backend.go:281.2,282.16 2 0
github.com/ebogdum/filemanager/internal/backends/swift/backend.go:282.16,284.3 1 0
github.com/ebogdum/filemanager/internal/backends/swift/backend.go:286.2,286.12 1 0
github.com/ebogdum/filemanager/internal/backends/swift/backend.go:290.78,291.37 1 0
github.com/ebogdum/filemanager/internal/backends/swift/backend.go:291.37,293.3 1 0
github.com/ebogdum/filemanager/internal/backends/swift/backend.go:296.2,297.16 2 0
github.com/ebogdum/filemanager/internal/backends/swift/backend.go:297.16,299.3 1 0
github.com/ebogdum/filemanager/internal/backends/swift/backend.go:302.2,303.56 2 0
github.com/ebogdum/filemanager/internal/backends/swift/backend.go:303.56,304.56 1 0
github.com/ebogdum/filemanager/internal/backends/swift/backend.go:304.56,306.4 1 0
github.com/ebogdum/filemanager/internal/backends/swift/backend.go:310.2,311.12 2 0
github.com/ebogdum/filemanager/internal/backends/swift/backend.go:315.70,319.18 3 0
github.com/ebogdum/filemanager/internal/backends/swift/backend.go:319.18,321.3 1 0
github.com/ebogdum/filemanager/internal/backends/swift/backend.go:323.2,330.33 3 0
github.com/ebogdum/filemanager/internal/backends/swift/backend.go:330.33,332.3 1 0
github.com/ebogdum/filemanager/internal/backends/swift/backend.go:334.2,334.74 1 0
github.com/ebogdum/filemanager/internal/backends/swift/backend.go:334.74,335.34 1 0
github.com/ebogdum/filemanager/internal/backends/swift/backend.go:335.34,337.4 1 0
github.com/ebogdum/filemanager/internal/backends/swift/backend.go:338.3,338.13 1 0
github.com/ebogdum/filemanager/internal/backends/swift/backend.go:341.2,341.12 1 0
github.com/ebogdum/filemanager/internal/backends/swift/backend.go:345.78,349.18 3 0
github.com/ebogdum/filemanager/internal/backends/swift/backend.go:349.18,351.3 1 0
github.com/ebogdum/filemanager/internal/backends/swift/backend.go:353.2,357.16 3 0
github.com/ebogdum/filemanager/internal/backends/swift/backend.go:357.16,359.3 1 0
github.com/ebogdum/filemanager/internal/backends/swift/backend.go:360.2,360.33 1 0
github.com/ebogdum/filemanager/internal/backends/swift/backend.go:360.33,362.3 1 0
github.com/ebogdum/filemanager/internal/backends/swift/backend.go:365.2,369.16 2 0
github.com/ebogdum/filemanager/internal/backends/swift/backend.go:369.16,371.3 1 0
github.com/ebogdum/filemanager/internal/backends/swift/backend.go:373.2,373.27 1 0
github.com/ebogdum/filemanager/internal/backends/swift/backend.go:377.88,381.18 3 0
github.com/ebogdum/filemanager/internal/backends/swift/backend.go:381.18,383.3 1 0
github.com/ebogdum/filemanager/internal/backends/swift/backend.go:385.2,388.16 3 0
github.com/ebogdum/filemanager/internal/backends/swift/backend.go:388.16,389.34 1 0
github.com/ebogdum/filemanager/internal/backends/swift/backend.go:389.34,395.18 2 0
github.com/ebogdum/filemanager/internal/backends/swift/backend.go:395.18,397.5 1 0
github.com/ebogdum/filemanager/internal/backends/swift/backend.go:398.4,398.21 1 0
github.com/ebogdum/filemanager/internal/backends/swift/backend.go:398.21,405.5 1 0
github.com/ebogdum/filemanager/internal/backends/swift/backend.go:406.4,406.38 1 0
github.com/ebogdum/filemanager/internal/backends/swift/backend.go:408.3,408.18 1 0
github.com/ebogdum/filemanager/internal/backends/swift/backend.go:411.2,424.34 3 0
github.com/ebogdum/filemanager/internal/backends/swift/backend.go:424.34,425.47 1 0
github.com/ebogdum/filemanager/internal/backends/swift/backend.go:425.47,428.4 2 0
github.com/ebogdum/filemanager/internal/backends/swift/backend.go:431.2,431.22 1 0
github.com/ebogdum/filemanager/internal/backends/swift/backend.go:435.113,439.18 3 0
github.com/ebogdum/filemanager/internal/backends/swift/backend.go:439.18,441.3 1 0
github.com/ebogdum/filemanager/internal/backends/swift/backend.go:443.2,444.53 2 0
github.com/ebogdum/filemanager/internal/backends/swift/backend.go:444.53,446.3 1 0
github.com/ebogdum/filemanager/internal/backends/swift/backend.go:448.2,452.21 2 0
github.com/ebogdum/filemanager/internal/backends/swift/backend.go:452.21,454.3 1 0
github.com/ebogdum/filemanager/internal/backends/swift/backend.go:456.2,456.25 1 0
github.com/ebogdum/filemanager/internal/backends/swift/backend.go:456.25,458.3 1 0
github.com/ebogdum/filemanager/internal/backends/swift/backend.go:460.2,461.16 2 0
github.com/ebogdum/filemanager/internal/backends/swift/backend.go:461.16,463.3 1 0
github.com/ebogdum/filemanager/internal/backends/swift/backend.go:465.2,465.58 1 0
github.com/ebogdum/filemanager/internal/backends/swift/backend.go:468.121,472.27 3 0
github.com/ebogdum/filemanager/internal/backends/swift/backend.go:472.27,474.17 2 0
github.com/ebogdum/filemanager/internal/backends/swift/backend.go:474.17,475.12 1 0
github.com/ebogdum/filemanager/internal/backends/swift/backend.go:478.3,478.22 1 0
github.com/ebogdum/filemanager/internal/backends/swift/backend.go:478.22,479.94 1 0
github.com/ebogdum/filemanager/internal/backends/swift/backend.go:479.94,481.55 2 0
github.com/ebogdum/filemanager/internal/backends/swift/backend.go:481.55,482.11 1 0
github.com/ebogdum/filemanager/internal/backends/swift/backend.go:484.5,484.13 1 0
github.com/ebogdum/filemanager/internal/backends/swift/backend.go:488.3,489.42 2 0
github.com/ebogdum/filemanager/internal/backends/swift/backend.go:489.42,490.12 1 0
github.com/ebogdum/filemanager/internal/backends/swift/backend.go:493.3,494.53 2 0
github.com/ebogdum/filemanager/internal/backends/swift/backend.go:494.53,495.9 1 0
github.com/ebogdum/filemanager/internal/backends/swift/backend.go:499.2,499.16 1 0
github.com/ebogdum/filemanager/internal/backends/swift/backend.go:502.69,503.57 1 0
github.com/ebogdum/filemanager/internal/backends/swift/backend.go:503.57,505.3 1 0
github.com/ebogdum/filemanager/internal/backends/swift/backend.go:506.2,506.24 1 0
github.com/ebogdum/filemanager/internal/backends/swift/backend.go:506.24,508.3 1 0
github.com/ebogdum/filemanager/internal/backends/swift/backend.go:509.2,510.31 2 0
github.com/ebogdum/filemanager/internal/backends/swift/backend.go:513.121,514.34 1 0
github.com/ebogdum/filemanager/internal/backends/swift/backend.go:514.34,516.3 1 0
github.com/ebogdum/filemanager/internal/backends/swift/backend.go:517.2,518.23 2 0
github.com/ebogdum/filemanager/internal/backends/swift/backend.go:518.23,520.3 1 0
github.com/ebogdum/filemanager/internal/backends/swift/backend.go:521.2,521.55 1 0
github.com/ebogdum/filemanager/internal/backends/swift/backend.go:521.55,523.3 1 0
github.com/ebogdum/filemanager/internal/backends/swift/backend.go:525.2,531.9 2 0
github.com/ebogdum/filemanager/internal/backends/swift/backend.go:534.79,545.11 3 0
github.com/ebogdum/filemanager/internal/backends/swift/backend.go:545.11,547.3 1 0
github.com/ebogdum/filemanager/internal/backends/swift/backend.go:547.8,549.3 1 0
github.com/ebogdum/filemanager/internal/backends/swift/backend.go:550.2,550.17 1 0
github.com/ebogdum/filemanager/internal/backends/swift/backend.go:553.45,555.2 1 0
github.com/ebogdum/filemanager/internal/backends/swift/backend.go:558.94,562.18 3 0
github.com/ebogdum/filemanager/internal/backends/swift/backend.go:562.18,564.3 1 0
github.com/ebogdum/filemanager/internal/backends/swift/backend.go:566.2,568.20 2 0
github.com/ebogdum/filemanager/internal/backends/swift/backend.go:568.20,570.3 1 0
github.com/ebogdum/filemanager/internal/backends/swift/backend.go:573.2,574.12 2 0
github.com/ebogdum/filemanager/internal/backends/swift/backend.go:578.84,582.18 3 0
github.com/ebogdum/filemanager/internal/backends/swift/backend.go:582.18,584.3 1 0
github.com/ebogdum/filemanager/internal/backends/swift/backend.go:586.2,587.41 2 0
github.com/ebogdum/filemanager/internal/backends/swift/backend.go:587.41,589.3 1 0
github.com/ebogdum/filemanager/internal/backends/swift/backend.go:592.2,595.16 2 0
github.com/ebogdum/filemanager/internal/backends/swift/backend.go:595.16,597.3 1 0
github.com/ebogdum/filemanager/internal/backends/swift/backend.go:599.2,599.20 1 0
github.com/ebogdum/filemanager/internal/backends/swift/backend.go:599.20,601.3 1 0
github.com/ebogdum/filemanager/internal/backends/swift/backend.go:603.2,603.33 1 0
github.com/ebogdum/filemanager/internal/backends/swift/backend.go:603.33,605.3 1 0
github.com/ebogdum/filemanager/internal/backends/swift/backend.go:608.2,608.27 1 0
github.com/ebogdum/filemanager/internal/backends/swift/backend.go:608.27,609.73 1 0
github.com/ebogdum/filemanager/internal/backends/swift/backend.go:609.73,610.35 1 0
github.com/ebogdum/filemanager/internal/backends/swift/backend.go:610.35,612.5 1 0
github.com/ebogdum/filemanager/internal/backends/swift/backend.go:616.2,616.12 1 0
github.com/ebogdum/filemanager/internal/backends/swift/backend.go:621.112,623.2 1 0
github.com/ebogdum/filemanager/internal/backends/swift/backend.go:627.75,629.2 1 0
github.com/ebogdum/filemanager/internal/backends/swift/backend.go:633.87,635.2 1 0
github.com/ebogdum/filemanager/internal/backends/swift/backend.go:639.83,641.2 1 0
github.com/ebogdum/filemanager/internal/backends/swift/backend.go:644.61,685.2 1 0
github.com/ebogdum/filemanager/internal/backends/swift/backend.go:688.98,692.18 3 0
github.com/ebogdum/filemanager/internal/backends/swift/backend.go:692.18,694.3 1 0
github.com/ebogdum/filemanager/internal/backends/swift/backend.go:696.2,700.21 3 0
github.com/ebogdum/filemanager/internal/backends/swift/backend.go:700.21,702.53 2 0
github.com/ebogdum/filemanager/internal/backends/swift/backend.go:702.53,704.4 1 0
github.com/ebogdum/filemanager/internal/backends/swift/backend.go:708.2,709.16 2 0
github.com/ebogdum/filemanager/internal/backends/swift/backend.go:709.16,710.34 1 0
github.com/ebogdum/filemanager/internal/backends/swift/backend.go:710.34,712.4 1 0
github.com/ebogdum/filemanager/internal/backends/swift/backend.go:713.3,713.13 1 0
github.com/ebogdum/filemanager/internal/backends/swift/backend.go:716.2,716.12 1 0
github.com/ebogdum/filemanager/internal/backends/swift/backend.go:720.103,724.18 3 0
github.com/ebogdum/filemanager/internal/backends/swift/backend.go:724.18,726.3 1 0
github.com/ebogdum/filemanager/internal/backends/swift/backend.go:728.2,731.35 3 0
github.com/ebogdum/filemanager/internal/backends/swift/backend.go:731.35,733.3 1 0
github.com/ebogdum/filemanager/internal/backends/swift/backend.go:735.2,735.67 1 0
github.com/ebogdum/filemanager/internal/backends/swift/backend.go:739.96,743.18 3 0
github.com/ebogdum/filemanager/internal/backends/swift/backend.go:743.18,745.3 1 0
github.com/ebogdum/filemanager/internal/backends/swift/backend.go:747.2,750.16 3 0
github.com/ebogdum/filemanager/internal/backends/swift/backend.go:750.16,751.34 1 0
github.com/ebogdum/filemanager/internal/backends/swift/backend.go:751.34,753.4 1 0
github.com/ebogdum/filemanager/internal/backends/swift/backend.go:754.3,754.18 1 0
github.com/ebogdum/filemanager/internal/backends/swift/backend.go:757.2,758.34 2 0
github.com/ebogdum/filemanager/internal/backends/swift/backend.go:758.34,759.47 1 0
github.com/ebogdum/filemanager/internal/backends/swift/backend.go:759.47,762.4 2 0
github.com/ebogdum/filemanager/internal/backends/swift/backend.go:765.2,765.22 1 0
github.com/ebogdum/filemanager/internal/datasources/env/datasource.go:29.47,31.2 1 0
github.com/ebogdum/filemanager/internal/datasources/env/datasource.go:53.122,55.2 1 0
github.com/ebogdum/filemanager/internal/datasources/env/datasource.go:58.116,106.2 1 0
github.com/ebogdum/filemanager/internal/datasources/env/datasource.go:109.125,110.29 1 0
github.com/ebogdum/filemanager/internal/datasources/env/datasource.go:110.29,112.3 1 0
github.com/ebogdum/filemanager/internal/datasources/env/datasource.go:114.2,115.9 2 0
github.com/ebogdum/filemanager/internal/datasources/env/datasource.go:115.9,121.3 2 0
github.com/ebogdum/filemanager/internal/datasources/env/datasource.go:123.2,123.19 1 0
github.com/ebogdum/filemanager/internal/datasources/env/datasource.go:127.110,131.33 3 0
github.com/ebogdum/filemanager/internal/datasources/env/datasource.go:131.33,133.3 1 0
github.com/ebogdum/filemanager/internal/datasources/env/datasource.go:136.2,137.16 2 0
github.com/ebogdum/filemanager/internal/datasources/env/datasource.go:137.16,140.3 2 0
github.com/ebogdum/filemanager/internal/datasources/env/datasource.go:143.2,144.16 2 0
github.com/ebogdum/filemanager/internal/datasources/env/datasource.go:144.16,147.3 2 0
github.com/ebogdum/filemanager/internal/datasources/env/datasource.go:149.2,149.13 1 0
github.com/ebogdum/filemanager/internal/datasources/env/datasource.go:149.13,155.3 2 0
github.com/ebogdum/filemanager/internal/datasources/env/datasource.go:158.2,159.16 2 0
github.com/ebogdum/filemanager/internal/datasources/env/datasource.go:159.16,162.3 2 0
github.com/ebogdum/filemanager/internal/datasources/env/datasource.go:163.2,166.16 3 0
github.com/ebogdum/filemanager/internal/datasources/env/datasource.go:166.16,169.3 2 0
github.com/ebogdum/filemanager/internal/datasources/env/datasource.go:172.2,173.16 2 0
github.com/ebogdum/filemanager/internal/datasources/env/datasource.go:173.16,179.3 2 0
github.com/ebogdum/filemanager/internal/datasources/env/datasource.go:182.2,184.33 3 0
github.com/ebogdum/filemanager/internal/datasources/env/datasource.go:184.33,186.3 1 0
github.com/ebogdum/filemanager/internal/datasources/env/datasource.go:189.2,190.60 2 0
github.com/ebogdum/filemanager/internal/datasources/env/datasource.go:190.60,193.17 3 0
github.com/ebogdum/filemanager/internal/datasources/env/datasource.go:193.17,196.4 2 0
github.com/ebogdum/filemanager/internal/datasources/env/datasource.go:197.3,199.34 3 0
github.com/ebogdum/filemanager/internal/datasources/env/datasource.go:199.34,201.4 1 0
github.com/ebogdum/filemanager/internal/datasources/env/datasource.go:202.8,204.3 1 0
github.com/ebogdum/filemanager/internal/datasources/env/datasource.go:207.2,218.56 9 0
github.com/ebogdum/filemanager/internal/datasources/env/datasource.go:222.101,223.49 1 0
github.com/ebogdum/filemanager/internal/datasources/env/datasource.go:223.49,225.3 1 0
github.com/ebogdum/filemanager/internal/datasources/env/datasource.go:226.2,226.57 1 0
github.com/ebogdum/filemanager/internal/datasources/env/datasource.go:230.52,234.21 3 0
github.com/ebogdum/filemanager/internal/datasources/env/datasource.go:234.21,238.49 2 0
github.com/ebogdum/filemanager/internal/datasources/env/datasource.go:238.49,239.12 1 0
github.com/ebogdum/filemanager/internal/datasources/env/datasource.go:243.3,244.16 2 0
github.com/ebogdum/filemanager/internal/datasources/env/datasource.go:244.16,245.12 1 0
github.com/ebogdum/filemanager/internal/datasources/env/datasource.go:248.3,258.22 6 0
github.com/ebogdum/filemanager/internal/datasources/env/datasource.go:261.2,261.38 1 0
github.com/ebogdum/filemanager/internal/datasources/env/datasource.go:261.38,263.3 1 0
github.com/ebogdum/filemanager/internal/datasources/env/datasource.go:265.2,265.20 1 0
github.com/ebogdum/filemanager/internal/datasources/env/datasource.go:269.31,270.16 1 0
github.com/ebogdum/filemanager/internal/datasources/env/datasource.go:270.16,272.3 1 0
github.com/ebogdum/filemanager/internal/datasources/env/datasource.go:275.2,275.39 1 0
github.com/ebogdum/filemanager/internal/datasources/env/datasource.go:275.39,282.3 6 0
github.com/ebogdum/filemanager/internal/datasources/env/datasource.go:285.2,285.41 1 0
github.com/ebogdum/filemanager/internal/datasources/env/datasource.go:285.41,287.3 1 0
github.com/ebogdum/filemanager/internal/datasources/env/datasource.go:289.2,289.10 1 0
github.com/ebogdum/filemanager/internal/backends/ssh/auth.go:19.77,23.22 3 0
github.com/ebogdum/filemanager/internal/backends/ssh/auth.go:23.22,25.3 1 0
github.com/ebogdum/filemanager/internal/backends/ssh/auth.go:25.8,27.3 1 0
github.com/ebogdum/filemanager/internal/backends/ssh/auth.go:29.2,29.16 1 0
github.com/ebogdum/filemanager/internal/backends/ssh/auth.go:29.16,31.3 1 0
github.com/ebogdum/filemanager/internal/backends/ssh/auth.go:33.2,33.20 1 0
github.com/ebogdum/filemanager/internal/backends/ssh/auth.go:37.80,39.37 1 0
github.com/ebogdum/filemanager/internal/backends/ssh/auth.go:39.37,41.17 2 0
github.com/ebogdum/filemanager/internal/backends/ssh/auth.go:41.17,43.4 1 0
github.com/ebogdum/filemanager/internal/backends/ssh/auth.go:44.3,44.45 1 0
github.com/ebogdum/filemanager/internal/backends/ssh/auth.go:47.2,48.16 2 0
github.com/ebogdum/filemanager/internal/backends/ssh/auth.go:48.16,50.3 1 0
github.com/ebogdum/filemanager/internal/backends/ssh/auth.go:52.2,52.45 1 0
github.com/ebogdum/filemanager/internal/backends/ssh/auth.go:56.45,58.18 2 0
github.com/ebogdum/filemanager/internal/backends/ssh/auth.go:58.18,60.3 1 0
github.com/ebogdum/filemanager/internal/backends/ssh/auth.go:62.2,63.16 2 0
github.com/ebogdum/filemanager/internal/backends/ssh/auth.go:63.16,65.3 1 0
github.com/ebogdum/filemanager/internal/backends/ssh/auth.go:67.2,68.57 2 0
github.com/ebogdum/filemanager/internal/backends/ssh/auth.go:72.64,75.16 2 0
github.com/ebogdum/filemanager/internal/backends/ssh/auth.go:75.16,77.3 1 0
github.com/ebogdum/filemanager/internal/backends/ssh/auth.go:78.2,80.47 2 0
github.com/ebogdum/filemanager/internal/backends/ssh/auth.go:80.47,83.3 2 0
github.com/ebogdum/filemanager/internal/backends/ssh/auth.go:84.2,87.16 3 0
github.com/ebogdum/filemanager/internal/backends/ssh/auth.go:87.16,89.3 1 0
github.com/ebogdum/filemanager/internal/backends/ssh/auth.go:91.2,91.22 1 0
github.com/ebogdum/filemanager/internal/backends/ssh/auth.go:95.67,97.34 1 0
github.com/ebogdum/filemanager/internal/backends/ssh/auth.go:97.34,99.17 2 0
github.com/ebogdum/filemanager/internal/backends/ssh/auth.go:99.17,101.4 1 0
github.com/ebogdum/filemanager/internal/backends/ssh/auth.go:102.3,102.39 1 0
github.com/ebogdum/filemanager/internal/backends/ssh/auth.go:105.2,106.16 2 0
github.com/ebogdum/filemanager/internal/backends/ssh/auth.go:106.16,108.3 1 0
github.com/ebogdum/filemanager/internal/backends/ssh/auth.go:110.2,110.22 1 0
github.com/ebogdum/filemanager/internal/backends/ssh/auth.go:115.63,117.16 2 0
github.com/ebogdum/filemanager/internal/backends/ssh/auth.go:117.16,119.3 1 0
github.com/ebogdum/filemanager/internal/backends/ssh/auth.go:121.2,124.59 2 0
github.com/ebogdum/filemanager/internal/backends/ssh/auth.go:124.59,126.3 1 0
github.com/ebogdum/filemanager/internal/backends/ssh/auth.go:128.2,128.39 1 0
github.com/ebogdum/filemanager/internal/backends/ssh/auth.go:133.77,134.19 1 0
github.com/ebogdum/filemanager/internal/backends/ssh/auth.go:134.19,136.3 1 0
github.com/ebogdum/filemanager/internal/backends/ssh/auth.go:139.2,140.16 2 0
github.com/ebogdum/filemanager/internal/backends/ssh/auth.go:140.16,142.3 1 0
github.com/ebogdum/filemanager/internal/backends/ssh/auth.go:145.2,145.73 1 0
github.com/ebogdum/filemanager/internal/backends/ssh/auth.go:145.73,146.52 1 0
github.com/ebogdum/filemanager/internal/backends/ssh/auth.go:146.52,148.4 1 0
github.com/ebogdum/filemanager/internal/backends/ssh/auth.go:149.3,149.13 1 0
github.com/ebogdum/filemanager/internal/backends/ssh/auth.go:155.72,156.116 1 0
github.com/ebogdum/filemanager/internal/backends/ssh/auth.go:156.116,158.38 2 0
github.com/ebogdum/filemanager/internal/backends/ssh/auth.go:158.38,160.37 1 0
github.com/ebogdum/filemanager/internal/backends/ssh/auth.go:160.37,161.74 1 0
github.com/ebogdum/filemanager/internal/backends/ssh/auth.go:161.74,163.11 2 0
github.com/ebogdum/filemanager/internal/backends/ssh/auth.go:167.3,167.24 1 0
github.com/ebogdum/filemanager/internal/backends/ssh/auth.go:172.61,175.28 1 0
github.com/ebogdum/filemanager/internal/backends/ssh/auth.go:175.28,176.15 1 0
github.com/ebogdum/filemanager/internal/backends/ssh/auth.go:176.15,178.4 1 0
github.com/ebogdum/filemanager/internal/backends/ssh/auth.go:180.2,180.12 1 0
github.com/ebogdum/filemanager/internal/backends/ssh/auth.go:204.68,208.32 2 0
github.com/ebogdum/filemanager/internal/backends/ssh/auth.go:208.32,210.17 2 0
github.com/ebogdum/filemanager/internal/backends/ssh/auth.go:210.17,212.4 1 0
github.com/ebogdum/filemanager/internal/backends/ssh/auth.go:213.3,213.52 1 0
github.com/ebogdum/filemanager/internal/backends/ssh/auth.go:217.2,217.64 1 0
github.com/ebogdum/filemanager/internal/backends/ssh/auth.go:217.64,219.17 2 0
github.com/ebogdum/filemanager/internal/backends/ssh/auth.go:219.17,221.4 1 0
github.com/ebogdum/filemanager/internal/backends/ssh/auth.go:222.3,222.52 1 0
github.com/ebogdum/filemanager/internal/backends/ssh/auth.go:226.2,226.21 1 0
github.com/ebogdum/filemanager/internal/backends/ssh/auth.go:226.21,228.17 2 0
github.com/ebogdum/filemanager/internal/backends/ssh/auth.go:228.17,230.4 1 0
github.com/ebogdum/filemanager/internal/backends/ssh/auth.go:235.2,235.27 1 0
github.com/ebogdum/filemanager/internal/backends/ssh/auth.go:235.27,237.3 1 0
github.com/ebogdum/filemanager/internal/backends/ssh/auth.go:240.2,240.23 1 0
github.com/ebogdum/filemanager/internal/backends/ssh/auth.go:240.23,242.17 2 0
github.com/ebogdum/filemanager/internal/backends/ssh/auth.go:242.17,244.4 1 0
github.com/ebogdum/filemanager/internal/backends/ssh/auth.go:247.2,247.21 1 0
github.com/ebogdum/filemanager/internal/backends/ssh/auth.go:251.75,253.29 1 0
github.com/ebogdum/filemanager/internal/backends/ssh/auth.go:253.29,255.3 1 0
github.com/ebogdum/filemanager/internal/backends/ssh/auth.go:258.2,258.26 1 0
github.com/ebogdum/filemanager/internal/backends/ssh/auth.go:258.26,260.3 1 0
github.com/ebogdum/filemanager/internal/backends/ssh/auth.go:263.2,263.36 1 0
github.com/ebogdum/filemanager/internal/backends/ssh/auth.go:263.36,265.3 1 0
github.com/ebogdum/filemanager/internal/backends/ssh/auth.go:268.2,268.33 1 0
github.com/ebogdum/filemanager/internal/backends/ssh/auth.go:268.33,270.3 1 0
github.com/ebogdum/filemanager/internal/backends/ssh/auth.go:273.2,273.36 1 0
github.com/ebogdum/filemanager/internal/backends/ssh/auth.go:277.67,279.16 2 0
github.com/ebogdum/filemanager/internal/backends/ssh/auth.go:279.16,281.3 1 0
github.com/ebogdum/filemanager/internal/backends/ssh/auth.go:284.2,291.35 2 0
github.com/ebogdum/filemanager/internal/backends/ssh/auth.go:291.35,292.53 1 0
github.com/ebogdum/filemanager/internal/backends/ssh/auth.go:292.53,293.12 1 0
github.com/ebogdum/filemanager/internal/backends/ssh/auth.go:296.3,297.17 2 0
github.com/ebogdum/filemanager/internal/backends/ssh/auth.go:297.17,299.4 1 0
github.com/ebogdum/filemanager/internal/backends/ssh/auth.go:302.2,302.56 1 0
github.com/ebogdum/filemanager/internal/backends/ssh/backend.go:33.21,37.2 1 0
github.com/ebogdum/filemanager/internal/backends/ssh/backend.go:40.52,44.2 1 0
github.com/ebogdum/filemanager/internal/backends/ssh/backend.go:47.33,49.2 1 0
github.com/ebogdum/filemanager/internal/backends/ssh/backend.go:52.35,54.2 1 0
github.com/ebogdum/filemanager/internal/backends/ssh/backend.go:57.83,61.17 3 0
github.com/ebogdum/filemanager/internal/backends/ssh/backend.go:61.17,63.3 1 0
github.com/ebogdum/filemanager/internal/backends/ssh/backend.go:65.2,70.16 4 0
github.com/ebogdum/filemanager/internal/backends/ssh/backend.go:70.16,72.3 1 0
github.com/ebogdum/filemanager/internal/backends/ssh/backend.go:75.2,76.16 2 0
github.com/ebogdum/filemanager/internal/backends/ssh/backend.go:76.16,78.3 1 0
github.com/ebogdum/filemanager/internal/backends/ssh/backend.go:79.2,80.15 2 0
github.com/ebogdum/filemanager/internal/backends/ssh/backend.go:80.15,82.3 1 0
github.com/ebogdum/filemanager/internal/backends/ssh/backend.go:83.2,87.18 3 0
github.com/ebogdum/filemanager/internal/backends/ssh/backend.go:87.18,89.3 1 0
github.com/ebogdum/filemanager/internal/backends/ssh/backend.go:90.2,94.16 3 0
github.com/ebogdum/filemanager/internal/backends/ssh/backend.go:94.16,96.3 1 0
github.com/ebogdum/filemanager/internal/backends/ssh/backend.go:97.2,101.16 3 0
github.com/ebogdum/filemanager/internal/backends/ssh/backend.go:101.16,104.3 2 0
github.com/ebogdum/filemanager/internal/backends/ssh/backend.go:105.2,108.12 3 0
github.com/ebogdum/filemanager/internal/backends/ssh/backend.go:112.90,116.32 2 0
github.com/ebogdum/filemanager/internal/backends/ssh/backend.go:116.32,118.17 2 0
github.com/ebogdum/filemanager/internal/backends/ssh/backend.go:118.17,120.4 1 0
github.com/ebogdum/filemanager/internal/backends/ssh/backend.go:121.3,121.60 1 0
github.com/ebogdum/filemanager/internal/backends/ssh/backend.go:125.2,125.58 1 0
github.com/ebogdum/filemanager/internal/backends/ssh/backend.go:125.58,127.3 1 0
github.com/ebogdum/filemanager/internal/backends/ssh/backend.go:130.2,130.27 1 0
github.com/ebogdum/filemanager/internal/backends/ssh/backend.go:130.27,131.51 1 0
github.com/ebogdum/filemanager/internal/backends/ssh/backend.go:131.51,133.4 1 0
github.com/ebogdum/filemanager/internal/backends/ssh/backend.go:136.2,136.27 1 0
github.com/ebogdum/filemanager/internal/backends/ssh/backend.go:136.27,138.3 1 0
github.com/ebogdum/filemanager/internal/backends/ssh/backend.go:140.2,141.20 2 0
github.com/ebogdum/filemanager/internal/backends/ssh/backend.go:141.20,143.3 1 0
github.com/ebogdum/filemanager/internal/backends/ssh/backend.go:146.2,147.16 2 0
github.com/ebogdum/filemanager/internal/backends/ssh/backend.go:147.16,149.3 1 0
github.com/ebogdum/filemanager/internal/backends/ssh/backend.go:151.2,157.23 2 0
github.com/ebogdum/filemanager/internal/backends/ssh/backend.go:161.98,163.96 1 0
github.com/ebogdum/filemanager/internal/backends/ssh/backend.go:163.96,165.3 1 0
github.com/ebogdum/filemanager/internal/backends/ssh/backend.go:168.2,168.75 1 0
github.com/ebogdum/filemanager/internal/backends/ssh/backend.go:168.75,170.3 1 0
github.com/ebogdum/filemanager/internal/backends/ssh/backend.go:173.2,173.97 1 0
github.com/ebogdum/filemanager/internal/backends/ssh/backend.go:173.97,175.3 1 0
github.com/ebogdum/filemanager/internal/backends/ssh/backend.go:178.2,178.27 1 0
github.com/ebogdum/filemanager/internal/backends/ssh/backend.go:178.27,180.17 2 0
github.com/ebogdum/filemanager/internal/backends/ssh/backend.go:180.17,182.4 1 0
github.com/ebogdum/filemanager/internal/backends/ssh/backend.go:187.2,187.36 1 0
github.com/ebogdum/filemanager/internal/backends/ssh/backend.go:191.33,195.18 3 0
github.com/ebogdum/filemanager/internal/backends/ssh/backend.go:195.18,197.3 1 0
github.com/ebogdum/filemanager/internal/backends/ssh/backend.go:199.2,201.25 2 0
github.com/ebogdum/filemanager/internal/backends/ssh/backend.go:201.25,202.46 1 0
github.com/ebogdum/filemanager/internal/backends/ssh/backend.go:202.46,204.4 1 0
github.com/ebogdum/filemanager/internal/backends/ssh/backend.go:205.3,205.21 1 0
github.com/ebogdum/filemanager/internal/backends/ssh/backend.go:208.2,208.24 1 0
github.com/ebogdum/filemanager/internal/backends/ssh/backend.go:208.24,209.45 1 0
github.com/ebogdum/filemanager/internal/backends/ssh/backend.go:209.45,211.4 1 0
github.com/ebogdum/filemanager/internal/backends/ssh/backend.go:212.3,212.20 1 0
github.com/ebogdum/filemanager/internal/backends/ssh/backend.go:215.2,217.19 2 0
github.com/ebogdum/filemanager/internal/backends/ssh/backend.go:217.19,219.3 1 0
github.com/ebogdum/filemanager/internal/backends/ssh/backend.go:220.2,220.12 1 0
github.com/ebogdum/filemanager/internal/backends/ssh/backend.go:224.51,228.18 3 0
github.com/ebogdum/filemanager/internal/backends/ssh/backend.go:228.18,230.3 1 0
github.com/ebogdum/filemanager/internal/backends/ssh/backend.go:233.2,234.12 2 0
github.com/ebogdum/filemanager/internal/backends/ssh/backend.go:238.48,243.19 2 0
github.com/ebogdum/filemanager/internal/backends/ssh/backend.go:243.19,245.3 1 0
github.com/ebogdum/filemanager/internal/backends/ssh/backend.go:248.2,248.22 1 0
github.com/ebogdum/filemanager/internal/backends/ssh/backend.go:248.22,250.3 1 0
github.com/ebogdum/filemanager/internal/backends/ssh/backend.go:252.2,252.10 1 0
github.com/ebogdum/filemanager/internal/backends/ssh/backend.go:256.85,260.18 3 0
github.com/ebogdum/filemanager/internal/backends/ssh/backend.go:260.18,262.3 1 0
github.com/ebogdum/filemanager/internal/backends/ssh/backend.go:264.2,267.16 3 0
github.com/ebogdum/filemanager/internal/backends/ssh/backend.go:267.16,268.25 1 0
github.com/ebogdum/filemanager/internal/backends/ssh/backend.go:268.25,270.4 1 0
github.com/ebogdum/filemanager/internal/backends/ssh/backend.go:271.3,271.27 1 0
github.com/ebogdum/filemanager/internal/backends/ssh/backend.go:271.27,273.4 1 0
github.com/ebogdum/filemanager/internal/backends/ssh/backend.go:274.3,274.18 1 0
github.com/ebogdum/filemanager/internal/backends/ssh/backend.go:277.2,277.18 1 0
github.com/ebogdum/filemanager/internal/backends/ssh/backend.go:281.108,285.18 3 0
github.com/ebogdum/filemanager/internal/backends/ssh/backend.go:285.18,287.3 1 0
github.com/ebogdum/filemanager/internal/backends/ssh/backend.go:289.2,292.21 2 0
github.com/ebogdum/filemanager/internal/backends/ssh/backend.go:292.21,293.55 1 0
github.com/ebogdum/filemanager/internal/backends/ssh/backend.go:293.55,295.4 1 0
github.com/ebogdum/filemanager/internal/backends/ssh/backend.go:299.2,299.21 1 0
github.com/ebogdum/filemanager/internal/backends/ssh/backend.go:299.21,302.52 2 0
github.com/ebogdum/filemanager/internal/backends/ssh/backend.go:302.52,304.4 1 0
github.com/ebogdum/filemanager/internal/backends/ssh/backend.go:308.2,309.15 2 0
github.com/ebogdum/filemanager/internal/backends/ssh/backend.go:309.15,311.3 1 0
github.com/ebogdum/filemanager/internal/backends/ssh/backend.go:314.2,315.16 2 0
github.com/ebogdum/filemanager/internal/backends/ssh/backend.go:315.16,317.3 1 0
github.com/ebogdum/filemanager/internal/backends/ssh/backend.go:318.2,321.44 2 0
github.com/ebogdum/filemanager/internal/backends/ssh/backend.go:321.44,323.3 1 0
github.com/ebogdum/filemanager/internal/backends/ssh/backend.go:326.2,326.58 1 0
github.com/ebogdum/filemanager/internal/backends/ssh/backend.go:326.58,329.3 1 0
github.com/ebogdum/filemanager/internal/backends/ssh/backend.go:331.2,331.12 1 0
github.com/ebogdum/filemanager/internal/backends/ssh/backend.go:335.70,339.18 3 0
github.com/ebogdum/filemanager/internal/backends/ssh/backend.go:339.18,341.3 1 0
github.com/ebogdum/filemanager/internal/backends/ssh/backend.go:343.2,346.16 3 0
github.com/ebogdum/filemanager/internal/backends/ssh/backend.go:346.16,347.25 1 0
github.com/ebogdum/filemanager/internal/backends/ssh/backend.go:347.25,349.4 1 0
github.com/ebogdum/filemanager/internal/backends/ssh/backend.go:350.3,350.13 1 0
github.com/ebogdum/filemanager/internal/backends/ssh/backend.go:353.2,353.18 1 0
github.com/ebogdum/filemanager/internal/backends/ssh/backend.go:353.18,355.3 1 0
github.com/ebogdum/filemanager/internal/backends/ssh/backend.go:357.2,357.53 1 0
github.com/ebogdum/filemanager/internal/backends/ssh/backend.go:357.53,358.27 1 0
github.com/ebogdum/filemanager/internal/backends/ssh/backend.go:358.27,360.4 1 0
github.com/ebogdum/filemanager/internal/backends/ssh/backend.go:361.3,361.13 1 0
github.com/ebogdum/filemanager/internal/backends/ssh/backend.go:364.2,364.12 1 0
github.com/ebogdum/filemanager/internal/backends/ssh/backend.go:368.78,372.18 3 0
github.com/ebogdum/filemanager/internal/backends/ssh/backend.go:372.18,374.3 1 0
github.com/ebogdum/filemanager/internal/backends/ssh/backend.go:376.2,379.16 3 0
github.com/ebogdum/filemanager/internal/backends/ssh/backend.go:379.16,380.25 1 0
github.com/ebogdum/filemanager/internal/backends/ssh/backend.go:380.25,382.4 1 0
github.com/ebogdum/filemanager/internal/backends/ssh/backend.go:383.3,383.20 1 0
github.com/ebogdum/filemanager/internal/backends/ssh/backend.go:386.2,386.18 1 0
github.com/ebogdum/filemanager/internal/backends/ssh/backend.go:390.88,394.18 3 0
github.com/ebogdum/filemanager/internal/backends/ssh/backend.go:394.18,396.3 1 0
github.com/ebogdum/filemanager/internal/backends/ssh/backend.go:398.2,401.16 3 0
github.com/ebogdum/filemanager/internal/backends/ssh/backend.go:401.16,402.25 1 0
github.com/ebogdum/filemanager/internal/backends/ssh/backend.go:402.25,404.4 1 0
github.com/ebogdum/filemanager/internal/backends/ssh/backend.go:405.3,405.18 1 0
github.com/ebogdum/filemanager/internal/backends/ssh/backend.go:408.2,418.37 2 0
github.com/ebogdum/filemanager/internal/backends/ssh/backend.go:418.37,421.17 3 0
github.com/ebogdum/filemanager/internal/backends/ssh/backend.go:421.17,423.4 1 0
github.com/ebogdum/filemanager/internal/backends/ssh/backend.go:427.2,427.35 1 0
github.com/ebogdum/filemanager/internal/backends/ssh/backend.go:427.35,428.43 1 0
github.com/ebogdum/filemanager/internal/backends/ssh/backend.go:428.43,431.4 2 0
github.com/ebogdum/filemanager/internal/backends/ssh/backend.go:434.2,434.22 1 0
github.com/ebogdum/filemanager/internal/backends/ssh/backend.go:438.113,442.18 3 0
github.com/ebogdum/filemanager/internal/backends/ssh/backend.go:442.18,444.3 1 0
github.com/ebogdum/filemanager/internal/backends/ssh/backend.go:446.2,449.16 3 0
github.com/ebogdum/filemanager/internal/backends/ssh/backend.go:449.16,450.25 1 0
github.com/ebogdum/filemanager/internal/backends/ssh/backend.go:450.25,452.4 1 0
github.com/ebogdum/filemanager/internal/backends/ssh/backend.go:453.3,453.18 1 0
github.com/ebogdum/filemanager/internal/backends/ssh/backend.go:456.2,456.19 1 0
github.com/ebogdum/filemanager/internal/backends/ssh/backend.go:456.19,458.3 1 0
github.com/ebogdum/filemanager/internal/backends/ssh/backend.go:460.2,460.20 1 0
github.com/ebogdum/filemanager/internal/backends/ssh/backend.go:460.20,462.3 1 0
github.com/ebogdum/filemanager/internal/backends/ssh/backend.go:464.2,464.37 1 0
github.com/ebogdum/filemanager/internal/backends/ssh/backend.go:467.101,470.20 3 0
github.com/ebogdum/filemanager/internal/backends/ssh/backend.go:470.20,471.38 1 0
github.com/ebogdum/filemanager/internal/backends/ssh/backend.go:471.38,472.12 1 0
github.com/ebogdum/filemanager/internal/backends/ssh/backend.go:475.3,476.59 2 0
github.com/ebogdum/filemanager/internal/backends/ssh/backend.go:476.59,477.20 1 0
github.com/ebogdum/filemanager/internal/backends/ssh/backend.go:477.20,479.5 1 0
github.com/ebogdum/filemanager/internal/backends/ssh/backend.go:480.4,480.12 1 0
github.com/ebogdum/filemanager/internal/backends/ssh/backend.go:482.3,482.52 1 0
github.com/ebogdum/filemanager/internal/backends/ssh/backend.go:482.52,483.12 1 0
github.com/ebogdum/filemanager/internal/backends/ssh/backend.go:486.3,487.61 2 0
github.com/ebogdum/filemanager/internal/backends/ssh/backend.go:487.61,488.9 1 0
github.com/ebogdum/filemanager/internal/backends/ssh/backend.go:491.2,491.21 1 0
github.com/ebogdum/filemanager/internal/backends/ssh/backend.go:494.99,496.16 2 0
github.com/ebogdum/filemanager/internal/backends/ssh/backend.go:496.16,498.3 1 0
github.com/ebogdum/filemanager/internal/backends/ssh/backend.go:500.2,501.32 2 0
github.com/ebogdum/filemanager/internal/backends/ssh/backend.go:501.32,502.41 1 0
github.com/ebogdum/filemanager/internal/backends/ssh/backend.go:502.41,503.12 1 0
github.com/ebogdum/filemanager/internal/backends/ssh/backend.go:505.3,505.60 1 0
github.com/ebogdum/filemanager/internal/backends/ssh/backend.go:505.60,506.12 1 0
github.com/ebogdum/filemanager/internal/backends/ssh/backend.go:508.3,508.53 1 0
github.com/ebogdum/filemanager/internal/backends/ssh/backend.go:508.53,509.12 1 0
github.com/ebogdum/filemanager/internal/backends/ssh/backend.go:512.3,513.61 2 0
github.com/ebogdum/filemanager/internal/backends/ssh/backend.go:513.61,514.9 1 0
github.com/ebogdum/filemanager/internal/backends/ssh/backend.go:517.2,517.21 1 0
github.com/ebogdum/filemanager/internal/backends/ssh/backend.go:520.64,522.2 1 0
github.com/ebogdum/filemanager/internal/backends/ssh/backend.go:524.51,525.19 1 0
github.com/ebogdum/filemanager/internal/backends/ssh/backend.go:525.19,527.3 1 0
github.com/ebogdum/filemanager/internal/backends/ssh/backend.go:528.2,529.30 2 0
github.com/ebogdum/filemanager/internal/backends/ssh/backend.go:532.71,541.35 2 0
github.com/ebogdum/filemanager/internal/backends/ssh/backend.go:541.35,542.43 1 0
github.com/ebogdum/filemanager/internal/backends/ssh/backend.go:542.43,545.4 2 0
github.com/ebogdum/filemanager/internal/backends/ssh/backend.go:547.2,547.17 1 0
github.com/ebogdum/filemanager/internal/backends/ssh/backend.go:551.94,555.18 3 0
github.com/ebogdum/filemanager/internal/backends/ssh/backend.go:555.18,557.3 1 0
github.com/ebogdum/filemanager/internal/backends/ssh/backend.go:559.2,562.15 3 0
github.com/ebogdum/filemanager/internal/backends/ssh/backend.go:562.15,564.3 1 0
github.com/ebogdum/filemanager/internal/backends/ssh/backend.go:566.2,566.20 1 0
github.com/ebogdum/filemanager/internal/backends/ssh/backend.go:566.20,568.3 1 0
github.com/ebogdum/filemanager/internal/backends/ssh/backend.go:570.2,570.52 1 0
github.com/ebogdum/filemanager/internal/backends/ssh/backend.go:570.52,571.22 1 0
github.com/ebogdum/filemanager/internal/backends/ssh/backend.go:571.22,573.4 1 0
github.com/ebogdum/filemanager/internal/backends/ssh/backend.go:574.3,574.27 1 0
github.com/ebogdum/filemanager/internal/backends/ssh/backend.go:574.27,576.4 1 0
github.com/ebogdum/filemanager/internal/backends/ssh/backend.go:577.3,577.13 1 0
github.com/ebogdum/filemanager/internal/backends/ssh/backend.go:581.2,583.12 2 0
github.com/ebogdum/filemanager/internal/backends/ssh/backend.go:587.84,591.18 3 0
github.com/ebogdum/filemanager/internal/backends/ssh/backend.go:591.18,593.3 1 0
github.com/ebogdum/filemanager/internal/backends/ssh/backend.go:595.2,598.16 3 0
github.com/ebogdum/filemanager/internal/backends/ssh/backend.go:598.16,599.25 1 0
github.com/ebogdum/filemanager/internal/backends/ssh/backend.go:599.25,601.4 1 0
github.com/ebogdum/filemanager/internal/backends/ssh/backend.go:602.3,602.13 1 0
github.com/ebogdum/filemanager/internal/backends/ssh/backend.go:605.2,605.19 1 0
github.com/ebogdum/filemanager/internal/backends/ssh/backend.go:605.19,607.3 1 0
github.com/ebogdum/filemanager/internal/backends/ssh/backend.go:609.2,609.15 1 0
github.com/ebogdum/filemanager/internal/backends/ssh/backend.go:609.15,611.3 1 0
github.com/ebogdum/filemanager/internal/backends/ssh/backend.go:613.2,613.62 1 0
github.com/ebogdum/filemanager/internal/backends/ssh/backend.go:613.62,615.57 1 0
github.com/ebogdum/filemanager/internal/backends/ssh/backend.go:615.57,617.4 1 0
github.com/ebogdum/filemanager/internal/backends/ssh/backend.go:618.3,618.13 1 0
github.com/ebogdum/filemanager/internal/backends/ssh/backend.go:621.2,621.12 1 0
github.com/ebogdum/filemanager/internal/backends/ssh/backend.go:625.60,627.16 2 0
github.com/ebogdum/filemanager/internal/backends/ssh/backend.go:627.16,629.3 1 0
github.com/ebogdum/filemanager/internal/backends/ssh/backend.go:631.2,631.32 1 0
github.com/ebogdum/filemanager/internal/backends/ssh/backend.go:631.32,633.20 2 0
github.com/ebogdum/filemanager/internal/backends/ssh/backend.go:633.20,634.58 1 0
github.com/ebogdum/filemanager/internal/backends/ssh/backend.go:634.58,636.5 1 0
github.com/ebogdum/filemanager/internal/backends/ssh/backend.go:637.9,638.57 1 0
github.com/ebogdum/filemanager/internal/backends/ssh/backend.go:638.57,640.5 1 0
github.com/ebogdum/filemanager/internal/backends/ssh/backend.go:644.2,644.46 1 0
github.com/ebogdum/filemanager/internal/backends/ssh/backend.go:649.112,653.2 1 0
github.com/ebogdum/filemanager/internal/backends/ssh/backend.go:656.75,660.18 3 0
github.com/ebogdum/filemanager/internal/backends/ssh/backend.go:660.18,662.3 1 0
github.com/ebogdum/filemanager/internal/backends/ssh/backend.go:664.2,666.46 2 0
github.com/ebogdum/filemanager/internal/backends/ssh/backend.go:670.87,674.18 3 0
github.com/ebogdum/filemanager/internal/backends/ssh/backend.go:674.18,676.3 1 0
github.com/ebogdum/filemanager/internal/backends/ssh/backend.go:678.2,680.42 2 0
github.com/ebogdum/filemanager/internal/backends/ssh/backend.go:684.83,688.18 3 0
github.com/ebogdum/filemanager/internal/backends/ssh/backend.go:688.18,690.3 1 0
github.com/ebogdum/filemanager/internal/backends/ssh/backend.go:692.2,694.46 2 0
github.com/ebogdum/filemanager/internal/backends/ssh/backend.go:698.61,739.2 1 0
github.com/ebogdum/filemanager/internal/backends/ssh/backend.go:743.80,747.18 3 0
github.com/ebogdum/filemanager/internal/backends/ssh/backend.go:747.18,749.3 1 0
github.com/ebogdum/filemanager/internal/backends/ssh/backend.go:751.2,752.16 2 0
github.com/ebogdum/filemanager/internal/backends/ssh/backend.go:752.16,754.3 1 0
github.com/ebogdum/filemanager/internal/backends/ssh/backend.go:755.2,758.16 3 0
github.com/ebogdum/filemanager/internal/backends/ssh/backend.go:758.16,760.3 1 0
github.com/ebogdum/filemanager/internal/backends/ssh/backend.go:762.2,762.20 1 0
github.com/ebogdum/filemanager/internal/backends/ssh/backend.go:766.98,770.18 3 0
github.com/ebogdum/filemanager/internal/backends/ssh/backend.go:770.18,772.3 1 0
github.com/ebogdum/filemanager/internal/backends/ssh/backend.go:774.2,779.16 4 0
github.com/ebogdum/filemanager/internal/backends/ssh/backend.go:779.16,780.25 1 0
github.com/ebogdum/filemanager/internal/backends/ssh/backend.go:780.25,782.4 1 0
github.com/ebogdum/filemanager/internal/backends/ssh/backend.go:783.3,783.13 1 0
github.com/ebogdum/filemanager/internal/backends/ssh/backend.go:785.2,788.21 2 0
github.com/ebogdum/filemanager/internal/backends/ssh/backend.go:788.21,790.52 2 0
github.com/ebogdum/filemanager/internal/backends/ssh/backend.go:790.52,792.4 1 0
github.com/ebogdum/filemanager/internal/backends/ssh/backend.go:796.2,797.15 2 0
github.com/ebogdum/filemanager/internal/backends/ssh/backend.go:797.15,799.49 1 0
github.com/ebogdum/filemanager/internal/backends/ssh/backend.go:799.49,801.4 1 0
github.com/ebogdum/filemanager/internal/backends/ssh/backend.go:801.9,803.4 1 0
github.com/ebogdum/filemanager/internal/backends/ssh/backend.go:806.2,807.16 2 0
github.com/ebogdum/filemanager/internal/backends/ssh/backend.go:807.16,809.3 1 0
github.com/ebogdum/filemanager/internal/backends/ssh/backend.go:810.2,813.53 2 0
github.com/ebogdum/filemanager/internal/backends/ssh/backend.go:813.53,815.3 1 0
github.com/ebogdum/filemanager/internal/backends/ssh/backend.go:818.2,820.12 2 0
github.com/ebogdum/filemanager/internal/backends/ssh/pool.go:34.37,42.2 1 0
github.com/ebogdum/filemanager/internal/backends/ssh/pool.go:71.59,76.2 1 0
github.com/ebogdum/filemanager/internal/backends/ssh/pool.go:79.78,85.39 5 0
github.com/ebogdum/filemanager/internal/backends/ssh/pool.go:85.39,87.3 1 0
github.com/ebogdum/filemanager/internal/backends/ssh/pool.go:91.78,95.14 3 0
github.com/ebogdum/filemanager/internal/backends/ssh/pool.go:95.14,97.3 1 0
github.com/ebogdum/filemanager/internal/backends/ssh/pool.go:100.2,100.37 1 0
github.com/ebogdum/filemanager/internal/backends/ssh/pool.go:100.37,101.39 1 0
github.com/ebogdum/filemanager/internal/backends/ssh/pool.go:101.39,105.4 3 0
github.com/ebogdum/filemanager/internal/backends/ssh/pool.go:109.2,109.50 1 0
github.com/ebogdum/filemanager/internal/backends/ssh/pool.go:109.50,111.17 2 0
github.com/ebogdum/filemanager/internal/backends/ssh/pool.go:111.17,113.4 1 0
github.com/ebogdum/filemanager/internal/backends/ssh/pool.go:114.3,115.19 2 0
github.com/ebogdum/filemanager/internal/backends/ssh/pool.go:121.2,121.53 1 0
github.com/ebogdum/filemanager/internal/backends/ssh/pool.go:125.54,129.17 3 0
github.com/ebogdum/filemanager/internal/backends/ssh/pool.go:129.17,131.3 1 0
github.com/ebogdum/filemanager/internal/backends/ssh/pool.go:133.2,134.30 2 0
github.com/ebogdum/filemanager/internal/backends/ssh/pool.go:138.58,142.17 3 0
github.com/ebogdum/filemanager/internal/backends/ssh/pool.go:142.17,144.3 1 0
github.com/ebogdum/filemanager/internal/backends/ssh/pool.go:147.2,147.28 1 0
github.com/ebogdum/filemanager/internal/backends/ssh/pool.go:147.28,149.3 1 0
github.com/ebogdum/filemanager/internal/backends/ssh/pool.go:150.2,150.27 1 0
github.com/ebogdum/filemanager/internal/backends/ssh/pool.go:150.27,152.3 1 0
github.com/ebogdum/filemanager/internal/backends/ssh/pool.go:155.2,155.34 1 0
github.com/ebogdum/filemanager/internal/backends/ssh/pool.go:155.34,156.16 1 0
github.com/ebogdum/filemanager/internal/backends/ssh/pool.go:156.16,158.9 2 0
github.com/ebogdum/filemanager/internal/backends/ssh/pool.go:164.40,174.37 6 0
github.com/ebogdum/filemanager/internal/backends/ssh/pool.go:174.37,175.29 1 0
github.com/ebogdum/filemanager/internal/backends/ssh/pool.go:175.29,176.50 1 0
github.com/ebogdum/filemanager/internal/backends/ssh/pool.go:176.50,178.5 1 0
github.com/ebogdum/filemanager/internal/backends/ssh/pool.go:180.3,180.28 1 0
github.com/ebogdum/filemanager/internal/backends/ssh/pool.go:180.28,181.49 1 0
github.com/ebogdum/filemanager/internal/backends/ssh/pool.go:181.49,183.5 1 0
github.com/ebogdum/filemanager/internal/backends/ssh/pool.go:187.2,189.19 2 0
github.com/ebogdum/filemanager/internal/backends/ssh/pool.go:189.19,191.3 1 0
github.com/ebogdum/filemanager/internal/backends/ssh/pool.go:192.2,192.12 1 0
github.com/ebogdum/filemanager/internal/backends/ssh/pool.go:196.91,197.19 1 0
github.com/ebogdum/filemanager/internal/backends/ssh/pool.go:197.19,199.3 1 0
github.com/ebogdum/filemanager/internal/backends/ssh/pool.go:201.2,205.62 3 0
github.com/ebogdum/filemanager/internal/backends/ssh/pool.go:205.62,206.18 1 0
github.com/ebogdum/filemanager/internal/backends/ssh/pool.go:206.18,207.11 1 0
github.com/ebogdum/filemanager/internal/backends/ssh/pool.go:208.22,209.26 1 0
github.com/ebogdum/filemanager/internal/backends/ssh/pool.go:210.43,210.43 0 0
github.com/ebogdum/filemanager/internal/backends/ssh/pool.go:214.3,215.17 2 0
github.com/ebogdum/filemanager/internal/backends/ssh/pool.go:215.17,216.9 1 0
github.com/ebogdum/filemanager/internal/backends/ssh/pool.go:220.2,220.16 1 0
github.com/ebogdum/filemanager/internal/backends/ssh/pool.go:220.16,222.3 1 0
github.com/ebogdum/filemanager/internal/backends/ssh/pool.go:225.2,226.16 2 0
github.com/ebogdum/filemanager/internal/backends/ssh/pool.go:226.16,229.3 2 0
github.com/ebogdum/filemanager/internal/backends/ssh/pool.go:231.2,238.8 2 0
github.com/ebogdum/filemanager/internal/backends/ssh/pool.go:242.65,243.68 1 0
github.com/ebogdum/filemanager/internal/backends/ssh/pool.go:243.68,245.3 1 0
github.com/ebogdum/filemanager/internal/backends/ssh/pool.go:248.2,248.56 1 0
github.com/ebogdum/filemanager/internal/backends/ssh/pool.go:248.56,250.3 1 0
github.com/ebogdum/filemanager/internal/backends/ssh/pool.go:253.2,254.19 2 0
github.com/ebogdum/filemanager/internal/backends/ssh/pool.go:258.36,263.37 4 0
github.com/ebogdum/filemanager/internal/backends/ssh/pool.go:263.37,264.44 1 0
github.com/ebogdum/filemanager/internal/backends/ssh/pool.go:264.44,266.4 1 0
github.com/ebogdum/filemanager/internal/backends/ssh/pool.go:266.9,268.30 1 0
github.com/ebogdum/filemanager/internal/backends/ssh/pool.go:268.30,270.5 1 0
github.com/ebogdum/filemanager/internal/backends/ssh/pool.go:271.4,271.29 1 0
github.com/ebogdum/filemanager/internal/backends/ssh/pool.go:271.29,273.5 1 0
github.com/ebogdum/filemanager/internal/backends/ssh/pool.go:276.2,276.25 1 0
github.com/ebogdum/filemanager/internal/backends/ssh/pool.go:280.71,281.68 1 0
github.com/ebogdum/filemanager/internal/backends/ssh/pool.go:281.68,283.3 1 0
github.com/ebogdum/filemanager/internal/backends/ssh/pool.go:286.2,286.56 1 0
github.com/ebogdum/filemanager/internal/backends/ssh/pool.go:286.56,288.3 1 0
github.com/ebogdum/filemanager/internal/backends/ssh/pool.go:290.2,290.13 1 0
github.com/ebogdum/filemanager/internal/backends/ssh/pool.go:302.44,310.37 4 0
github.com/ebogdum/filemanager/internal/backends/ssh/pool.go:310.37,311.17 1 0
github.com/ebogdum/filemanager/internal/backends/ssh/pool.go:311.17,313.4 1 0
github.com/ebogdum/filemanager/internal/backends/ssh/pool.go:313.9,315.60 2 0
github.com/ebogdum/filemanager/internal/backends/ssh/pool.go:315.60,317.5 1 0
github.com/ebogdum/filemanager/internal/backends/ssh/pool.go:321.2,321.14 1 0
github.com/ebogdum/filemanager/internal/backends/ssh/pool.go:326.64,327.39 1 0
github.com/ebogdum/filemanager/internal/backends/ssh/pool.go:327.39,329.3 1 0
github.com/ebogdum/filemanager/internal/backends/ssh/pool.go:331.2,333.14 2 0
github.com/ebogdum/filemanager/internal/backends/ssh/pool.go:333.14,336.3 2 0
github.com/ebogdum/filemanager/internal/backends/ssh/pool.go:338.2,338.30 1 0
github.com/ebogdum/filemanager/internal/backends/ssh/pool.go:338.30,341.3 2 0
github.com/ebogdum/filemanager/internal/backends/ssh/pool.go:342.2,346.12 4 0
github.com/ebogdum/filemanager/internal/backends/ssh/pool.go:346.12,351.7 4 0
github.com/ebogdum/filemanager/internal/backends/ssh/pool.go:351.7,352.11 1 0
github.com/ebogdum/filemanager/internal/backends/ssh/pool.go:353.22,354.11 1 0
github.com/ebogdum/filemanager/internal/backends/ssh/pool.go:355.29,356.11 1 0
github.com/ebogdum/filemanager/internal/backends/ssh/pool.go:357.20,359.17 2 0
github.com/ebogdum/filemanager/internal/backends/ssh/pool.go:359.17,362.6 2 0
github.com/ebogdum/filemanager/internal/backends/ssh/pool.go:363.5,364.16 2 0
github.com/ebogdum/filemanager/internal/backends/ssh/pool.go:371.44,373.30 2 0
github.com/ebogdum/filemanager/internal/backends/ssh/pool.go:373.30,376.3 2 0
github.com/ebogdum/filemanager/internal/backends/ssh/pool.go:377.2,387.15 9 0
github.com/ebogdum/filemanager/internal/backends/ssh/pool.go:391.71,392.37 1 0
github.com/ebogdum/filemanager/internal/backends/ssh/pool.go:392.37,394.3 1 0
github.com/ebogdum/filemanager/internal/backends/ssh/pool.go:396.2,396.29 1 0
github.com/ebogdum/filemanager/internal/backends/ssh/pool.go:396.29,398.17 2 0
github.com/ebogdum/filemanager/internal/backends/ssh/pool.go:398.17,400.4 1 0
github.com/ebogdum/filemanager/internal/backends/ssh/pool.go:401.3,401.14 1 0
github.com/ebogdum/filemanager/internal/backends/ssh/pool.go:404.2,404.12 1 0
github.com/ebogdum/filemanager/internal/backends/ssh/pool.go:408.37,412.2 3 0
github.com/ebogdum/filemanager/internal/backends/s3/backend.go:63.21,65.2 1 0
github.com/ebogdum/filemanager/internal/backends/s3/backend.go:68.33,70.2 1 0
github.com/ebogdum/filemanager/internal/backends/s3/backend.go:73.35,75.2 1 0
github.com/ebogdum/filemanager/internal/backends/s3/backend.go:78.80,81.18 2 0
github.com/ebogdum/filemanager/internal/backends/s3/backend.go:81.18,83.3 1 0
github.com/ebogdum/filemanager/internal/backends/s3/backend.go:84.2,87.18 3 0
github.com/ebogdum/filemanager/internal/backends/s3/backend.go:87.18,89.3 1 0
github.com/ebogdum/filemanager/internal/backends/s3/backend.go:90.2,105.40 9 0
github.com/ebogdum/filemanager/internal/backends/s3/backend.go:105.40,109.3 1 0
github.com/ebogdum/filemanager/internal/backends/s3/backend.go:111.2,112.16 2 0
github.com/ebogdum/filemanager/internal/backends/s3/backend.go:112.16,114.3 1 0
github.com/ebogdum/filemanager/internal/backends/s3/backend.go:117.2,120.22 2 0
github.com/ebogdum/filemanager/internal/backends/s3/backend.go:120.22,121.47 1 0
github.com/ebogdum/filemanager/internal/backends/s3/backend.go:121.47,124.4 2 0
github.com/ebogdum/filemanager/internal/backends/s3/backend.go:127.2,130.12 3 0
github.com/ebogdum/filemanager/internal/backends/s3/backend.go:134.33,137.2 2 0
github.com/ebogdum/filemanager/internal/backends/s3/backend.go:140.51,141.18 1 0
github.com/ebogdum/filemanager/internal/backends/s3/backend.go:141.18,143.3 1 0
github.com/ebogdum/filemanager/internal/backends/s3/backend.go:145.2,148.12 2 0
github.com/ebogdum/filemanager/internal/backends/s3/backend.go:152.80,159.16 3 0
github.com/ebogdum/filemanager/internal/backends/s3/backend.go:159.16,160.27 1 0
github.com/ebogdum/filemanager/internal/backends/s3/backend.go:160.27,162.4 1 0
github.com/ebogdum/filemanager/internal/backends/s3/backend.go:163.3,163.58 1 0
github.com/ebogdum/filemanager/internal/backends/s3/backend.go:166.2,166.25 1 0
github.com/ebogdum/filemanager/internal/backends/s3/backend.go:170.103,179.28 3 0
github.com/ebogdum/filemanager/internal/backends/s3/backend.go:179.28,181.3 1 0
github.com/ebogdum/filemanager/internal/backends/s3/backend.go:183.2,183.28 1 0
github.com/ebogdum/filemanager/internal/backends/s3/backend.go:183.28,185.3 1 0
github.com/ebogdum/filemanager/internal/backends/s3/backend.go:187.2,188.16 2 0
github.com/ebogdum/filemanager/internal/backends/s3/backend.go:188.16,190.3 1 0
github.com/ebogdum/filemanager/internal/backends/s3/backend.go:192.2,192.12 1 0
github.com/ebogdum/filemanager/internal/backends/s3/backend.go:196.65,203.16 3 0
github.com/ebogdum/filemanager/internal/backends/s3/backend.go:203.16,205.3 1 0
github.com/ebogdum/filemanager/internal/backends/s3/backend.go:207.2,207.12 1 0
github.com/ebogdum/filemanager/internal/backends/s3/backend.go:211.73,218.16 3 0
github.com/ebogdum/filemanager/internal/backends/s3/backend.go:218.16,219.27 1 0
github.com/ebogdum/filemanager/internal/backends/s3/backend.go:219.27,221.4 1 0
github.com/ebogdum/filemanager/internal/backends/s3/backend.go:222.3,222.61 1 0
github.com/ebogdum/filemanager/internal/backends/s3/backend.go:225.2,225.18 1 0
github.com/ebogdum/filemanager/internal/backends/s3/backend.go:229.83,236.16 3 0
github.com/ebogdum/filemanager/internal/backends/s3/backend.go:236.16,237.27 1 0
github.com/ebogdum/filemanager/internal/backends/s3/backend.go:237.27,239.4 1 0
github.com/ebogdum/filemanager/internal/backends/s3/backend.go:240.3,240.59 1 0
github.com/ebogdum/filemanager/internal/backends/s3/backend.go:243.2,261.44 3 0
github.com/ebogdum/filemanager/internal/backends/s3/backend.go:261.44,263.41 2 0
github.com/ebogdum/filemanager/internal/backends/s3/backend.go:263.41,265.4 1 0
github.com/ebogdum/filemanager/internal/backends/s3/backend.go:268.2,268.18 1 0
github.com/ebogdum/filemanager/internal/backends/s3/backend.go:272.112,274.61 2 0
github.com/ebogdum/filemanager/internal/backends/s3/backend.go:274.61,276.3 1 0
github.com/ebogdum/filemanager/internal/backends/s3/backend.go:278.2,283.21 2 0
github.com/ebogdum/filemanager/internal/backends/s3/backend.go:283.21,285.3 1 0
github.com/ebogdum/filemanager/internal/backends/s3/backend.go:287.2,287.25 1 0
github.com/ebogdum/filemanager/internal/backends/s3/backend.go:287.25,289.3 1 0
github.com/ebogdum/filemanager/internal/backends/s3/backend.go:291.2,294.31 3 0
github.com/ebogdum/filemanager/internal/backends/s3/backend.go:294.31,296.17 2 0
github.com/ebogdum/filemanager/internal/backends/s3/backend.go:296.17,298.4 1 0
github.com/ebogdum/filemanager/internal/backends/s3/backend.go:301.3,301.48 1 0
github.com/ebogdum/filemanager/internal/backends/s3/backend.go:301.48,309.4 3 0
github.com/ebogdum/filemanager/internal/backends/s3/backend.go:312.3,312.39 1 0
github.com/ebogdum/filemanager/internal/backends/s3/backend.go:312.39,315.18 3 0
github.com/ebogdum/filemanager/internal/backends/s3/backend.go:315.18,316.13 1 0
github.com/ebogdum/filemanager/internal/backends/s3/backend.go:318.4,326.6 1 0
github.com/ebogdum/filemanager/internal/backends/s3/backend.go:329.3,329.59 1 0
github.com/ebogdum/filemanager/internal/backends/s3/backend.go:329.59,330.9 1 0
github.com/ebogdum/filemanager/internal/backends/s3/backend.go:334.2,334.19 1 0
github.com/ebogdum/filemanager/internal/backends/s3/backend.go:338.93,340.41 2 0
github.com/ebogdum/filemanager/internal/backends/s3/backend.go:340.41,342.3 1 0
github.com/ebogdum/filemanager/internal/backends/s3/backend.go:344.2,349.16 2 0
github.com/ebogdum/filemanager/internal/backends/s3/backend.go:349.16,351.3 1 0
github.com/ebogdum/filemanager/internal/backends/s3/backend.go:353.2,353.12 1 0
github.com/ebogdum/filemanager/internal/backends/s3/backend.go:357.83,359.41 2 0
github.com/ebogdum/filemanager/internal/backends/s3/backend.go:359.41,361.3 1 0
github.com/ebogdum/filemanager/internal/backends/s3/backend.go:363.2,363.15 1 0
github.com/ebogdum/filemanager/internal/backends/s3/backend.go:363.15,371.32 3 0
github.com/ebogdum/filemanager/internal/backends/s3/backend.go:371.32,373.18 2 0
github.com/ebogdum/filemanager/internal/backends/s3/backend.go:373.18,375.5 1 0
github.com/ebogdum/filemanager/internal/backends/s3/backend.go:377.4,377.33 1 0
github.com/ebogdum/filemanager/internal/backends/s3/backend.go:377.33,378.13 1 0
github.com/ebogdum/filemanager/internal/backends/s3/backend.go:382.4,383.40 2 0
github.com/ebogdum/filemanager/internal/backends/s3/backend.go:383.40,387.5 1 0
github.com/ebogdum/filemanager/internal/backends/s3/backend.go:389.4,396.18 2 0
github.com/ebogdum/filemanager/internal/backends/s3/backend.go:396.18,398.5 1 0
github.com/ebogdum/filemanager/internal/backends/s3/backend.go:400.8,406.17 2 0
github.com/ebogdum/filemanager/internal/backends/s3/backend.go:406.17,408.4 1 0
github.com/ebogdum/filemanager/internal/backends/s3/backend.go:411.2,411.12 1 0
github.com/ebogdum/filemanager/internal/backends/s3/backend.go:415.108,417.2 1 0
github.com/ebogdum/filemanager/internal/backends/s3/backend.go:420.75,422.2 1 0
github.com/ebogdum/filemanager/internal/backends/s3/backend.go:425.83,427.2 1 0
github.com/ebogdum/filemanager/internal/backends/s3/backend.go:430.79,432.2 1 0
github.com/ebogdum/filemanager/internal/backends/s3/backend.go:435.61,458.2 1 0
github.com/ebogdum/filemanager/internal/backends/s3/backend.go:463.80,474.16 5 0
github.com/ebogdum/filemanager/internal/backends/s3/backend.go:474.16,476.3 1 0
github.com/ebogdum/filemanager/internal/backends/s3/backend.go:478.2,478.12 1 0
github.com/ebogdum/filemanager/internal/backends/s3/backend.go:482.98,493.16 4 0
github.com/ebogdum/filemanager/internal/backends/s3/backend.go:493.16,495.3 1 0
github.com/ebogdum/filemanager/internal/backends/s3/backend.go:497.2,497.12 1 0
github.com/ebogdum/filemanager/internal/backends/s3/backend.go:501.87,508.16 3 0
github.com/ebogdum/filemanager/internal/backends/s3/backend.go:508.16,510.3 1 0
github.com/ebogdum/filemanager/internal/backends/s3/backend.go:512.2,513.36 2 0
github.com/ebogdum/filemanager/internal/backends/s3/backend.go:513.36,515.3 1 0
github.com/ebogdum/filemanager/internal/backends/s3/backend.go:517.2,517.18 1 0
github.com/ebogdum/filemanager/internal/backends/s3/backend.go:521.90,525.25 3 0
github.com/ebogdum/filemanager/internal/backends/s3/backend.go:525.25,530.3 1 0
github.com/ebogdum/filemanager/internal/backends/s3/backend.go:532.2,539.16 2 0
github.com/ebogdum/filemanager/internal/backends/s3/backend.go:539.16,541.3 1 0
github.com/ebogdum/filemanager/internal/backends/s3/backend.go:543.2,543.12 1 0
github.com/ebogdum/filemanager/internal/backends/s3/backend.go:547.69,554.16 3 0
github.com/ebogdum/filemanager/internal/backends/s3/backend.go:554.16,556.3 1 0
github.com/ebogdum/filemanager/internal/backends/s3/backend.go:558.2,558.12 1 0
github.com/ebogdum/filemanager/internal/backends/s3/backend.go:562.95,572.16 4 0
github.com/ebogdum/filemanager/internal/backends/s3/backend.go:572.16,574.3 1 0
github.com/ebogdum/filemanager/internal/backends/s3/backend.go:576.2,576.12 1 0
github.com/ebogdum/filemanager/internal/backends/s3/backend.go:580.97,584.31 3 0
github.com/ebogdum/filemanager/internal/backends/s3/backend.go:585.19,586.36 1 0
github.com/ebogdum/filemanager/internal/backends/s3/backend.go:587.14,588.31 1 0
github.com/ebogdum/filemanager/internal/backends/s3/backend.go:591.2,601.16 2 0
github.com/ebogdum/filemanager/internal/backends/s3/backend.go:601.16,603.3 1 0
github.com/ebogdum/filemanager/internal/backends/s3/backend.go:605.2,605.12 1 0
github.com/ebogdum/filemanager/internal/backends/s3/backend.go:609.86,616.16 3 0
github.com/ebogdum/filemanager/internal/backends/s3/backend.go:616.16,617.27 1 0
github.com/ebogdum/filemanager/internal/backends/s3/backend.go:617.27,619.4 1 0
github.com/ebogdum/filemanager/internal/backends/s3/backend.go:620.3,620.59 1 0
github.com/ebogdum/filemanager/internal/backends/s3/backend.go:623.2,641.33 2 0
github.com/ebogdum/filemanager/internal/backends/s3/backend.go:641.33,643.3 1 0
github.com/ebogdum/filemanager/internal/backends/s3/backend.go:644.2,644.45 1 0
github.com/ebogdum/filemanager/internal/backends/s3/backend.go:644.45,646.3 1 0
github.com/ebogdum/filemanager/internal/backends/s3/backend.go:647.2,647.75 1 0
github.com/ebogdum/filemanager/internal/backends/s3/backend.go:647.75,649.3 1 0
github.com/ebogdum/filemanager/internal/backends/s3/backend.go:650.2,650.27 1 0
github.com/ebogdum/filemanager/internal/backends/s3/backend.go:650.27,652.3 1 0
github.com/ebogdum/filemanager/internal/backends/s3/backend.go:655.2,659.44 2 0
github.com/ebogdum/filemanager/internal/backends/s3/backend.go:659.44,661.41 2 0
github.com/ebogdum/filemanager/internal/backends/s3/backend.go:661.41,663.4 1 0
github.com/ebogdum/filemanager/internal/backends/s3/backend.go:666.2,666.18 1 0
github.com/ebogdum/filemanager/internal/backends/s3/backend.go:671.47,672.24 1 0
github.com/ebogdum/filemanager/internal/backends/s3/backend.go:672.24,674.3 1 0
github.com/ebogdum/filemanager/internal/backends/s3/backend.go:675.2,675.37 1 0
github.com/ebogdum/filemanager/internal/backends/s3/backend.go:678.38,682.2 3 0
github.com/ebogdum/filemanager/internal/datasources/compare/datasource.go:31.51,33.2 1 0
github.com/ebogdum/filemanager/internal/datasources/compare/datasource.go:110.126,112.2 1 0
github.com/ebogdum/filemanager/internal/datasources/compare/datasource.go:115.120,280.2 1 0
github.com/ebogdum/filemanager/internal/datasources/compare/datasource.go:283.129,284.29 1 0
github.com/ebogdum/filemanager/internal/datasources/compare/datasource.go:284.29,286.3 1 0
github.com/ebogdum/filemanager/internal/datasources/compare/datasource.go:288.2,289.9 2 0
github.com/ebogdum/filemanager/internal/datasources/compare/datasource.go:289.9,295.3 2 0
github.com/ebogdum/filemanager/internal/datasources/compare/datasource.go:297.2,297.19 1 0
github.com/ebogdum/filemanager/internal/datasources/compare/datasource.go:301.114,305.33 3 0
github.com/ebogdum/filemanager/internal/datasources/compare/datasource.go:305.33,307.3 1 0
github.com/ebogdum/filemanager/internal/datasources/compare/datasource.go:309.2,310.16 2 0
github.com/ebogdum/filemanager/internal/datasources/compare/datasource.go:310.16,313.3 2 0
github.com/ebogdum/filemanager/internal/datasources/compare/datasource.go:315.2,316.16 2 0
github.com/ebogdum/filemanager/internal/datasources/compare/datasource.go:316.16,319.3 2 0
github.com/ebogdum/filemanager/internal/datasources/compare/datasource.go:321.2,322.16 2 0
github.com/ebogdum/filemanager/internal/datasources/compare/datasource.go:322.16,325.3 2 0
github.com/ebogdum/filemanager/internal/datasources/compare/datasource.go:327.2,328.16 2 0
github.com/ebogdum/filemanager/internal/datasources/compare/datasource.go:328.16,331.3 2 0
github.com/ebogdum/filemanager/internal/datasources/compare/datasource.go:333.2,337.36 4 0
github.com/ebogdum/filemanager/internal/datasources/compare/datasource.go:337.36,341.3 3 0
github.com/ebogdum/filemanager/internal/datasources/compare/datasource.go:343.2,344.16 2 0
github.com/ebogdum/filemanager/internal/datasources/compare/datasource.go:344.16,347.3 2 0
github.com/ebogdum/filemanager/internal/datasources/compare/datasource.go:349.2,349.68 1 0
github.com/ebogdum/filemanager/internal/datasources/compare/datasource.go:349.68,352.3 2 0
github.com/ebogdum/filemanager/internal/datasources/compare/datasource.go:354.2,358.104 4 0
github.com/ebogdum/filemanager/internal/datasources/compare/datasource.go:358.104,361.3 2 0
github.com/ebogdum/filemanager/internal/datasources/compare/datasource.go:363.2,369.56 5 0
github.com/ebogdum/filemanager/internal/datasources/compare/datasource.go:372.84,382.35 2 0
github.com/ebogdum/filemanager/internal/datasources/compare/datasource.go:382.35,384.3 1 0
github.com/ebogdum/filemanager/internal/datasources/compare/datasource.go:385.2,385.36 1 0
github.com/ebogdum/filemanager/internal/datasources/compare/datasource.go:385.36,387.3 1 0
github.com/ebogdum/filemanager/internal/datasources/compare/datasource.go:388.2,388.32 1 0
github.com/ebogdum/filemanager/internal/datasources/compare/datasource.go:388.32,390.3 1 0
github.com/ebogdum/filemanager/internal/datasources/compare/datasource.go:391.2,391.32 1 0
github.com/ebogdum/filemanager/internal/datasources/compare/datasource.go:391.32,393.3 1 0
github.com/ebogdum/filemanager/internal/datasources/compare/datasource.go:394.2,394.33 1 0
github.com/ebogdum/filemanager/internal/datasources/compare/datasource.go:394.33,396.3 1 0
github.com/ebogdum/filemanager/internal/datasources/compare/datasource.go:397.2,397.33 1 0
github.com/ebogdum/filemanager/internal/datasources/compare/datasource.go:397.33,399.3 1 0
github.com/ebogdum/filemanager/internal/datasources/compare/datasource.go:400.2,400.84 1 0
github.com/ebogdum/filemanager/internal/datasources/compare/datasource.go:400.84,402.3 1 0
github.com/ebogdum/filemanager/internal/datasources/compare/datasource.go:403.2,403.78 1 0
github.com/ebogdum/filemanager/internal/datasources/compare/datasource.go:403.78,405.17 2 0
github.com/ebogdum/filemanager/internal/datasources/compare/datasource.go:405.17,407.4 1 0
github.com/ebogdum/filemanager/internal/datasources/compare/datasource.go:408.3,408.34 1 0
github.com/ebogdum/filemanager/internal/datasources/compare/datasource.go:410.2,410.18 1 0
github.com/ebogdum/filemanager/internal/datasources/compare/datasource.go:413.145,415.16 2 0
github.com/ebogdum/filemanager/internal/datasources/compare/datasource.go:415.16,417.3 1 0
github.com/ebogdum/filemanager/internal/datasources/compare/datasource.go:418.2,419.16 2 0
github.com/ebogdum/filemanager/internal/datasources/compare/datasource.go:419.16,421.3 1 0
github.com/ebogdum/filemanager/internal/datasources/compare/datasource.go:422.2,422.40 1 0
github.com/ebogdum/filemanager/internal/datasources/compare/datasource.go:425.144,447.19 21 0
github.com/ebogdum/filemanager/internal/datasources/compare/datasource.go:447.19,449.3 1 0
github.com/ebogdum/filemanager/internal/datasources/compare/datasource.go:450.2,450.19 1 0
github.com/ebogdum/filemanager/internal/datasources/compare/datasource.go:450.19,452.3 1 0
github.com/ebogdum/filemanager/internal/datasources/compare/datasource.go:453.2,455.29 3 0
github.com/ebogdum/filemanager/internal/datasources/compare/datasource.go:458.165,460.16 2 0
github.com/ebogdum/filemanager/internal/datasources/compare/datasource.go:460.16,462.3 1 0
github.com/ebogdum/filemanager/internal/datasources/compare/datasource.go:463.2,464.16 2 0
github.com/ebogdum/filemanager/internal/datasources/compare/datasource.go:464.16,466.3 1 0
github.com/ebogdum/filemanager/internal/datasources/compare/datasource.go:467.2,467.36 1 0
github.com/ebogdum/filemanager/internal/datasources/compare/datasource.go:470.73,471.22 1 0
github.com/ebogdum/filemanager/internal/datasources/compare/datasource.go:471.22,473.3 1 0
github.com/ebogdum/filemanager/internal/datasources/compare/datasource.go:474.2,474.22 1 0
github.com/ebogdum/filemanager/internal/datasources/compare/datasource.go:474.22,476.3 1 0
github.com/ebogdum/filemanager/internal/datasources/compare/datasource.go:477.2,477.12 1 0
github.com/ebogdum/filemanager/internal/datasources/compare/datasource.go:480.102,492.2 10 0
github.com/ebogdum/filemanager/internal/datasources/compare/datasource.go:494.145,495.22 1 0
github.com/ebogdum/filemanager/internal/datasources/compare/datasource.go:495.22,498.17 3 0
github.com/ebogdum/filemanager/internal/datasources/compare/datasource.go:498.17,501.4 2 0
github.com/ebogdum/filemanager/internal/datasources/compare/datasource.go:502.8,504.3 1 0
github.com/ebogdum/filemanager/internal/datasources/compare/datasource.go:506.2,506.22 1 0
github.com/ebogdum/filemanager/internal/datasources/compare/datasource.go:506.22,509.17 3 0
github.com/ebogdum/filemanager/internal/datasources/compare/datasource.go:509.17,512.4 2 0
github.com/ebogdum/filemanager/internal/datasources/compare/datasource.go:513.8,515.3 1 0
github.com/ebogdum/filemanager/internal/datasources/compare/datasource.go:517.2,517.23 1 0
github.com/ebogdum/filemanager/internal/datasources/compare/datasource.go:517.23,520.18 3 0
github.com/ebogdum/filemanager/internal/datasources/compare/datasource.go:520.18,521.40 1 0
github.com/ebogdum/filemanager/internal/datasources/compare/datasource.go:521.40,523.5 1 0
github.com/ebogdum/filemanager/internal/datasources/compare/datasource.go:524.4,524.40 1 0
github.com/ebogdum/filemanager/internal/datasources/compare/datasource.go:524.40,526.5 1 0
github.com/ebogdum/filemanager/internal/datasources/compare/datasource.go:527.4,527.27 1 0
github.com/ebogdum/filemanager/internal/datasources/compare/datasource.go:529.8,531.3 1 0
github.com/ebogdum/filemanager/internal/datasources/compare/datasource.go:533.2,533.23 1 0
github.com/ebogdum/filemanager/internal/datasources/compare/datasource.go:533.23,536.18 3 0
github.com/ebogdum/filemanager/internal/datasources/compare/datasource.go:536.18,539.4 2 0
github.com/ebogdum/filemanager/internal/datasources/compare/datasource.go:540.8,542.3 1 0
github.com/ebogdum/filemanager/internal/datasources/compare/datasource.go:545.88,546.20 1 0
github.com/ebogdum/filemanager/internal/datasources/compare/datasource.go:546.20,548.3 1 0
github.com/ebogdum/filemanager/internal/datasources/compare/datasource.go:549.2,550.14 2 0
github.com/ebogdum/filemanager/internal/datasources/compare/datasource.go:550.14,552.3 1 0
github.com/ebogdum/filemanager/internal/datasources/compare/datasource.go:553.2,553.26 1 0
github.com/ebogdum/filemanager/internal/datasources/compare/datasource.go:556.198,557.51 1 0
github.com/ebogdum/filemanager/internal/datasources/compare/datasource.go:557.51,563.3 5 0
github.com/ebogdum/filemanager/internal/datasources/compare/datasource.go:565.2,566.16 2 0
github.com/ebogdum/filemanager/internal/datasources/compare/datasource.go:566.16,568.3 1 0
github.com/ebogdum/filemanager/internal/datasources/compare/datasource.go:569.2,570.16 2 0
github.com/ebogdum/filemanager/internal/datasources/compare/datasource.go:570.16,572.3 1 0
github.com/ebogdum/filemanager/internal/datasources/compare/datasource.go:574.2,579.26 5 0
github.com/ebogdum/filemanager/internal/datasources/compare/datasource.go:579.26,582.21 3 0
github.com/ebogdum/filemanager/internal/datasources/compare/datasource.go:582.21,585.4 2 0
github.com/ebogdum/filemanager/internal/datasources/compare/datasource.go:586.8,588.3 1 0
github.com/ebogdum/filemanager/internal/datasources/compare/datasource.go:590.2,590.25 1 0
github.com/ebogdum/filemanager/internal/datasources/compare/datasource.go:590.25,593.20 3 0
github.com/ebogdum/filemanager/internal/datasources/compare/datasource.go:593.20,596.4 2 0
github.com/ebogdum/filemanager/internal/datasources/compare/datasource.go:597.8,599.3 1 0
github.com/ebogdum/filemanager/internal/datasources/compare/datasource.go:601.2,601.12 1 0
github.com/ebogdum/filemanager/internal/datasources/compare/datasource.go:604.103,606.16 2 0
github.com/ebogdum/filemanager/internal/datasources/compare/datasource.go:606.16,608.3 1 0
github.com/ebogdum/filemanager/internal/datasources/compare/datasource.go:609.2,610.27 2 0
github.com/ebogdum/filemanager/internal/datasources/compare/datasource.go:614.105,615.49 1 0
github.com/ebogdum/filemanager/internal/datasources/compare/datasource.go:615.49,617.3 1 0
github.com/ebogdum/filemanager/internal/datasources/compare/datasource.go:618.2,618.57 1 0
github.com/ebogdum/filemanager/internal/datasources/compare/datasource.go:622.65,624.19 2 0
github.com/ebogdum/filemanager/internal/datasources/compare/datasource.go:625.16,626.19 1 0
github.com/ebogdum/filemanager/internal/datasources/compare/datasource.go:627.16,628.19 1 0
github.com/ebogdum/filemanager/internal/datasources/compare/datasource.go:629.10,630.19 1 0
github.com/ebogdum/filemanager/internal/datasources/compare/datasource.go:632.2,633.39 2 0
github.com/ebogdum/filemanager/internal/common/credentials.go:15.62,16.17 1 0
github.com/ebogdum/filemanager/internal/common/credentials.go:16.17,18.3 1 0
github.com/ebogdum/filemanager/internal/common/credentials.go:19.2,19.21 1 0
github.com/ebogdum/filemanager/internal/common/credentials.go:19.21,21.3 1 0
github.com/ebogdum/filemanager/internal/common/credentials.go:24.2,24.40 1 0
github.com/ebogdum/filemanager/internal/common/credentials.go:24.40,26.17 2 0
github.com/ebogdum/filemanager/internal/common/credentials.go:26.17,28.4 1 0
github.com/ebogdum/filemanager/internal/common/credentials.go:29.3,29.35 1 0
github.com/ebogdum/filemanager/internal/common/credentials.go:32.2,33.16 2 0
github.com/ebogdum/filemanager/internal/common/credentials.go:33.16,35.3 1 0
github.com/ebogdum/filemanager/internal/common/credentials.go:37.2,37.45 1 0
github.com/ebogdum/filemanager/internal/common/credentials.go:41.46,42.16 1 0
github.com/ebogdum/filemanager/internal/common/credentials.go:42.16,44.3 1 0
github.com/ebogdum/filemanager/internal/common/credentials.go:45.2,45.35 1 0
github.com/ebogdum/filemanager/internal/common/credentials.go:45.35,47.17 2 0
github.com/ebogdum/filemanager/internal/common/credentials.go:47.17,49.4 1 0
github.com/ebogdum/filemanager/internal/common/credentials.go:50.3,50.30 1 0
github.com/ebogdum/filemanager/internal/common/credentials.go:52.2,52.18 1 0
github.com/ebogdum/filemanager/internal/common/dynamic.go:18.85,19.37 1 0
github.com/ebogdum/filemanager/internal/common/dynamic.go:19.37,21.3 1 0
github.com/ebogdum/filemanager/internal/common/dynamic.go:22.2,22.50 1 0
github.com/ebogdum/filemanager/internal/common/dynamic.go:26.70,27.51 1 0
github.com/ebogdum/filemanager/internal/common/dynamic.go:27.51,29.3 1 0
github.com/ebogdum/filemanager/internal/common/dynamic.go:31.2,31.25 1 0
github.com/ebogdum/filemanager/internal/common/dynamic.go:32.29,33.30 1 0
github.com/ebogdum/filemanager/internal/common/dynamic.go:35.27,36.28 1 0
github.com/ebogdum/filemanager/internal/common/dynamic.go:38.29,39.33 1 0
github.com/ebogdum/filemanager/internal/common/dynamic.go:41.28,42.51 1 0
github.com/ebogdum/filemanager/internal/common/dynamic.go:44.29,45.52 1 0
github.com/ebogdum/filemanager/internal/common/dynamic.go:47.27,48.50 1 0
github.com/ebogdum/filemanager/internal/common/dynamic.go:50.26,51.47 1 0
github.com/ebogdum/filemanager/internal/common/dynamic.go:53.26,54.49 1 0
github.com/ebogdum/filemanager/internal/common/dynamic.go:56.30,57.49 1 0
github.com/ebogdum/filemanager/internal/common/dynamic.go:59.10,60.65 1 0
github.com/ebogdum/filemanager/internal/common/dynamic.go:64.51,66.15 2 0
github.com/ebogdum/filemanager/internal/common/dynamic.go:66.15,68.3 1 0
github.com/ebogdum/filemanager/internal/common/dynamic.go:69.2,69.16 1 0
github.com/ebogdum/filemanager/internal/common/dynamic.go:69.16,72.3 2 0
github.com/ebogdum/filemanager/internal/common/dynamic.go:73.2,74.10 2 0
github.com/ebogdum/filemanager/internal/common/dynamic.go:77.89,79.29 2 0
github.com/ebogdum/filemanager/internal/common/dynamic.go:79.29,81.17 2 0
github.com/ebogdum/filemanager/internal/common/dynamic.go:81.17,83.4 1 0
github.com/ebogdum/filemanager/internal/common/dynamic.go:84.3,84.20 1 0
github.com/ebogdum/filemanager/internal/common/dynamic.go:86.2,86.20 1 0
github.com/ebogdum/filemanager/internal/common/dynamic.go:89.105,91.31 2 0
github.com/ebogdum/filemanager/internal/common/dynamic.go:91.31,93.17 2 0
github.com/ebogdum/filemanager/internal/common/dynamic.go:93.17,95.4 1 0
github.com/ebogdum/filemanager/internal/common/dynamic.go:96.3,96.22 1 0
github.com/ebogdum/filemanager/internal/common/dynamic.go:98.2,98.20 1 0
github.com/ebogdum/filemanager/internal/common/dynamic.go:103.107,108.22 4 0
github.com/ebogdum/filemanager/internal/common/dynamic.go:108.22,110.3 1 0
github.com/ebogdum/filemanager/internal/common/dynamic.go:112.2,112.52 1 0
github.com/ebogdum/filemanager/internal/common/dynamic.go:116.88,119.18 2 0
github.com/ebogdum/filemanager/internal/common/dynamic.go:119.18,121.3 1 0
github.com/ebogdum/filemanager/internal/common/dynamic.go:123.2,123.27 1 0
github.com/ebogdum/filemanager/internal/common/dynamic.go:124.12,125.35 1 0
github.com/ebogdum/filemanager/internal/common/dynamic.go:127.14,128.37 1 0
github.com/ebogdum/filemanager/internal/common/dynamic.go:130.15,132.51 1 0
github.com/ebogdum/filemanager/internal/common/dynamic.go:134.15,135.60 1 0
github.com/ebogdum/filemanager/internal/common/dynamic.go:137.11,138.60 1 0
github.com/ebogdum/filemanager/internal/common/dynamic.go:140.13,141.60 1 0
github.com/ebogdum/filemanager/internal/common/dynamic.go:143.13,144.60 1 0
github.com/ebogdum/filemanager/internal/common/dynamic.go:146.12,147.60 1 0
github.com/ebogdum/filemanager/internal/common/dynamic.go:149.14,150.63 1 0
github.com/ebogdum/filemanager/internal/common/dynamic.go:152.14,153.60 1 0
github.com/ebogdum/filemanager/internal/common/dynamic.go:155.13,156.41 1 0
github.com/ebogdum/filemanager/internal/common/dynamic.go:158.16,161.23 2 0
github.com/ebogdum/filemanager/internal/common/dynamic.go:161.23,163.4 1 0
github.com/ebogdum/filemanager/internal/common/dynamic.go:164.3,164.48 1 0
github.com/ebogdum/filemanager/internal/common/dynamic.go:166.22,167.40 1 0
github.com/ebogdum/filemanager/internal/common/dynamic.go:169.10,174.20 2 0
github.com/ebogdum/filemanager/internal/common/dynamic.go:180.105,183.21 2 0
github.com/ebogdum/filemanager/internal/common/dynamic.go:183.21,185.3 1 0
github.com/ebogdum/filemanager/internal/common/dynamic.go:187.2,190.29 3 0
github.com/ebogdum/filemanager/internal/common/dynamic.go:190.29,193.23 3 0
github.com/ebogdum/filemanager/internal/common/dynamic.go:193.23,195.4 1 0
github.com/ebogdum/filemanager/internal/common/dynamic.go:196.3,197.37 2 0
github.com/ebogdum/filemanager/internal/common/dynamic.go:200.2,203.24 3 0
github.com/ebogdum/filemanager/internal/common/dynamic.go:208.110,211.17 2 0
github.com/ebogdum/filemanager/internal/common/dynamic.go:211.17,213.3 1 0
github.com/ebogdum/filemanager/internal/common/dynamic.go:215.2,218.22 3 0
github.com/ebogdum/filemanager/internal/common/dynamic.go:218.22,221.23 3 0
github.com/ebogdum/filemanager/internal/common/dynamic.go:221.23,223.4 1 0
github.com/ebogdum/filemanager/internal/common/dynamic.go:224.3,225.37 2 0
github.com/ebogdum/filemanager/internal/common/dynamic.go:228.2,231.25 3 0
github.com/ebogdum/filemanager/internal/common/paths.go:23.50,34.2 3 0
github.com/ebogdum/filemanager/internal/common/paths.go:38.53,57.2 1 0
github.com/ebogdum/filemanager/internal/common/permissions.go:19.68,20.13 1 0
github.com/ebogdum/filemanager/internal/common/permissions.go:20.13,22.3 1 0
github.com/ebogdum/filemanager/internal/common/permissions.go:23.2,25.16 3 0
github.com/ebogdum/filemanager/internal/common/permissions.go:25.16,27.3 1 0
github.com/ebogdum/filemanager/internal/common/permissions.go:28.2,28.26 1 0
github.com/ebogdum/filemanager/internal/common/permissions.go:32.42,34.2 1 0
github.com/ebogdum/filemanager/internal/common/permissions.go:37.41,39.2 1 0
github.com/ebogdum/filemanager/internal/common/permissions.go:42.47,44.2 1 0
github.com/ebogdum/filemanager/internal/common/reader.go:14.53,16.2 1 0
github.com/ebogdum/filemanager/internal/common/reader.go:19.55,23.2 3 0
github.com/ebogdum/filemanager/internal/datasources/checksum/datasource.go:29.52,31.2 1 0
github.com/ebogdum/filemanager/internal/datasources/checksum/datasource.go:49.127,51.2 1 0
github.com/ebogdum/filemanager/internal/datasources/checksum/datasource.go:54.121,88.2 1 0
github.com/ebogdum/filemanager/internal/datasources/checksum/datasource.go:91.130,92.29 1 0
github.com/ebogdum/filemanager/internal/datasources/checksum/datasource.go:92.29,94.3 1 0
github.com/ebogdum/filemanager/internal/datasources/checksum/datasource.go:96.2,97.9 2 0
github.com/ebogdum/filemanager/internal/datasources/checksum/datasource.go:97.9,103.3 2 0
github.com/ebogdum/filemanager/internal/datasources/checksum/datasource.go:105.2,105.19 1 0
github.com/ebogdum/filemanager/internal/datasources/checksum/datasource.go:109.115,113.33 3 0
github.com/ebogdum/filemanager/internal/datasources/checksum/datasource.go:113.33,115.3 1 0
github.com/ebogdum/filemanager/internal/datasources/checksum/datasource.go:118.2,119.16 2 0
github.com/ebogdum/filemanager/internal/datasources/checksum/datasource.go:119.16,122.3 2 0
github.com/ebogdum/filemanager/internal/datasources/checksum/datasource.go:125.2,126.16 2 0
github.com/ebogdum/filemanager/internal/datasources/checksum/datasource.go:126.16,129.3 2 0
github.com/ebogdum/filemanager/internal/datasources/checksum/datasource.go:131.2,131.13 1 0
github.com/ebogdum/filemanager/internal/datasources/checksum/datasource.go:131.13,137.3 2 0
github.com/ebogdum/filemanager/internal/datasources/checksum/datasource.go:140.2,141.16 2 0
github.com/ebogdum/filemanager/internal/datasources/checksum/datasource.go:141.16,144.3 2 0
github.com/ebogdum/filemanager/internal/datasources/checksum/datasource.go:146.2,146.16 1 0
github.com/ebogdum/filemanager/internal/datasources/checksum/datasource.go:146.16,152.3 2 0
github.com/ebogdum/filemanager/internal/datasources/checksum/datasource.go:155.2,156.16 2 0
github.com/ebogdum/filemanager/internal/datasources/checksum/datasource.go:156.16,159.3 2 0
github.com/ebogdum/filemanager/internal/datasources/checksum/datasource.go:160.2,164.21 3 0
github.com/ebogdum/filemanager/internal/datasources/checksum/datasource.go:164.21,166.3 1 0
github.com/ebogdum/filemanager/internal/datasources/checksum/datasource.go:168.2,169.19 2 0
github.com/ebogdum/filemanager/internal/datasources/checksum/datasource.go:170.16,171.19 1 0
github.com/ebogdum/filemanager/internal/datasources/checksum/datasource.go:172.16,173.19 1 0
github.com/ebogdum/filemanager/internal/datasources/checksum/datasource.go:174.10,179.9 2 0
github.com/ebogdum/filemanager/internal/datasources/checksum/datasource.go:183.2,184.16 2 0
github.com/ebogdum/filemanager/internal/datasources/checksum/datasource.go:184.16,187.3 2 0
github.com/ebogdum/filemanager/internal/datasources/checksum/datasource.go:189.2,193.56 4 0
github.com/ebogdum/filemanager/internal/datasources/checksum/datasource.go:197.106,198.49 1 0
github.com/ebogdum/filemanager/internal/datasources/checksum/datasource.go:198.49,200.3 1 0
github.com/ebogdum/filemanager/internal/datasources/checksum/datasource.go:201.2,201.57 1 0
github.com/ebogdum/filemanager/internal/datasources/file/datasource.go:26.48,28.2 1 0
github.com/ebogdum/filemanager/internal/datasources/file/datasource.go:51.123,53.2 1 0
github.com/ebogdum/filemanager/internal/datasources/file/datasource.go:56.117,107.2 1 0
github.com/ebogdum/filemanager/internal/datasources/file/datasource.go:110.126,111.29 1 0
github.com/ebogdum/filemanager/internal/datasources/file/datasource.go:111.29,113.3 1 0
github.com/ebogdum/filemanager/internal/datasources/file/datasource.go:115.2,116.9 2 0
github.com/ebogdum/filemanager/internal/datasources/file/datasource.go:116.9,122.3 2 0
github.com/ebogdum/filemanager/internal/datasources/file/datasource.go:124.2,124.19 1 0
github.com/ebogdum/filemanager/internal/datasources/file/datasource.go:128.111,132.33 3 0
github.com/ebogdum/filemanager/internal/datasources/file/datasource.go:132.33,134.3 1 0
github.com/ebogdum/filemanager/internal/datasources/file/datasource.go:137.2,138.16 2 0
github.com/ebogdum/filemanager/internal/datasources/file/datasource.go:138.16,141.3 2 0
github.com/ebogdum/filemanager/internal/datasources/file/datasource.go:144.2,145.16 2 0
github.com/ebogdum/filemanager/internal/datasources/file/datasource.go:145.16,148.3 2 0
github.com/ebogdum/filemanager/internal/datasources/file/datasource.go:150.2,150.13 1 0
github.com/ebogdum/filemanager/internal/datasources/file/datasource.go:150.13,156.3 2 0
github.com/ebogdum/filemanager/internal/datasources/file/datasource.go:159.2,160.16 2 0
github.com/ebogdum/filemanager/internal/datasources/file/datasource.go:160.16,163.3 2 0
github.com/ebogdum/filemanager/internal/datasources/file/datasource.go:165.2,172.17 6 0
github.com/ebogdum/filemanager/internal/datasources/file/datasource.go:172.17,174.17 2 0
github.com/ebogdum/filemanager/internal/datasources/file/datasource.go:174.17,177.4 2 0
github.com/ebogdum/filemanager/internal/datasources/file/datasource.go:178.3,181.17 3 0
github.com/ebogdum/filemanager/internal/datasources/file/datasource.go:181.17,184.4 2 0
github.com/ebogdum/filemanager/internal/datasources/file/datasource.go:187.3,193.29 4 0
github.com/ebogdum/filemanager/internal/datasources/file/datasource.go:193.29,195.4 1 0
github.com/ebogdum/filemanager/internal/datasources/file/datasource.go:195.9,197.4 1 0
github.com/ebogdum/filemanager/internal/datasources/file/datasource.go:199.3,199.85 1 0
github.com/ebogdum/filemanager/internal/datasources/file/datasource.go:200.8,205.3 4 0
github.com/ebogdum/filemanager/internal/datasources/file/datasource.go:207.2,207.56 1 0
github.com/ebogdum/filemanager/internal/datasources/file/datasource.go:211.102,212.49 1 0
github.com/ebogdum/filemanager/internal/datasources/file/datasource.go:212.49,214.3 1 0
github.com/ebogdum/filemanager/internal/datasources/file/datasource.go:215.2,215.57 1 0
github.com/ebogdum/filemanager/internal/datasources/file/datasource.go:219.41,221.28 1 0
github.com/ebogdum/filemanager/internal/datasources/file/datasource.go:221.28,222.13 1 0
github.com/ebogdum/filemanager/internal/datasources/file/datasource.go:222.13,224.4 1 0
github.com/ebogdum/filemanager/internal/datasources/file/datasource.go:226.2,226.13 1 0
github.com/ebogdum/filemanager/internal/datasources/environment/datasource.go:27.55,29.2 1 0
github.com/ebogdum/filemanager/internal/datasources/environment/datasource.go:47.130,49.2 1 0
github.com/ebogdum/filemanager/internal/datasources/environment/datasource.go:52.124,123.2 1 0
github.com/ebogdum/filemanager/internal/datasources/environment/datasource.go:126.133,127.29 1 0
github.com/ebogdum/filemanager/internal/datasources/environment/datasource.go:127.29,129.3 1 0
github.com/ebogdum/filemanager/internal/datasources/environment/datasource.go:131.2,132.9 2 0
github.com/ebogdum/filemanager/internal/datasources/environment/datasource.go:132.9,138.3 2 0
github.com/ebogdum/filemanager/internal/datasources/environment/datasource.go:140.2,140.19 1 0
github.com/ebogdum/filemanager/internal/datasources/environment/datasource.go:144.118,148.33 3 0
github.com/ebogdum/filemanager/internal/datasources/environment/datasource.go:148.33,150.3 1 0
github.com/ebogdum/filemanager/internal/datasources/environment/datasource.go:152.2,156.49 4 0
github.com/ebogdum/filemanager/internal/datasources/environment/datasource.go:156.49,160.3 2 0
github.com/ebogdum/filemanager/internal/datasources/environment/datasource.go:160.8,163.17 2 0
github.com/ebogdum/filemanager/internal/datasources/environment/datasource.go:163.17,166.4 2 0
github.com/ebogdum/filemanager/internal/datasources/environment/datasource.go:167.3,167.69 1 0
github.com/ebogdum/filemanager/internal/datasources/environment/datasource.go:171.2,172.18 2 0
github.com/ebogdum/filemanager/internal/datasources/environment/datasource.go:172.18,174.3 1 0
github.com/ebogdum/filemanager/internal/datasources/environment/datasource.go:177.2,179.33 3 0
github.com/ebogdum/filemanager/internal/datasources/environment/datasource.go:179.33,181.3 1 0
github.com/ebogdum/filemanager/internal/datasources/environment/datasource.go:183.2,187.56 4 0
github.com/ebogdum/filemanager/internal/datasources/environment/datasource.go:191.47,194.35 2 0
github.com/ebogdum/filemanager/internal/datasources/environment/datasource.go:194.35,196.22 2 0
github.com/ebogdum/filemanager/internal/datasources/environment/datasource.go:196.22,198.4 1 0
github.com/ebogdum/filemanager/internal/datasources/environment/datasource.go:201.2,201.16 1 0
github.com/ebogdum/filemanager/internal/datasources/environment/datasource.go:205.123,208.16 2 0
github.com/ebogdum/filemanager/internal/datasources/environment/datasource.go:208.16,210.3 1 0
github.com/ebogdum/filemanager/internal/datasources/environment/datasource.go:213.2,214.9 2 0
github.com/ebogdum/filemanager/internal/datasources/environment/datasource.go:214.9,216.3 1 0
github.com/ebogdum/filemanager/internal/datasources/environment/datasource.go:219.2,220.16 2 0
github.com/ebogdum/filemanager/internal/datasources/environment/datasource.go:220.16,223.17 2 0
github.com/ebogdum/filemanager/internal/datasources/environment/datasource.go:223.17,225.4 1 0
github.com/ebogdum/filemanager/internal/datasources/environment/datasource.go:229.2,232.21 3 0
github.com/ebogdum/filemanager/internal/datasources/environment/datasource.go:232.21,234.17 2 0
github.com/ebogdum/filemanager/internal/datasources/environment/datasource.go:234.17,235.12 1 0
github.com/ebogdum/filemanager/internal/datasources/environment/datasource.go:238.3,239.22 2 0
github.com/ebogdum/filemanager/internal/datasources/environment/datasource.go:239.22,241.4 1 0
github.com/ebogdum/filemanager/internal/datasources/environment/datasource.go:244.2,244.38 1 0
github.com/ebogdum/filemanager/internal/datasources/environment/datasource.go:244.38,246.3 1 0
github.com/ebogdum/filemanager/internal/datasources/environment/datasource.go:248.2,248.21 1 0
github.com/ebogdum/filemanager/internal/datasources/environment/datasource.go:252.85,255.35 2 0
github.com/ebogdum/filemanager/internal/datasources/environment/datasource.go:255.35,256.34 1 0
github.com/ebogdum/filemanager/internal/datasources/environment/datasource.go:256.34,258.4 1 0
github.com/ebogdum/filemanager/internal/datasources/environment/datasource.go:261.2,261.17 1 0
github.com/ebogdum/filemanager/internal/datasources/environment/datasource.go:265.43,266.20 1 0
github.com/ebogdum/filemanager/internal/datasources/environment/datasource.go:266.20,268.3 1 0
github.com/ebogdum/filemanager/internal/datasources/environment/datasource.go:270.2,270.37 1 0
github.com/ebogdum/filemanager/internal/datasources/environment/datasource.go:270.37,272.3 1 0
github.com/ebogdum/filemanager/internal/datasources/environment/datasource.go:274.2,275.21 2 0
github.com/ebogdum/filemanager/internal/datasources/environment/datasource.go:275.21,277.3 1 0
github.com/ebogdum/filemanager/internal/datasources/environment/datasource.go:279.2,279.21 1 0
github.com/ebogdum/filemanager/internal/datasources/environment/datasource.go:284.61,286.25 2 0
github.com/ebogdum/filemanager/internal/datasources/environment/datasource.go:286.25,288.3 1 0
github.com/ebogdum/filemanager/internal/datasources/environment/datasource.go:289.2,290.13 2 0
github.com/ebogdum/filemanager/internal/datasources/directory/datasource.go:23.53,25.2 1 0
github.com/ebogdum/filemanager/internal/datasources/directory/datasource.go:55.128,57.2 1 0
github.com/ebogdum/filemanager/internal/datasources/directory/datasource.go:60.122,127.2 1 0
github.com/ebogdum/filemanager/internal/datasources/directory/datasource.go:130.131,131.29 1 0
github.com/ebogdum/filemanager/internal/datasources/directory/datasource.go:131.29,133.3 1 0
github.com/ebogdum/filemanager/internal/datasources/directory/datasource.go:135.2,136.9 2 0
github.com/ebogdum/filemanager/internal/datasources/directory/datasource.go:136.9,142.3 2 0
github.com/ebogdum/filemanager/internal/datasources/directory/datasource.go:144.2,144.19 1 0
github.com/ebogdum/filemanager/internal/datasources/directory/datasource.go:148.116,152.33 3 0
github.com/ebogdum/filemanager/internal/datasources/directory/datasource.go:152.33,154.3 1 0
github.com/ebogdum/filemanager/internal/datasources/directory/datasource.go:157.2,158.16 2 0
github.com/ebogdum/filemanager/internal/datasources/directory/datasource.go:158.16,161.3 2 0
github.com/ebogdum/filemanager/internal/datasources/directory/datasource.go:164.2,165.16 2 0
github.com/ebogdum/filemanager/internal/datasources/directory/datasource.go:165.16,168.3 2 0
github.com/ebogdum/filemanager/internal/datasources/directory/datasource.go:170.2,170.13 1 0
github.com/ebogdum/filemanager/internal/datasources/directory/datasource.go:170.13,176.3 2 0
github.com/ebogdum/filemanager/internal/datasources/directory/datasource.go:178.2,179.16 2 0
github.com/ebogdum/filemanager/internal/datasources/directory/datasource.go:179.16,182.3 2 0
github.com/ebogdum/filemanager/internal/datasources/directory/datasource.go:184.2,184.17 1 0
github.com/ebogdum/filemanager/internal/datasources/directory/datasource.go:184.17,190.3 2 0
github.com/ebogdum/filemanager/internal/datasources/directory/datasource.go:193.2,198.16 3 0
github.com/ebogdum/filemanager/internal/datasources/directory/datasource.go:198.16,201.3 2 0
github.com/ebogdum/filemanager/internal/datasources/directory/datasource.go:204.2,206.32 3 0
github.com/ebogdum/filemanager/internal/datasources/directory/datasource.go:206.32,207.20 1 0
github.com/ebogdum/filemanager/internal/datasources/directory/datasource.go:207.20,209.18 2 0
github.com/ebogdum/filemanager/internal/datasources/directory/datasource.go:209.18,212.10 3 0
github.com/ebogdum/filemanager/internal/datasources/directory/datasource.go:214.4,214.16 1 0
github.com/ebogdum/filemanager/internal/datasources/directory/datasource.go:214.16,215.13 1 0
github.com/ebogdum/filemanager/internal/datasources/directory/datasource.go:218.3,218.51 1 0
github.com/ebogdum/filemanager/internal/datasources/directory/datasource.go:222.2,224.40 3 0
github.com/ebogdum/filemanager/internal/datasources/directory/datasource.go:224.40,233.19 2 0
github.com/ebogdum/filemanager/internal/datasources/directory/datasource.go:233.19,235.4 1 0
github.com/ebogdum/filemanager/internal/datasources/directory/datasource.go:238.2,243.56 5 0
github.com/ebogdum/filemanager/internal/datasources/directory/datasource.go:247.107,248.49 1 0
github.com/ebogdum/filemanager/internal/datasources/directory/datasource.go:248.49,250.3 1 0
github.com/ebogdum/filemanager/internal/datasources/directory/datasource.go:251.2,251.57 1 0
github.com/ebogdum/filemanager/internal/datasources/ini/datasource.go:27.47,29.2 1 0
github.com/ebogdum/filemanager/internal/datasources/ini/datasource.go:51.122,53.2 1 0
github.com/ebogdum/filemanager/internal/datasources/ini/datasource.go:56.116,104.2 1 0
github.com/ebogdum/filemanager/internal/datasources/ini/datasource.go:107.125,108.29 1 0
github.com/ebogdum/filemanager/internal/datasources/ini/datasource.go:108.29,110.3 1 0
github.com/ebogdum/filemanager/internal/datasources/ini/datasource.go:112.2,113.9 2 0
github.com/ebogdum/filemanager/internal/datasources/ini/datasource.go:113.9,119.3 2 0
github.com/ebogdum/filemanager/internal/datasources/ini/datasource.go:121.2,121.19 1 0
github.com/ebogdum/filemanager/internal/datasources/ini/datasource.go:125.110,129.33 3 0
github.com/ebogdum/filemanager/internal/datasources/ini/datasource.go:129.33,131.3 1 0
github.com/ebogdum/filemanager/internal/datasources/ini/datasource.go:134.2,135.16 2 0
github.com/ebogdum/filemanager/internal/datasources/ini/datasource.go:135.16,138.3 2 0
github.com/ebogdum/filemanager/internal/datasources/ini/datasource.go:141.2,142.16 2 0
github.com/ebogdum/filemanager/internal/datasources/ini/datasource.go:142.16,145.3 2 0
github.com/ebogdum/filemanager/internal/datasources/ini/datasource.go:147.2,147.13 1 0
github.com/ebogdum/filemanager/internal/datasources/ini/datasource.go:147.13,153.3 2 0
github.com/ebogdum/filemanager/internal/datasources/ini/datasource.go:156.2,157.16 2 0
github.com/ebogdum/filemanager/internal/datasources/ini/datasource.go:157.16,160.3 2 0
github.com/ebogdum/filemanager/internal/datasources/ini/datasource.go:161.2,164.16 3 0
github.com/ebogdum/filemanager/internal/datasources/ini/datasource.go:164.16,167.3 2 0
github.com/ebogdum/filemanager/internal/datasources/ini/datasource.go:170.2,171.16 2 0
github.com/ebogdum/filemanager/internal/datasources/ini/datasource.go:171.16,177.3 2 0
github.com/ebogdum/filemanager/internal/datasources/ini/datasource.go:180.2,181.41 2 0
github.com/ebogdum/filemanager/internal/datasources/ini/datasource.go:181.41,185.38 3 0
github.com/ebogdum/filemanager/internal/datasources/ini/datasource.go:185.38,187.4 1 0
github.com/ebogdum/filemanager/internal/datasources/ini/datasource.go:190.3,190.31 1 0
github.com/ebogdum/filemanager/internal/datasources/ini/datasource.go:190.31,192.4 1 0
github.com/ebogdum/filemanager/internal/datasources/ini/datasource.go:194.3,194.27 1 0
github.com/ebogdum/filemanager/internal/datasources/ini/datasource.go:194.27,196.4 1 0
github.com/ebogdum/filemanager/internal/datasources/ini/datasource.go:200.2,202.33 3 0
github.com/ebogdum/filemanager/internal/datasources/ini/datasource.go:202.33,204.3 1 0
github.com/ebogdum/filemanager/internal/datasources/ini/datasource.go:207.2,208.60 2 0
github.com/ebogdum/filemanager/internal/datasources/ini/datasource.go:208.60,211.17 3 0
github.com/ebogdum/filemanager/internal/datasources/ini/datasource.go:211.17,214.4 2 0
github.com/ebogdum/filemanager/internal/datasources/ini/datasource.go:215.3,217.34 3 0
github.com/ebogdum/filemanager/internal/datasources/ini/datasource.go:217.34,219.4 1 0
github.com/ebogdum/filemanager/internal/datasources/ini/datasource.go:220.8,222.3 1 0
github.com/ebogdum/filemanager/internal/datasources/ini/datasource.go:225.2,236.56 9 0
github.com/ebogdum/filemanager/internal/datasources/ini/datasource.go:240.101,241.49 1 0
github.com/ebogdum/filemanager/internal/datasources/ini/datasource.go:241.49,243.3 1 0
github.com/ebogdum/filemanager/internal/datasources/ini/datasource.go:244.2,244.57 1 0
github.com/ebogdum/filemanager/internal/datasources/hcl/datasource.go:32.47,34.2 1 0
github.com/ebogdum/filemanager/internal/datasources/hcl/datasource.go:56.122,58.2 1 0
github.com/ebogdum/filemanager/internal/datasources/hcl/datasource.go:61.116,111.2 1 0
github.com/ebogdum/filemanager/internal/datasources/hcl/datasource.go:114.125,115.29 1 0
github.com/ebogdum/filemanager/internal/datasources/hcl/datasource.go:115.29,117.3 1 0
github.com/ebogdum/filemanager/internal/datasources/hcl/datasource.go:119.2,120.9 2 0
github.com/ebogdum/filemanager/internal/datasources/hcl/datasource.go:120.9,126.3 2 0
github.com/ebogdum/filemanager/internal/datasources/hcl/datasource.go:128.2,128.19 1 0
github.com/ebogdum/filemanager/internal/datasources/hcl/datasource.go:132.110,136.33 3 0
github.com/ebogdum/filemanager/internal/datasources/hcl/datasource.go:136.33,138.3 1 0
github.com/ebogdum/filemanager/internal/datasources/hcl/datasource.go:141.2,142.16 2 0
github.com/ebogdum/filemanager/internal/datasources/hcl/datasource.go:142.16,145.3 2 0
github.com/ebogdum/filemanager/internal/datasources/hcl/datasource.go:148.2,149.16 2 0
github.com/ebogdum/filemanager/internal/datasources/hcl/datasource.go:149.16,152.3 2 0
github.com/ebogdum/filemanager/internal/datasources/hcl/datasource.go:154.2,154.13 1 0
github.com/ebogdum/filemanager/internal/datasources/hcl/datasource.go:154.13,160.3 2 0
github.com/ebogdum/filemanager/internal/datasources/hcl/datasource.go:163.2,164.16 2 0
github.com/ebogdum/filemanager/internal/datasources/hcl/datasource.go:164.16,167.3 2 0
github.com/ebogdum/filemanager/internal/datasources/hcl/datasource.go:168.2,171.16 3 0
github.com/ebogdum/filemanager/internal/datasources/hcl/datasource.go:171.16,174.3 2 0
github.com/ebogdum/filemanager/internal/datasources/hcl/datasource.go:177.2,179.23 3 0
github.com/ebogdum/filemanager/internal/datasources/hcl/datasource.go:179.23,185.3 2 0
github.com/ebogdum/filemanager/internal/datasources/hcl/datasource.go:188.2,189.16 2 0
github.com/ebogdum/filemanager/internal/datasources/hcl/datasource.go:189.16,192.3 2 0
github.com/ebogdum/filemanager/internal/datasources/hcl/datasource.go:195.2,197.33 3 0
github.com/ebogdum/filemanager/internal/datasources/hcl/datasource.go:197.33,199.3 1 0
github.com/ebogdum/filemanager/internal/datasources/hcl/datasource.go:202.2,203.60 2 0
github.com/ebogdum/filemanager/internal/datasources/hcl/datasource.go:203.60,206.17 3 0
github.com/ebogdum/filemanager/internal/datasources/hcl/datasource.go:206.17,209.4 2 0
github.com/ebogdum/filemanager/internal/datasources/hcl/datasource.go:210.3,212.34 3 0
github.com/ebogdum/filemanager/internal/datasources/hcl/datasource.go:212.34,214.4 1 0
github.com/ebogdum/filemanager/internal/datasources/hcl/datasource.go:215.8,217.3 1 0
github.com/ebogdum/filemanager/internal/datasources/hcl/datasource.go:220.2,231.56 9 0
github.com/ebogdum/filemanager/internal/datasources/hcl/datasource.go:235.101,236.49 1 0
github.com/ebogdum/filemanager/internal/datasources/hcl/datasource.go:236.49,238.3 1 0
github.com/ebogdum/filemanager/internal/datasources/hcl/datasource.go:239.2,239.57 1 0
github.com/ebogdum/filemanager/internal/datasources/hcl/datasource.go:243.65,247.42 2 0
github.com/ebogdum/filemanager/internal/datasources/hcl/datasource.go:247.42,249.24 2 0
github.com/ebogdum/filemanager/internal/datasources/hcl/datasource.go:249.24,251.12 2 0
github.com/ebogdum/filemanager/internal/datasources/hcl/datasource.go:253.3,253.30 1 0
github.com/ebogdum/filemanager/internal/datasources/hcl/datasource.go:257.2,257.36 1 0
github.com/ebogdum/filemanager/internal/datasources/hcl/datasource.go:257.36,259.17 2 0
github.com/ebogdum/filemanager/internal/datasources/hcl/datasource.go:259.17,261.4 1 0
github.com/ebogdum/filemanager/internal/datasources/hcl/datasource.go:263.3,264.28 2 0
github.com/ebogdum/filemanager/internal/datasources/hcl/datasource.go:264.28,266.4 1 0
github.com/ebogdum/filemanager/internal/datasources/hcl/datasource.go:268.3,268.43 1 0
github.com/ebogdum/filemanager/internal/datasources/hcl/datasource.go:268.43,269.32 1 0
github.com/ebogdum/filemanager/internal/datasources/hcl/datasource.go:270.15,271.45 1 0
github.com/ebogdum/filemanager/internal/datasources/hcl/datasource.go:272.12,273.44 1 0
github.com/ebogdum/filemanager/internal/datasources/hcl/datasource.go:275.9,277.4 1 0
github.com/ebogdum/filemanager/internal/datasources/hcl/datasource.go:280.2,280.20 1 0
github.com/ebogdum/filemanager/internal/datasources/hcl/datasource.go:284.65,287.27 2 0
github.com/ebogdum/filemanager/internal/datasources/hcl/datasource.go:287.27,290.34 2 0
github.com/ebogdum/filemanager/internal/datasources/hcl/datasource.go:290.34,292.4 1 0
github.com/ebogdum/filemanager/internal/datasources/hcl/datasource.go:293.3,293.32 1 0
github.com/ebogdum/filemanager/internal/datasources/hcl/datasource.go:296.2,296.48 1 0
github.com/ebogdum/filemanager/internal/datasources/hcl/datasource.go:296.48,298.24 2 0
github.com/ebogdum/filemanager/internal/datasources/hcl/datasource.go:298.24,300.12 2 0
github.com/ebogdum/filemanager/internal/datasources/hcl/datasource.go:302.3,302.30 1 0
github.com/ebogdum/filemanager/internal/datasources/hcl/datasource.go:305.2,305.48 1 0
github.com/ebogdum/filemanager/internal/datasources/hcl/datasource.go:305.48,307.17 2 0
github.com/ebogdum/filemanager/internal/datasources/hcl/datasource.go:307.17,309.4 1 0
github.com/ebogdum/filemanager/internal/datasources/hcl/datasource.go:311.3,312.34 2 0
github.com/ebogdum/filemanager/internal/datasources/hcl/datasource.go:312.34,314.4 1 0
github.com/ebogdum/filemanager/internal/datasources/hcl/datasource.go:316.3,316.44 1 0
github.com/ebogdum/filemanager/internal/datasources/hcl/datasource.go:316.44,317.32 1 0
github.com/ebogdum/filemanager/internal/datasources/hcl/datasource.go:318.15,319.47 1 0
github.com/ebogdum/filemanager/internal/datasources/hcl/datasource.go:320.12,321.46 1 0
github.com/ebogdum/filemanager/internal/datasources/hcl/datasource.go:323.9,325.4 1 0
github.com/ebogdum/filemanager/internal/datasources/hcl/datasource.go:328.2,328.20 1 0
github.com/ebogdum/filemanager/internal/datasources/hcl/datasource.go:332.33,333.18 1 0
github.com/ebogdum/filemanager/internal/datasources/hcl/datasource.go:333.18,335.3 1 0
github.com/ebogdum/filemanager/internal/datasources/hcl/datasource.go:337.2,339.9 2 0
github.com/ebogdum/filemanager/internal/datasources/hcl/datasource.go:340.24,341.24 1 0
github.com/ebogdum/filemanager/internal/datasources/hcl/datasource.go:343.24,345.17 2 0
github.com/ebogdum/filemanager/internal/datasources/hcl/datasource.go:345.17,348.4 2 0
github.com/ebogdum/filemanager/internal/datasources/hcl/datasource.go:349.3,350.11 2 0
github.com/ebogdum/filemanager/internal/datasources/hcl/datasource.go:352.22,353.20 1 0
github.com/ebogdum/filemanager/internal/datasources/hcl/datasource.go:355.61,357.47 2 0
github.com/ebogdum/filemanager/internal/datasources/hcl/datasource.go:357.47,360.4 2 0
github.com/ebogdum/filemanager/internal/datasources/hcl/datasource.go:361.3,361.16 1 0
github.com/ebogdum/filemanager/internal/datasources/hcl/datasource.go:363.43,365.47 2 0
github.com/ebogdum/filemanager/internal/datasources/hcl/datasource.go:365.47,368.4 2 0
github.com/ebogdum/filemanager/internal/datasources/hcl/datasource.go:369.3,369.16 1 0
github.com/ebogdum/filemanager/internal/datasources/hcl/datasource.go:371.10,373.17 2 0
github.com/ebogdum/filemanager/internal/datasources/hcl/datasource.go:373.17,375.49 2 0
github.com/ebogdum/filemanager/internal/datasources/hcl/datasource.go:375.49,377.5 1 0
github.com/ebogdum/filemanager/internal/datasources/hcl/datasource.go:379.3,379.24 1 0
github.com/ebogdum/filemanager/internal/datasources/stat/datasource.go:24.48,26.2 1 0
github.com/ebogdum/filemanager/internal/datasources/stat/datasource.go:67.123,69.2 1 0
github.com/ebogdum/filemanager/internal/datasources/stat/datasource.go:72.117,177.2 1 0
github.com/ebogdum/filemanager/internal/datasources/stat/datasource.go:180.126,181.29 1 0
github.com/ebogdum/filemanager/internal/datasources/stat/datasource.go:181.29,183.3 1 0
github.com/ebogdum/filemanager/internal/datasources/stat/datasource.go:185.2,186.9 2 0
github.com/ebogdum/filemanager/internal/datasources/stat/datasource.go:186.9,192.3 2 0
github.com/ebogdum/filemanager/internal/datasources/stat/datasource.go:194.2,194.19 1 0
github.com/ebogdum/filemanager/internal/datasources/stat/datasource.go:198.111,202.33 3 0
github.com/ebogdum/filemanager/internal/datasources/stat/datasource.go:202.33,204.3 1 0
github.com/ebogdum/filemanager/internal/datasources/stat/datasource.go:207.2,208.16 2 0
github.com/ebogdum/filemanager/internal/datasources/stat/datasource.go:208.16,211.3 2 0
github.com/ebogdum/filemanager/internal/datasources/stat/datasource.go:214.2,215.16 2 0
github.com/ebogdum/filemanager/internal/datasources/stat/datasource.go:215.16,218.3 2 0
github.com/ebogdum/filemanager/internal/datasources/stat/datasource.go:220.2,223.13 3 0
github.com/ebogdum/filemanager/internal/datasources/stat/datasource.go:223.13,227.3 3 0
github.com/ebogdum/filemanager/internal/datasources/stat/datasource.go:230.2,231.16 2 0
github.com/ebogdum/filemanager/internal/datasources/stat/datasource.go:231.16,234.3 2 0
github.com/ebogdum/filemanager/internal/datasources/stat/datasource.go:236.2,238.59 3 0
github.com/ebogdum/filemanager/internal/datasources/stat/datasource.go:238.59,241.3 2 0
github.com/ebogdum/filemanager/internal/datasources/stat/datasource.go:242.2,242.65 1 0
github.com/ebogdum/filemanager/internal/datasources/stat/datasource.go:242.65,245.3 2 0
github.com/ebogdum/filemanager/internal/datasources/stat/datasource.go:246.2,248.56 2 0
github.com/ebogdum/filemanager/internal/datasources/stat/datasource.go:251.54,269.2 17 0
github.com/ebogdum/filemanager/internal/datasources/stat/datasource.go:271.112,288.2 15 0
github.com/ebogdum/filemanager/internal/datasources/stat/datasource.go:290.64,291.45 1 0
github.com/ebogdum/filemanager/internal/datasources/stat/datasource.go:291.45,293.3 1 0
github.com/ebogdum/filemanager/internal/datasources/stat/datasource.go:294.2,294.27 1 0
github.com/ebogdum/filemanager/internal/datasources/stat/datasource.go:297.51,298.16 1 0
github.com/ebogdum/filemanager/internal/datasources/stat/datasource.go:298.16,300.3 1 0
github.com/ebogdum/filemanager/internal/datasources/stat/datasource.go:301.2,301.65 1 0
github.com/ebogdum/filemanager/internal/datasources/stat/datasource.go:304.44,305.13 1 0
github.com/ebogdum/filemanager/internal/datasources/stat/datasource.go:305.13,307.3 1 0
github.com/ebogdum/filemanager/internal/datasources/stat/datasource.go:308.2,308.29 1 0
github.com/ebogdum/filemanager/internal/datasources/stat/datasource.go:311.81,312.77 1 0
github.com/ebogdum/filemanager/internal/datasources/stat/datasource.go:312.77,315.3 2 0
github.com/ebogdum/filemanager/internal/datasources/stat/datasource.go:316.2,317.16 2 0
github.com/ebogdum/filemanager/internal/datasources/stat/datasource.go:317.16,319.3 1 0
github.com/ebogdum/filemanager/internal/datasources/stat/datasource.go:320.2,321.12 2 0
github.com/ebogdum/filemanager/internal/datasources/stat/datasource.go:324.100,325.77 1 0
github.com/ebogdum/filemanager/internal/datasources/stat/datasource.go:325.77,328.3 2 0
github.com/ebogdum/filemanager/internal/datasources/stat/datasource.go:329.2,330.16 2 0
github.com/ebogdum/filemanager/internal/datasources/stat/datasource.go:330.16,332.3 1 0
github.com/ebogdum/filemanager/internal/datasources/stat/datasource.go:333.2,333.34 1 0
github.com/ebogdum/filemanager/internal/datasources/stat/datasource.go:333.34,336.3 2 0
github.com/ebogdum/filemanager/internal/datasources/stat/datasource.go:337.2,339.12 3 0
github.com/ebogdum/filemanager/internal/datasources/stat/datasource.go:342.80,346.2 3 0
github.com/ebogdum/filemanager/internal/datasources/stat/datasource.go:348.74,350.14 2 0
github.com/ebogdum/filemanager/internal/datasources/stat/datasource.go:350.14,352.3 1 0
github.com/ebogdum/filemanager/internal/datasources/stat/datasource.go:353.2,353.12 1 0
github.com/ebogdum/filemanager/internal/datasources/stat/datasource.go:353.12,354.49 1 0
github.com/ebogdum/filemanager/internal/datasources/stat/datasource.go:354.49,356.4 1 0
github.com/ebogdum/filemanager/internal/datasources/stat/datasource.go:357.3,357.34 1 0
github.com/ebogdum/filemanager/internal/datasources/stat/datasource.go:359.2,359.53 1 0
github.com/ebogdum/filemanager/internal/datasources/stat/datasource.go:359.53,361.3 1 0
github.com/ebogdum/filemanager/internal/datasources/stat/datasource.go:362.2,362.33 1 0
github.com/ebogdum/filemanager/internal/datasources/stat/datasource.go:366.53,368.38 1 0
github.com/ebogdum/filemanager/internal/datasources/stat/datasource.go:368.38,370.56 2 0
github.com/ebogdum/filemanager/internal/datasources/stat/datasource.go:370.56,372.4 1 0
github.com/ebogdum/filemanager/internal/datasources/stat/datasource.go:374.2,374.30 1 0
github.com/ebogdum/filemanager/internal/datasources/stat/datasource.go:378.102,379.49 1 0
github.com/ebogdum/filemanager/internal/datasources/stat/datasource.go:379.49,381.3 1 0
github.com/ebogdum/filemanager/internal/datasources/stat/datasource.go:382.2,382.57 1 0
github.com/ebogdum/filemanager/internal/datasources/validate/datasource.go:33.52,35.2 1 0
github.com/ebogdum/filemanager/internal/datasources/validate/datasource.go:70.127,72.2 1 0
github.com/ebogdum/filemanager/internal/datasources/validate/datasource.go:75.121,144.2 1 0
github.com/ebogdum/filemanager/internal/datasources/validate/datasource.go:147.130,148.29 1 0
github.com/ebogdum/filemanager/internal/datasources/validate/datasource.go:148.29,150.3 1 0
github.com/ebogdum/filemanager/internal/datasources/validate/datasource.go:152.2,153.9 2 0
github.com/ebogdum/filemanager/internal/datasources/validate/datasource.go:153.9,159.3 2 0
github.com/ebogdum/filemanager/internal/datasources/validate/datasource.go:161.2,161.19 1 0
github.com/ebogdum/filemanager/internal/datasources/validate/datasource.go:165.115,169.33 3 0
github.com/ebogdum/filemanager/internal/datasources/validate/datasource.go:169.33,171.3 1 0
github.com/ebogdum/filemanager/internal/datasources/validate/datasource.go:174.2,175.16 2 0
github.com/ebogdum/filemanager/internal/datasources/validate/datasource.go:175.16,178.3 2 0
github.com/ebogdum/filemanager/internal/datasources/validate/datasource.go:181.2,182.16 2 0
github.com/ebogdum/filemanager/internal/datasources/validate/datasource.go:182.16,185.3 2 0
github.com/ebogdum/filemanager/internal/datasources/validate/datasource.go:187.2,187.13 1 0
github.com/ebogdum/filemanager/internal/datasources/validate/datasource.go:187.13,193.3 2 0
github.com/ebogdum/filemanager/internal/datasources/validate/datasource.go:196.2,197.16 2 0
github.com/ebogdum/filemanager/internal/datasources/validate/datasource.go:197.16,200.3 2 0
github.com/ebogdum/filemanager/internal/datasources/validate/datasource.go:202.2,202.16 1 0
github.com/ebogdum/filemanager/internal/datasources/validate/datasource.go:202.16,208.3 2 0
github.com/ebogdum/filemanager/internal/datasources/validate/datasource.go:211.2,212.16 2 0
github.com/ebogdum/filemanager/internal/datasources/validate/datasource.go:212.16,215.3 2 0
github.com/ebogdum/filemanager/internal/datasources/validate/datasource.go:216.2,219.16 3 0
github.com/ebogdum/filemanager/internal/datasources/validate/datasource.go:219.16,222.3 2 0
github.com/ebogdum/filemanager/internal/datasources/validate/datasource.go:225.2,226.18 2 0
github.com/ebogdum/filemanager/internal/datasources/validate/datasource.go:226.18,228.3 1 0
github.com/ebogdum/filemanager/internal/datasources/validate/datasource.go:230.2,230.18 1 0
github.com/ebogdum/filemanager/internal/datasources/validate/datasource.go:230.18,236.3 2 0
github.com/ebogdum/filemanager/internal/datasources/validate/datasource.go:239.2,240.23 2 0
github.com/ebogdum/filemanager/internal/datasources/validate/datasource.go:240.23,242.3 1 0
github.com/ebogdum/filemanager/internal/datasources/validate/datasource.go:245.2,254.20 7 0
github.com/ebogdum/filemanager/internal/datasources/validate/datasource.go:254.20,260.3 5 0
github.com/ebogdum/filemanager/internal/datasources/validate/datasource.go:260.8,263.27 2 0
github.com/ebogdum/filemanager/internal/datasources/validate/datasource.go:263.27,265.4 1 0
github.com/ebogdum/filemanager/internal/datasources/validate/datasource.go:265.9,267.4 1 0
github.com/ebogdum/filemanager/internal/datasources/validate/datasource.go:269.3,269.29 1 0
github.com/ebogdum/filemanager/internal/datasources/validate/datasource.go:269.29,271.4 1 0
github.com/ebogdum/filemanager/internal/datasources/validate/datasource.go:271.9,273.4 1 0
github.com/ebogdum/filemanager/internal/datasources/validate/datasource.go:275.3,275.29 1 0
github.com/ebogdum/filemanager/internal/datasources/validate/datasource.go:275.29,277.4 1 0
github.com/ebogdum/filemanager/internal/datasources/validate/datasource.go:277.9,279.4 1 0
github.com/ebogdum/filemanager/internal/datasources/validate/datasource.go:281.3,281.27 1 0
github.com/ebogdum/filemanager/internal/datasources/validate/datasource.go:281.27,283.4 1 0
github.com/ebogdum/filemanager/internal/datasources/validate/datasource.go:283.9,285.4 1 0
github.com/ebogdum/filemanager/internal/datasources/validate/datasource.go:288.2,288.56 1 0
github.com/ebogdum/filemanager/internal/datasources/validate/datasource.go:292.106,293.49 1 0
github.com/ebogdum/filemanager/internal/datasources/validate/datasource.go:293.49,295.3 1 0
github.com/ebogdum/filemanager/internal/datasources/validate/datasource.go:296.2,296.57 1 0
github.com/ebogdum/filemanager/internal/datasources/validate/datasource.go:300.39,302.13 2 0
github.com/ebogdum/filemanager/internal/datasources/validate/datasource.go:303.15,304.16 1 0
github.com/ebogdum/filemanager/internal/datasources/validate/datasource.go:305.23,306.16 1 0
github.com/ebogdum/filemanager/internal/datasources/validate/datasource.go:307.15,308.16 1 0
github.com/ebogdum/filemanager/internal/datasources/validate/datasource.go:309.31,310.15 1 0
github.com/ebogdum/filemanager/internal/datasources/validate/datasource.go:311.14,312.15 1 0
github.com/ebogdum/filemanager/internal/datasources/validate/datasource.go:313.10,316.38 2 0
github.com/ebogdum/filemanager/internal/datasources/validate/datasource.go:316.38,318.4 1 0
github.com/ebogdum/filemanager/internal/datasources/validate/datasource.go:319.3,319.12 1 0
github.com/ebogdum/filemanager/internal/datasources/validate/datasource.go:324.70,325.16 1 0
github.com/ebogdum/filemanager/internal/datasources/validate/datasource.go:326.14,327.31 1 0
github.com/ebogdum/filemanager/internal/datasources/validate/datasource.go:328.14,329.31 1 0
github.com/ebogdum/filemanager/internal/datasources/validate/datasource.go:330.14,331.31 1 0
github.com/ebogdum/filemanager/internal/datasources/validate/datasource.go:332.13,333.30 1 0
github.com/ebogdum/filemanager/internal/datasources/validate/datasource.go:334.13,335.30 1 0
github.com/ebogdum/filemanager/internal/datasources/validate/datasource.go:336.10,340.4 1 0
github.com/ebogdum/filemanager/internal/datasources/validate/datasource.go:345.52,348.16 3 0
github.com/ebogdum/filemanager/internal/datasources/validate/datasource.go:348.16,350.3 1 0
github.com/ebogdum/filemanager/internal/datasources/validate/datasource.go:352.2,358.50 2 0
github.com/ebogdum/filemanager/internal/datasources/validate/datasource.go:358.50,361.3 2 0
github.com/ebogdum/filemanager/internal/datasources/validate/datasource.go:364.2,364.55 1 0
github.com/ebogdum/filemanager/internal/datasources/validate/datasource.go:364.55,367.3 2 0
github.com/ebogdum/filemanager/internal/datasources/validate/datasource.go:369.2,369.15 1 0
github.com/ebogdum/filemanager/internal/datasources/validate/datasource.go:373.52,376.16 3 0
github.com/ebogdum/filemanager/internal/datasources/validate/datasource.go:376.16,378.3 1 0
github.com/ebogdum/filemanager/internal/datasources/validate/datasource.go:380.2,386.46 2 0
github.com/ebogdum/filemanager/internal/datasources/validate/datasource.go:386.46,389.36 2 0
github.com/ebogdum/filemanager/internal/datasources/validate/datasource.go:389.36,391.70 2 0
github.com/ebogdum/filemanager/internal/datasources/validate/datasource.go:391.70,393.10 2 0
github.com/ebogdum/filemanager/internal/datasources/validate/datasource.go:398.2,398.15 1 0
github.com/ebogdum/filemanager/internal/datasources/validate/datasource.go:402.52,405.16 3 0
github.com/ebogdum/filemanager/internal/datasources/validate/datasource.go:405.16,407.3 1 0
github.com/ebogdum/filemanager/internal/datasources/validate/datasource.go:409.2,415.50 2 0
github.com/ebogdum/filemanager/internal/datasources/validate/datasource.go:415.50,417.3 1 0
github.com/ebogdum/filemanager/internal/datasources/validate/datasource.go:419.2,419.15 1 0
github.com/ebogdum/filemanager/internal/datasources/validate/datasource.go:423.51,425.16 2 0
github.com/ebogdum/filemanager/internal/datasources/validate/datasource.go:425.16,427.3 1 0
github.com/ebogdum/filemanager/internal/datasources/validate/datasource.go:429.2,437.78 3 0
github.com/ebogdum/filemanager/internal/datasources/validate/datasource.go:437.78,439.3 1 0
github.com/ebogdum/filemanager/internal/datasources/validate/datasource.go:441.2,441.15 1 0
github.com/ebogdum/filemanager/internal/datasources/validate/datasource.go:445.51,448.29 2 0
github.com/ebogdum/filemanager/internal/datasources/validate/datasource.go:448.29,453.55 3 0
github.com/ebogdum/filemanager/internal/datasources/validate/datasource.go:453.55,454.12 1 0
github.com/ebogdum/filemanager/internal/datasources/validate/datasource.go:458.3,458.38 1 0
github.com/ebogdum/filemanager/internal/datasources/validate/datasource.go:458.38,464.4 1 0
github.com/ebogdum/filemanager/internal/datasources/validate/datasource.go:466.3,470.16 3 0
github.com/ebogdum/filemanager/internal/datasources/validate/datasource.go:470.16,476.4 1 0
github.com/ebogdum/filemanager/internal/datasources/validate/datasource.go:479.3,480.110 2 0
github.com/ebogdum/filemanager/internal/datasources/validate/datasource.go:480.110,487.4 1 0
github.com/ebogdum/filemanager/internal/datasources/validate/datasource.go:490.3,490.33 1 0
github.com/ebogdum/filemanager/internal/datasources/validate/datasource.go:490.33,492.97 2 0
github.com/ebogdum/filemanager/internal/datasources/validate/datasource.go:492.97,499.5 1 0
github.com/ebogdum/filemanager/internal/datasources/validate/datasource.go:503.2,503.40 1 0
github.com/ebogdum/filemanager/internal/datasources/validate/datasource.go:507.68,508.17 1 0
github.com/ebogdum/filemanager/internal/datasources/validate/datasource.go:508.17,510.3 1 0
github.com/ebogdum/filemanager/internal/datasources/validate/datasource.go:512.2,514.64 3 0
github.com/ebogdum/filemanager/internal/datasources/validate/datasource.go:514.64,515.25 1 0
github.com/ebogdum/filemanager/internal/datasources/validate/datasource.go:515.25,518.4 2 0
github.com/ebogdum/filemanager/internal/datasources/validate/datasource.go:518.9,520.4 1 0
github.com/ebogdum/filemanager/internal/datasources/validate/datasource.go:522.2,522.18 1 0
github.com/ebogdum/filemanager/internal/datasources/validate/datasource.go:526.78,528.45 2 0
github.com/ebogdum/filemanager/internal/datasources/validate/datasource.go:528.45,530.3 1 0
github.com/ebogdum/filemanager/internal/datasources/validate/datasource.go:532.2,533.19 2 0
github.com/ebogdum/filemanager/internal/datasources/validate/datasource.go:533.19,535.3 1 0
github.com/ebogdum/filemanager/internal/datasources/validate/datasource.go:537.2,538.26 2 0
github.com/ebogdum/filemanager/internal/datasources/validate/datasource.go:538.26,540.3 1 0
github.com/ebogdum/filemanager/internal/datasources/validate/datasource.go:542.2,545.40 3 0
github.com/ebogdum/filemanager/internal/datasources/validate/datasource.go:545.40,549.21 3 0
github.com/ebogdum/filemanager/internal/datasources/validate/datasource.go:549.21,551.4 1 0
github.com/ebogdum/filemanager/internal/datasources/validate/datasource.go:551.9,553.4 1 0
github.com/ebogdum/filemanager/internal/datasources/validate/datasource.go:556.2,556.24 1 0
github.com/ebogdum/filemanager/internal/datasources/toml/datasource.go:27.48,29.2 1 0
github.com/ebogdum/filemanager/internal/datasources/toml/datasource.go:51.123,53.2 1 0
github.com/ebogdum/filemanager/internal/datasources/toml/datasource.go:56.117,104.2 1 0
github.com/ebogdum/filemanager/internal/datasources/toml/datasource.go:107.126,108.29 1 0
github.com/ebogdum/filemanager/internal/datasources/toml/datasource.go:108.29,110.3 1 0
github.com/ebogdum/filemanager/internal/datasources/toml/datasource.go:112.2,113.9 2 0
github.com/ebogdum/filemanager/internal/datasources/toml/datasource.go:113.9,119.3 2 0
github.com/ebogdum/filemanager/internal/datasources/toml/datasource.go:121.2,121.19 1 0
github.com/ebogdum/filemanager/internal/datasources/toml/datasource.go:125.111,129.33 3 0
github.com/ebogdum/filemanager/internal/datasources/toml/datasource.go:129.33,131.3 1 0
github.com/ebogdum/filemanager/internal/datasources/toml/datasource.go:134.2,135.16 2 0
github.com/ebogdum/filemanager/internal/datasources/toml/datasource.go:135.16,138.3 2 0
github.com/ebogdum/filemanager/internal/datasources/toml/datasource.go:141.2,142.16 2 0
github.com/ebogdum/filemanager/internal/datasources/toml/datasource.go:142.16,145.3 2 0
github.com/ebogdum/filemanager/internal/datasources/toml/datasource.go:147.2,147.13 1 0
github.com/ebogdum/filemanager/internal/datasources/toml/datasource.go:147.13,153.3 2 0
github.com/ebogdum/filemanager/internal/datasources/toml/datasource.go:156.2,157.16 2 0
github.com/ebogdum/filemanager/internal/datasources/toml/datasource.go:157.16,160.3 2 0
github.com/ebogdum/filemanager/internal/datasources/toml/datasource.go:161.2,164.16 3 0
github.com/ebogdum/filemanager/internal/datasources/toml/datasource.go:164.16,167.3 2 0
github.com/ebogdum/filemanager/internal/datasources/toml/datasource.go:170.2,171.57 2 0
github.com/ebogdum/filemanager/internal/datasources/toml/datasource.go:171.57,177.3 2 0
github.com/ebogdum/filemanager/internal/datasources/toml/datasource.go:180.2,182.33 3 0
github.com/ebogdum/filemanager/internal/datasources/toml/datasource.go:182.33,184.3 1 0
github.com/ebogdum/filemanager/internal/datasources/toml/datasource.go:187.2,188.60 2 0
github.com/ebogdum/filemanager/internal/datasources/toml/datasource.go:188.60,191.17 3 0
github.com/ebogdum/filemanager/internal/datasources/toml/datasource.go:191.17,194.4 2 0
github.com/ebogdum/filemanager/internal/datasources/toml/datasource.go:195.3,197.34 3 0
github.com/ebogdum/filemanager/internal/datasources/toml/datasource.go:197.34,199.4 1 0
github.com/ebogdum/filemanager/internal/datasources/toml/datasource.go:200.8,202.3 1 0
github.com/ebogdum/filemanager/internal/datasources/toml/datasource.go:205.2,216.56 9 0
github.com/ebogdum/filemanager/internal/datasources/toml/datasource.go:220.102,221.49 1 0
github.com/ebogdum/filemanager/internal/datasources/toml/datasource.go:221.49,223.3 1 0
github.com/ebogdum/filemanager/internal/datasources/toml/datasource.go:224.2,224.57 1 0
github.com/ebogdum/filemanager/internal/datasources/groups/datasource.go:27.50,29.2 1 0
github.com/ebogdum/filemanager/internal/datasources/groups/datasource.go:55.125,57.2 1 0
github.com/ebogdum/filemanager/internal/datasources/groups/datasource.go:60.119,114.2 1 0
github.com/ebogdum/filemanager/internal/datasources/groups/datasource.go:117.128,118.29 1 0
github.com/ebogdum/filemanager/internal/datasources/groups/datasource.go:118.29,120.3 1 0
github.com/ebogdum/filemanager/internal/datasources/groups/datasource.go:122.2,123.9 2 0
github.com/ebogdum/filemanager/internal/datasources/groups/datasource.go:123.9,129.3 2 0
github.com/ebogdum/filemanager/internal/datasources/groups/datasource.go:131.2,131.19 1 0
github.com/ebogdum/filemanager/internal/datasources/groups/datasource.go:135.113,139.33 3 0
github.com/ebogdum/filemanager/internal/datasources/groups/datasource.go:139.33,141.3 1 0
github.com/ebogdum/filemanager/internal/datasources/groups/datasource.go:144.2,144.31 1 0
github.com/ebogdum/filemanager/internal/datasources/groups/datasource.go:144.31,150.3 2 0
github.com/ebogdum/filemanager/internal/datasources/groups/datasource.go:153.2,154.16 2 0
github.com/ebogdum/filemanager/internal/datasources/groups/datasource.go:154.16,157.3 2 0
github.com/ebogdum/filemanager/internal/datasources/groups/datasource.go:160.2,164.27 4 0
github.com/ebogdum/filemanager/internal/datasources/groups/datasource.go:164.27,166.3 1 0
github.com/ebogdum/filemanager/internal/datasources/groups/datasource.go:167.2,167.27 1 0
github.com/ebogdum/filemanager/internal/datasources/groups/datasource.go:167.27,169.3 1 0
github.com/ebogdum/filemanager/internal/datasources/groups/datasource.go:171.2,175.27 4 0
github.com/ebogdum/filemanager/internal/datasources/groups/datasource.go:175.27,177.36 1 0
github.com/ebogdum/filemanager/internal/datasources/groups/datasource.go:177.36,178.12 1 0
github.com/ebogdum/filemanager/internal/datasources/groups/datasource.go:180.3,180.36 1 0
github.com/ebogdum/filemanager/internal/datasources/groups/datasource.go:180.36,181.12 1 0
github.com/ebogdum/filemanager/internal/datasources/groups/datasource.go:185.3,185.52 1 0
github.com/ebogdum/filemanager/internal/datasources/groups/datasource.go:185.52,186.12 1 0
github.com/ebogdum/filemanager/internal/datasources/groups/datasource.go:190.3,192.34 3 0
github.com/ebogdum/filemanager/internal/datasources/groups/datasource.go:192.34,194.4 1 0
github.com/ebogdum/filemanager/internal/datasources/groups/datasource.go:196.3,203.48 3 0
github.com/ebogdum/filemanager/internal/datasources/groups/datasource.go:206.2,212.33 5 0
github.com/ebogdum/filemanager/internal/datasources/groups/datasource.go:212.33,214.3 1 0
github.com/ebogdum/filemanager/internal/datasources/groups/datasource.go:215.2,219.33 4 0
github.com/ebogdum/filemanager/internal/datasources/groups/datasource.go:219.33,221.3 1 0
github.com/ebogdum/filemanager/internal/datasources/groups/datasource.go:222.2,224.56 2 0
github.com/ebogdum/filemanager/internal/datasources/groups/datasource.go:235.40,237.16 2 0
github.com/ebogdum/filemanager/internal/datasources/groups/datasource.go:237.16,239.3 1 0
github.com/ebogdum/filemanager/internal/datasources/groups/datasource.go:240.2,245.21 4 0
github.com/ebogdum/filemanager/internal/datasources/groups/datasource.go:245.21,249.49 2 0
github.com/ebogdum/filemanager/internal/datasources/groups/datasource.go:249.49,250.12 1 0
github.com/ebogdum/filemanager/internal/datasources/groups/datasource.go:253.3,254.21 2 0
github.com/ebogdum/filemanager/internal/datasources/groups/datasource.go:254.21,255.12 1 0
github.com/ebogdum/filemanager/internal/datasources/groups/datasource.go:258.3,259.17 2 0
github.com/ebogdum/filemanager/internal/datasources/groups/datasource.go:259.17,260.12 1 0
github.com/ebogdum/filemanager/internal/datasources/groups/datasource.go:263.3,264.21 2 0
github.com/ebogdum/filemanager/internal/datasources/groups/datasource.go:264.21,266.4 1 0
github.com/ebogdum/filemanager/internal/datasources/groups/datasource.go:268.3,272.5 1 0
github.com/ebogdum/filemanager/internal/datasources/groups/datasource.go:275.2,275.38 1 0
github.com/ebogdum/filemanager/internal/datasources/groups/datasource.go:275.38,277.3 1 0
github.com/ebogdum/filemanager/internal/datasources/groups/datasource.go:279.2,279.21 1 0
github.com/ebogdum/filemanager/internal/datasources/groups/datasource.go:284.57,286.16 2 0
github.com/ebogdum/filemanager/internal/datasources/groups/datasource.go:286.16,288.3 1 0
github.com/ebogdum/filemanager/internal/datasources/groups/datasource.go:289.2,290.16 2 0
github.com/ebogdum/filemanager/internal/datasources/groups/datasource.go:290.16,292.3 1 0
github.com/ebogdum/filemanager/internal/datasources/groups/datasource.go:293.2,293.20 1 0
github.com/ebogdum/filemanager/internal/datasources/groups/datasource.go:297.43,298.20 1 0
github.com/ebogdum/filemanager/internal/datasources/groups/datasource.go:298.20,300.3 1 0
github.com/ebogdum/filemanager/internal/datasources/groups/datasource.go:302.2,302.37 1 0
github.com/ebogdum/filemanager/internal/datasources/groups/datasource.go:302.37,304.3 1 0
github.com/ebogdum/filemanager/internal/datasources/groups/datasource.go:306.2,307.21 2 0
github.com/ebogdum/filemanager/internal/datasources/groups/datasource.go:307.21,309.3 1 0
github.com/ebogdum/filemanager/internal/datasources/groups/datasource.go:311.2,311.21 1 0
github.com/ebogdum/filemanager/internal/datasources/json/datasource.go:27.48,29.2 1 0
github.com/ebogdum/filemanager/internal/datasources/json/datasource.go:51.123,53.2 1 0
github.com/ebogdum/filemanager/internal/datasources/json/datasource.go:56.117,104.2 1 0
github.com/ebogdum/filemanager/internal/datasources/json/datasource.go:107.126,108.29 1 0
github.com/ebogdum/filemanager/internal/datasources/json/datasource.go:108.29,110.3 1 0
github.com/ebogdum/filemanager/internal/datasources/json/datasource.go:112.2,113.9 2 0
github.com/ebogdum/filemanager/internal/datasources/json/datasource.go:113.9,119.3 2 0
github.com/ebogdum/filemanager/internal/datasources/json/datasource.go:121.2,121.19 1 0
github.com/ebogdum/filemanager/internal/datasources/json/datasource.go:125.111,129.33 3 0
github.com/ebogdum/filemanager/internal/datasources/json/datasource.go:129.33,131.3 1 0
github.com/ebogdum/filemanager/internal/datasources/json/datasource.go:134.2,135.16 2 0
github.com/ebogdum/filemanager/internal/datasources/json/datasource.go:135.16,138.3 2 0
github.com/ebogdum/filemanager/internal/datasources/json/datasource.go:141.2,142.16 2 0
github.com/ebogdum/filemanager/internal/datasources/json/datasource.go:142.16,145.3 2 0
github.com/ebogdum/filemanager/internal/datasources/json/datasource.go:147.2,147.13 1 0
github.com/ebogdum/filemanager/internal/datasources/json/datasource.go:147.13,153.3 2 0
github.com/ebogdum/filemanager/internal/datasources/json/datasource.go:156.2,157.16 2 0
github.com/ebogdum/filemanager/internal/datasources/json/datasource.go:157.16,160.3 2 0
github.com/ebogdum/filemanager/internal/datasources/json/datasource.go:161.2,164.16 3 0
github.com/ebogdum/filemanager/internal/datasources/json/datasource.go:164.16,167.3 2 0
github.com/ebogdum/filemanager/internal/datasources/json/datasource.go:170.2,171.57 2 0
github.com/ebogdum/filemanager/internal/datasources/json/datasource.go:171.57,177.3 2 0
github.com/ebogdum/filemanager/internal/datasources/json/datasource.go:180.2,182.33 3 0
github.com/ebogdum/filemanager/internal/datasources/json/datasource.go:182.33,184.3 1 0
github.com/ebogdum/filemanager/internal/datasources/json/datasource.go:187.2,188.60 2 0
github.com/ebogdum/filemanager/internal/datasources/json/datasource.go:188.60,191.17 3 0
github.com/ebogdum/filemanager/internal/datasources/json/datasource.go:191.17,194.4 2 0
github.com/ebogdum/filemanager/internal/datasources/json/datasource.go:195.3,197.34 3 0
github.com/ebogdum/filemanager/internal/datasources/json/datasource.go:197.34,199.4 1 0
github.com/ebogdum/filemanager/internal/datasources/json/datasource.go:200.8,202.3 1 0
github.com/ebogdum/filemanager/internal/datasources/json/datasource.go:205.2,216.56 9 0
github.com/ebogdum/filemanager/internal/datasources/json/datasource.go:220.102,221.49 1 0
github.com/ebogdum/filemanager/internal/datasources/json/datasource.go:221.49,223.3 1 0
github.com/ebogdum/filemanager/internal/datasources/json/datasource.go:224.2,224.57 1 0
github.com/ebogdum/filemanager/internal/datasources/tfvars/datasource.go:31.50,33.2 1 0
github.com/ebogdum/filemanager/internal/datasources/tfvars/datasource.go:57.125,59.2 1 0
github.com/ebogdum/filemanager/internal/datasources/tfvars/datasource.go:62.119,119.2 1 0
github.com/ebogdum/filemanager/internal/datasources/tfvars/datasource.go:122.128,123.29 1 0
github.com/ebogdum/filemanager/internal/datasources/tfvars/datasource.go:123.29,125.3 1 0
github.com/ebogdum/filemanager/internal/datasources/tfvars/datasource.go:127.2,128.9 2 0
github.com/ebogdum/filemanager/internal/datasources/tfvars/datasource.go:128.9,134.3 2 0
github.com/ebogdum/filemanager/internal/datasources/tfvars/datasource.go:136.2,136.19 1 0
github.com/ebogdum/filemanager/internal/datasources/tfvars/datasource.go:140.113,144.33 3 0
github.com/ebogdum/filemanager/internal/datasources/tfvars/datasource.go:144.33,146.3 1 0
github.com/ebogdum/filemanager/internal/datasources/tfvars/datasource.go:149.2,150.16 2 0
github.com/ebogdum/filemanager/internal/datasources/tfvars/datasource.go:150.16,153.3 2 0
github.com/ebogdum/filemanager/internal/datasources/tfvars/datasource.go:156.2,157.16 2 0
github.com/ebogdum/filemanager/internal/datasources/tfvars/datasource.go:157.16,160.3 2 0
github.com/ebogdum/filemanager/internal/datasources/tfvars/datasource.go:162.2,162.13 1 0
github.com/ebogdum/filemanager/internal/datasources/tfvars/datasource.go:162.13,168.3 2 0
github.com/ebogdum/filemanager/internal/datasources/tfvars/datasource.go:171.2,172.16 2 0
github.com/ebogdum/filemanager/internal/datasources/tfvars/datasource.go:172.16,175.3 2 0
github.com/ebogdum/filemanager/internal/datasources/tfvars/datasource.go:176.2,179.16 3 0
github.com/ebogdum/filemanager/internal/datasources/tfvars/datasource.go:179.16,182.3 2 0
github.com/ebogdum/filemanager/internal/datasources/tfvars/datasource.go:185.2,189.22 4 0
github.com/ebogdum/filemanager/internal/datasources/tfvars/datasource.go:189.22,191.3 1 0
github.com/ebogdum/filemanager/internal/datasources/tfvars/datasource.go:191.8,193.3 1 0
github.com/ebogdum/filemanager/internal/datasources/tfvars/datasource.go:194.2,194.16 1 0
github.com/ebogdum/filemanager/internal/datasources/tfvars/datasource.go:194.16,200.3 2 0
github.com/ebogdum/filemanager/internal/datasources/tfvars/datasource.go:203.2,205.33 3 0
github.com/ebogdum/filemanager/internal/datasources/tfvars/datasource.go:205.33,207.3 1 0
github.com/ebogdum/filemanager/internal/datasources/tfvars/datasource.go:210.2,211.24 2 0
github.com/ebogdum/filemanager/internal/datasources/tfvars/datasource.go:211.24,213.3 1 0
github.com/ebogdum/filemanager/internal/datasources/tfvars/datasource.go:214.2,217.32 3 0
github.com/ebogdum/filemanager/internal/datasources/tfvars/datasource.go:217.32,219.3 1 0
github.com/ebogdum/filemanager/internal/datasources/tfvars/datasource.go:220.2,222.33 3 0
github.com/ebogdum/filemanager/internal/datasources/tfvars/datasource.go:222.33,224.3 1 0
github.com/ebogdum/filemanager/internal/datasources/tfvars/datasource.go:227.2,228.60 2 0
github.com/ebogdum/filemanager/internal/datasources/tfvars/datasource.go:228.60,231.19 3 0
github.com/ebogdum/filemanager/internal/datasources/tfvars/datasource.go:231.19,237.4 2 0
github.com/ebogdum/filemanager/internal/datasources/tfvars/datasource.go:238.3,240.34 3 0
github.com/ebogdum/filemanager/internal/datasources/tfvars/datasource.go:240.34,242.4 1 0
github.com/ebogdum/filemanager/internal/datasources/tfvars/datasource.go:243.8,245.3 1 0
github.com/ebogdum/filemanager/internal/datasources/tfvars/datasource.go:248.2,261.56 11 0
github.com/ebogdum/filemanager/internal/datasources/tfvars/datasource.go:265.104,266.49 1 0
github.com/ebogdum/filemanager/internal/datasources/tfvars/datasource.go:266.49,268.3 1 0
github.com/ebogdum/filemanager/internal/datasources/tfvars/datasource.go:269.2,269.57 1 0
github.com/ebogdum/filemanager/internal/datasources/tfvars/datasource.go:273.39,274.61 1 0
github.com/ebogdum/filemanager/internal/datasources/tfvars/datasource.go:274.61,276.3 1 0
github.com/ebogdum/filemanager/internal/datasources/tfvars/datasource.go:277.2,277.14 1 0
github.com/ebogdum/filemanager/internal/datasources/tfvars/datasource.go:281.58,284.23 3 0
github.com/ebogdum/filemanager/internal/datasources/tfvars/datasource.go:284.23,286.3 1 0
github.com/ebogdum/filemanager/internal/datasources/tfvars/datasource.go:288.2,289.9 2 0
github.com/ebogdum/filemanager/internal/datasources/tfvars/datasource.go:289.9,291.3 1 0
github.com/ebogdum/filemanager/internal/datasources/tfvars/datasource.go:293.2,294.42 2 0
github.com/ebogdum/filemanager/internal/datasources/tfvars/datasource.go:294.42,296.27 2 0
github.com/ebogdum/filemanager/internal/datasources/tfvars/datasource.go:296.27,298.4 1 0
github.com/ebogdum/filemanager/internal/datasources/tfvars/datasource.go:299.3,299.30 1 0
github.com/ebogdum/filemanager/internal/datasources/tfvars/datasource.go:302.2,302.20 1 0
github.com/ebogdum/filemanager/internal/datasources/tfvars/datasource.go:306.59,308.54 2 0
github.com/ebogdum/filemanager/internal/datasources/tfvars/datasource.go:308.54,310.3 1 0
github.com/ebogdum/filemanager/internal/datasources/tfvars/datasource.go:311.2,311.20 1 0
github.com/ebogdum/filemanager/internal/datasources/tfvars/datasource.go:315.33,316.18 1 0
github.com/ebogdum/filemanager/internal/datasources/tfvars/datasource.go:316.18,318.3 1 0
github.com/ebogdum/filemanager/internal/datasources/tfvars/datasource.go:320.2,322.9 2 0
github.com/ebogdum/filemanager/internal/datasources/tfvars/datasource.go:323.24,324.24 1 0
github.com/ebogdum/filemanager/internal/datasources/tfvars/datasource.go:326.24,328.17 2 0
github.com/ebogdum/filemanager/internal/datasources/tfvars/datasource.go:328.17,331.4 2 0
github.com/ebogdum/filemanager/internal/datasources/tfvars/datasource.go:332.3,333.11 2 0
github.com/ebogdum/filemanager/internal/datasources/tfvars/datasource.go:335.22,336.20 1 0
github.com/ebogdum/filemanager/internal/datasources/tfvars/datasource.go:338.61,340.47 2 0
github.com/ebogdum/filemanager/internal/datasources/tfvars/datasource.go:340.47,343.4 2 0
github.com/ebogdum/filemanager/internal/datasources/tfvars/datasource.go:344.3,344.16 1 0
github.com/ebogdum/filemanager/internal/datasources/tfvars/datasource.go:346.43,348.47 2 0
github.com/ebogdum/filemanager/internal/datasources/tfvars/datasource.go:348.47,351.4 2 0
github.com/ebogdum/filemanager/internal/datasources/tfvars/datasource.go:352.3,352.16 1 0
github.com/ebogdum/filemanager/internal/datasources/tfvars/datasource.go:354.10,355.24 1 0
github.com/ebogdum/filemanager/internal/datasources/files/datasource.go:24.49,26.2 1 0
github.com/ebogdum/filemanager/internal/datasources/files/datasource.go:55.124,57.2 1 0
github.com/ebogdum/filemanager/internal/datasources/files/datasource.go:60.118,123.2 1 0
github.com/ebogdum/filemanager/internal/datasources/files/datasource.go:126.127,127.29 1 0
github.com/ebogdum/filemanager/internal/datasources/files/datasource.go:127.29,129.3 1 0
github.com/ebogdum/filemanager/internal/datasources/files/datasource.go:131.2,132.9 2 0
github.com/ebogdum/filemanager/internal/datasources/files/datasource.go:132.9,138.3 2 0
github.com/ebogdum/filemanager/internal/datasources/files/datasource.go:140.2,140.19 1 0
github.com/ebogdum/filemanager/internal/datasources/files/datasource.go:144.112,148.33 3 0
github.com/ebogdum/filemanager/internal/datasources/files/datasource.go:148.33,150.3 1 0
github.com/ebogdum/filemanager/internal/datasources/files/datasource.go:153.2,154.16 2 0
github.com/ebogdum/filemanager/internal/datasources/files/datasource.go:154.16,157.3 2 0
github.com/ebogdum/filemanager/internal/datasources/files/datasource.go:160.2,161.16 2 0
github.com/ebogdum/filemanager/internal/datasources/files/datasource.go:161.16,164.3 2 0
github.com/ebogdum/filemanager/internal/datasources/files/datasource.go:166.2,166.13 1 0
github.com/ebogdum/filemanager/internal/datasources/files/datasource.go:166.13,172.3 2 0
github.com/ebogdum/filemanager/internal/datasources/files/datasource.go:175.2,182.16 3 0
github.com/ebogdum/filemanager/internal/datasources/files/datasource.go:182.16,185.3 2 0
github.com/ebogdum/filemanager/internal/datasources/files/datasource.go:188.2,200.26 4 0
github.com/ebogdum/filemanager/internal/datasources/files/datasource.go:200.26,202.20 1 0
github.com/ebogdum/filemanager/internal/datasources/files/datasource.go:202.20,204.30 2 0
github.com/ebogdum/filemanager/internal/datasources/files/datasource.go:204.30,205.13 1 0
github.com/ebogdum/filemanager/internal/datasources/files/datasource.go:209.3,218.34 3 0
github.com/ebogdum/filemanager/internal/datasources/files/datasource.go:218.34,220.4 1 0
github.com/ebogdum/filemanager/internal/datasources/files/datasource.go:221.3,221.45 1 0
github.com/ebogdum/filemanager/internal/datasources/files/datasource.go:225.2,227.33 3 0
github.com/ebogdum/filemanager/internal/datasources/files/datasource.go:227.33,229.3 1 0
github.com/ebogdum/filemanager/internal/datasources/files/datasource.go:231.2,235.56 4 0
github.com/ebogdum/filemanager/internal/datasources/files/datasource.go:239.103,240.49 1 0
github.com/ebogdum/filemanager/internal/datasources/files/datasource.go:240.49,242.3 1 0
github.com/ebogdum/filemanager/internal/datasources/files/datasource.go:243.2,243.57 1 0
github.com/ebogdum/filemanager/internal/datasources/users/datasource.go:27.49,29.2 1 0
github.com/ebogdum/filemanager/internal/datasources/users/datasource.go:58.124,60.2 1 0
github.com/ebogdum/filemanager/internal/datasources/users/datasource.go:63.118,128.2 1 0
github.com/ebogdum/filemanager/internal/datasources/users/datasource.go:131.127,132.29 1 0
github.com/ebogdum/filemanager/internal/datasources/users/datasource.go:132.29,134.3 1 0
github.com/ebogdum/filemanager/internal/datasources/users/datasource.go:136.2,137.9 2 0
github.com/ebogdum/filemanager/internal/datasources/users/datasource.go:137.9,143.3 2 0
github.com/ebogdum/filemanager/internal/datasources/users/datasource.go:145.2,145.19 1 0
github.com/ebogdum/filemanager/internal/datasources/users/datasource.go:149.112,153.33 3 0
github.com/ebogdum/filemanager/internal/datasources/users/datasource.go:153.33,155.3 1 0
github.com/ebogdum/filemanager/internal/datasources/users/datasource.go:158.2,158.31 1 0
github.com/ebogdum/filemanager/internal/datasources/users/datasource.go:158.31,164.3 2 0
github.com/ebogdum/filemanager/internal/datasources/users/datasource.go:167.2,168.16 2 0
github.com/ebogdum/filemanager/internal/datasources/users/datasource.go:168.16,171.3 2 0
github.com/ebogdum/filemanager/internal/datasources/users/datasource.go:174.2,178.27 4 0
github.com/ebogdum/filemanager/internal/datasources/users/datasource.go:178.27,180.3 1 0
github.com/ebogdum/filemanager/internal/datasources/users/datasource.go:181.2,181.27 1 0
github.com/ebogdum/filemanager/internal/datasources/users/datasource.go:181.27,183.3 1 0
github.com/ebogdum/filemanager/internal/datasources/users/datasource.go:185.2,189.26 4 0
github.com/ebogdum/filemanager/internal/datasources/users/datasource.go:189.26,191.36 1 0
github.com/ebogdum/filemanager/internal/datasources/users/datasource.go:191.36,192.12 1 0
github.com/ebogdum/filemanager/internal/datasources/users/datasource.go:194.3,194.36 1 0
github.com/ebogdum/filemanager/internal/datasources/users/datasource.go:194.36,195.12 1 0
github.com/ebogdum/filemanager/internal/datasources/users/datasource.go:199.3,199.56 1 0
github.com/ebogdum/filemanager/internal/datasources/users/datasource.go:199.56,200.12 1 0
github.com/ebogdum/filemanager/internal/datasources/users/datasource.go:203.3,213.52 3 0
github.com/ebogdum/filemanager/internal/datasources/users/datasource.go:216.2,222.33 5 0
github.com/ebogdum/filemanager/internal/datasources/users/datasource.go:222.33,224.3 1 0
github.com/ebogdum/filemanager/internal/datasources/users/datasource.go:225.2,229.33 4 0
github.com/ebogdum/filemanager/internal/datasources/users/datasource.go:229.33,231.3 1 0
github.com/ebogdum/filemanager/internal/datasources/users/datasource.go:232.2,234.56 2 0
github.com/ebogdum/filemanager/internal/datasources/users/datasource.go:248.42,250.16 2 0
github.com/ebogdum/filemanager/internal/datasources/users/datasource.go:250.16,252.3 1 0
github.com/ebogdum/filemanager/internal/datasources/users/datasource.go:253.2,258.21 4 0
github.com/ebogdum/filemanager/internal/datasources/users/datasource.go:258.21,262.49 2 0
github.com/ebogdum/filemanager/internal/datasources/users/datasource.go:262.49,263.12 1 0
github.com/ebogdum/filemanager/internal/datasources/users/datasource.go:266.3,267.21 2 0
github.com/ebogdum/filemanager/internal/datasources/users/datasource.go:267.21,268.12 1 0
github.com/ebogdum/filemanager/internal/datasources/users/datasource.go:271.3,272.17 2 0
github.com/ebogdum/filemanager/internal/datasources/users/datasource.go:272.17,273.12 1 0
github.com/ebogdum/filemanager/internal/datasources/users/datasource.go:276.3,277.17 2 0
github.com/ebogdum/filemanager/internal/datasources/users/datasource.go:277.17,278.12 1 0
github.com/ebogdum/filemanager/internal/datasources/users/datasource.go:282.3,283.49 2 0
github.com/ebogdum/filemanager/internal/datasources/users/datasource.go:283.49,285.4 1 0
github.com/ebogdum/filemanager/internal/datasources/users/datasource.go:287.3,294.5 1 0
github.com/ebogdum/filemanager/internal/datasources/users/datasource.go:297.2,297.38 1 0
github.com/ebogdum/filemanager/internal/datasources/users/datasource.go:297.38,299.3 1 0
github.com/ebogdum/filemanager/internal/datasources/users/datasource.go:301.2,301.21 1 0
github.com/ebogdum/filemanager/internal/datasources/users/datasource.go:306.55,308.16 2 0
github.com/ebogdum/filemanager/internal/datasources/users/datasource.go:308.16,310.3 1 0
github.com/ebogdum/filemanager/internal/datasources/users/datasource.go:311.2,312.16 2 0
github.com/ebogdum/filemanager/internal/datasources/users/datasource.go:312.16,314.3 1 0
github.com/ebogdum/filemanager/internal/datasources/users/datasource.go:315.2,315.20 1 0
github.com/ebogdum/filemanager/internal/datasources/users/datasource.go:319.43,320.20 1 0
github.com/ebogdum/filemanager/internal/datasources/users/datasource.go:320.20,322.3 1 0
github.com/ebogdum/filemanager/internal/datasources/users/datasource.go:324.2,324.37 1 0
github.com/ebogdum/filemanager/internal/datasources/users/datasource.go:324.37,326.3 1 0
github.com/ebogdum/filemanager/internal/datasources/users/datasource.go:328.2,329.21 2 0
github.com/ebogdum/filemanager/internal/datasources/users/datasource.go:329.21,331.3 1 0
github.com/ebogdum/filemanager/internal/datasources/users/datasource.go:333.2,333.21 1 0
github.com/ebogdum/filemanager/internal/datasources/xml/datasource.go:29.47,31.2 1 0
github.com/ebogdum/filemanager/internal/datasources/xml/datasource.go:53.122,55.2 1 0
github.com/ebogdum/filemanager/internal/datasources/xml/datasource.go:58.116,106.2 1 0
github.com/ebogdum/filemanager/internal/datasources/xml/datasource.go:109.125,110.29 1 0
github.com/ebogdum/filemanager/internal/datasources/xml/datasource.go:110.29,112.3 1 0
github.com/ebogdum/filemanager/internal/datasources/xml/datasource.go:114.2,115.9 2 0
github.com/ebogdum/filemanager/internal/datasources/xml/datasource.go:115.9,121.3 2 0
github.com/ebogdum/filemanager/internal/datasources/xml/datasource.go:123.2,123.19 1 0
github.com/ebogdum/filemanager/internal/datasources/xml/datasource.go:127.110,131.33 3 0
github.com/ebogdum/filemanager/internal/datasources/xml/datasource.go:131.33,133.3 1 0
github.com/ebogdum/filemanager/internal/datasources/xml/datasource.go:136.2,137.16 2 0
github.com/ebogdum/filemanager/internal/datasources/xml/datasource.go:137.16,140.3 2 0
github.com/ebogdum/filemanager/internal/datasources/xml/datasource.go:143.2,144.16 2 0
github.com/ebogdum/filemanager/internal/datasources/xml/datasource.go:144.16,147.3 2 0
github.com/ebogdum/filemanager/internal/datasources/xml/datasource.go:149.2,149.13 1 0
github.com/ebogdum/filemanager/internal/datasources/xml/datasource.go:149.13,155.3 2 0
github.com/ebogdum/filemanager/internal/datasources/xml/datasource.go:158.2,159.16 2 0
github.com/ebogdum/filemanager/internal/datasources/xml/datasource.go:159.16,162.3 2 0
github.com/ebogdum/filemanager/internal/datasources/xml/datasource.go:163.2,166.16 3 0
github.com/ebogdum/filemanager/internal/datasources/xml/datasource.go:166.16,169.3 2 0
github.com/ebogdum/filemanager/internal/datasources/xml/datasource.go:172.2,173.16 2 0
github.com/ebogdum/filemanager/internal/datasources/xml/datasource.go:173.16,179.3 2 0
github.com/ebogdum/filemanager/internal/datasources/xml/datasource.go:182.2,187.33 4 0
github.com/ebogdum/filemanager/internal/datasources/xml/datasource.go:187.33,189.3 1 0
github.com/ebogdum/filemanager/internal/datasources/xml/datasource.go:192.2,193.60 2 0
github.com/ebogdum/filemanager/internal/datasources/xml/datasource.go:193.60,196.17 3 0
github.com/ebogdum/filemanager/internal/datasources/xml/datasource.go:196.17,199.4 2 0
github.com/ebogdum/filemanager/internal/datasources/xml/datasource.go:200.3,202.34 3 0
github.com/ebogdum/filemanager/internal/datasources/xml/datasource.go:202.34,204.4 1 0
github.com/ebogdum/filemanager/internal/datasources/xml/datasource.go:205.8,207.3 1 0
github.com/ebogdum/filemanager/internal/datasources/xml/datasource.go:210.2,221.56 9 0
github.com/ebogdum/filemanager/internal/datasources/xml/datasource.go:225.101,226.49 1 0
github.com/ebogdum/filemanager/internal/datasources/xml/datasource.go:226.49,228.3 1 0
github.com/ebogdum/filemanager/internal/datasources/xml/datasource.go:229.2,229.57 1 0
github.com/ebogdum/filemanager/internal/datasources/xml/datasource.go:233.44,234.17 1 0
github.com/ebogdum/filemanager/internal/datasources/xml/datasource.go:234.17,236.3 1 0
github.com/ebogdum/filemanager/internal/datasources/xml/datasource.go:238.2,238.19 1 0
github.com/ebogdum/filemanager/internal/datasources/xml/datasource.go:239.29,240.73 1 0
github.com/ebogdum/filemanager/internal/datasources/xml/datasource.go:240.73,241.42 1 0
github.com/ebogdum/filemanager/internal/datasources/xml/datasource.go:241.42,245.5 3 0
github.com/ebogdum/filemanager/internal/datasources/xml/datasource.go:247.3,247.13 1 0
github.com/ebogdum/filemanager/internal/datasources/xml/datasource.go:249.28,252.16 3 0
github.com/ebogdum/filemanager/internal/datasources/xml/datasource.go:254.25,255.38 1 0
github.com/ebogdum/filemanager/internal/datasources/xml/datasource.go:257.10,258.13 1 0
github.com/ebogdum/filemanager/internal/datasources/xml/datasource.go:263.44,264.17 1 0
github.com/ebogdum/filemanager/internal/datasources/xml/datasource.go:264.17,266.3 1 0
github.com/ebogdum/filemanager/internal/datasources/xml/datasource.go:268.2,271.33 2 0
github.com/ebogdum/filemanager/internal/datasources/xml/datasource.go:271.33,273.28 2 0
github.com/ebogdum/filemanager/internal/datasources/xml/datasource.go:273.28,275.4 1 0
github.com/ebogdum/filemanager/internal/datasources/xml/datasource.go:276.3,276.31 1 0
github.com/ebogdum/filemanager/internal/datasources/xml/datasource.go:280.2,284.72 4 0
github.com/ebogdum/filemanager/internal/datasources/xml/datasource.go:284.72,285.21 1 0
github.com/ebogdum/filemanager/internal/datasources/xml/datasource.go:286.29,289.67 3 0
github.com/ebogdum/filemanager/internal/datasources/xml/datasource.go:291.26,293.18 2 0
github.com/ebogdum/filemanager/internal/datasources/xml/datasource.go:293.18,295.5 1 0
github.com/ebogdum/filemanager/internal/datasources/xml/datasource.go:300.2,300.39 1 0
github.com/ebogdum/filemanager/internal/datasources/xml/datasource.go:300.39,301.25 1 0
github.com/ebogdum/filemanager/internal/datasources/xml/datasource.go:301.25,303.4 1 0
github.com/ebogdum/filemanager/internal/datasources/xml/datasource.go:303.9,305.4 1 0
github.com/ebogdum/filemanager/internal/datasources/xml/datasource.go:309.2,309.27 1 0
github.com/ebogdum/filemanager/internal/datasources/xml/datasource.go:309.27,310.44 1 0
github.com/ebogdum/filemanager/internal/datasources/xml/datasource.go:310.44,312.4 1 0
github.com/ebogdum/filemanager/internal/datasources/xml/datasource.go:312.9,314.4 1 0
github.com/ebogdum/filemanager/internal/datasources/xml/datasource.go:317.2,317.22 1 0
github.com/ebogdum/filemanager/internal/datasources/xml/datasource.go:317.22,319.3 1 0
github.com/ebogdum/filemanager/internal/datasources/xml/datasource.go:321.2,321.15 1 0
github.com/ebogdum/filemanager/internal/datasources/yaml/datasource.go:27.48,29.2 1 0
github.com/ebogdum/filemanager/internal/datasources/yaml/datasource.go:51.123,53.2 1 0
github.com/ebogdum/filemanager/internal/datasources/yaml/datasource.go:56.117,104.2 1 0
github.com/ebogdum/filemanager/internal/datasources/yaml/datasource.go:107.126,108.29 1 0
github.com/ebogdum/filemanager/internal/datasources/yaml/datasource.go:108.29,110.3 1 0
github.com/ebogdum/filemanager/internal/datasources/yaml/datasource.go:112.2,113.9 2 0
github.com/ebogdum/filemanager/internal/datasources/yaml/datasource.go:113.9,119.3 2 0
github.com/ebogdum/filemanager/internal/datasources/yaml/datasource.go:121.2,121.19 1 0
github.com/ebogdum/filemanager/internal/datasources/yaml/datasource.go:125.111,129.33 3 0
github.com/ebogdum/filemanager/internal/datasources/yaml/datasource.go:129.33,131.3 1 0
github.com/ebogdum/filemanager/internal/datasources/yaml/datasource.go:134.2,135.16 2 0
github.com/ebogdum/filemanager/internal/datasources/yaml/datasource.go:135.16,138.3 2 0
github.com/ebogdum/filemanager/internal/datasources/yaml/datasource.go:141.2,142.16 2 0
github.com/ebogdum/filemanager/internal/datasources/yaml/datasource.go:142.16,145.3 2 0
github.com/ebogdum/filemanager/internal/datasources/yaml/datasource.go:147.2,147.13 1 0
github.com/ebogdum/filemanager/internal/datasources/yaml/datasource.go:147.13,153.3 2 0
github.com/ebogdum/filemanager/internal/datasources/yaml/datasource.go:156.2,157.16 2 0
github.com/ebogdum/filemanager/internal/datasources/yaml/datasource.go:157.16,160.3 2 0
github.com/ebogdum/filemanager/internal/datasources/yaml/datasource.go:161.2,164.16 3 0
github.com/ebogdum/filemanager/internal/datasources/yaml/datasource.go:164.16,167.3 2 0
github.com/ebogdum/filemanager/internal/datasources/yaml/datasource.go:170.2,171.57 2 0
github.com/ebogdum/filemanager/internal/datasources/yaml/datasource.go:171.57,177.3 2 0
github.com/ebogdum/filemanager/internal/datasources/yaml/datasource.go:180.2,185.33 4 0
github.com/ebogdum/filemanager/internal/datasources/yaml/datasource.go:185.33,187.3 1 0
github.com/ebogdum/filemanager/internal/datasources/yaml/datasource.go:190.2,191.60 2 0
github.com/ebogdum/filemanager/internal/datasources/yaml/datasource.go:191.60,194.17 3 0
github.com/ebogdum/filemanager/internal/datasources/yaml/datasource.go:194.17,197.4 2 0
github.com/ebogdum/filemanager/internal/datasources/yaml/datasource.go:198.3,200.34 3 0
github.com/ebogdum/filemanager/internal/datasources/yaml/datasource.go:200.34,202.4 1 0
github.com/ebogdum/filemanager/internal/datasources/yaml/datasource.go:203.8,205.3 1 0
github.com/ebogdum/filemanager/internal/datasources/yaml/datasource.go:208.2,219.56 9 0
github.com/ebogdum/filemanager/internal/datasources/yaml/datasource.go:223.102,224.49 1 0
github.com/ebogdum/filemanager/internal/datasources/yaml/datasource.go:224.49,226.3 1 0
github.com/ebogdum/filemanager/internal/datasources/yaml/datasource.go:227.2,227.57 1 0
github.com/ebogdum/filemanager/internal/datasources/yaml/datasource.go:231.31,232.25 1 0
github.com/ebogdum/filemanager/internal/datasources/yaml/datasource.go:233.22,235.25 2 0
github.com/ebogdum/filemanager/internal/datasources/yaml/datasource.go:235.25,237.4 1 0
github.com/ebogdum/filemanager/internal/datasources/yaml/datasource.go:238.3,238.16 1 0
github.com/ebogdum/filemanager/internal/datasources/yaml/datasource.go:240.19,242.25 2 0
github.com/ebogdum/filemanager/internal/datasources/yaml/datasource.go:242.25,244.4 1 0
github.com/ebogdum/filemanager/internal/datasources/yaml/datasource.go:245.3,245.16 1 0
github.com/ebogdum/filemanager/internal/datasources/yaml/datasource.go:247.13,249.25 2 0
github.com/ebogdum/filemanager/internal/datasources/yaml/datasource.go:249.25,251.4 1 0
github.com/ebogdum/filemanager/internal/datasources/yaml/datasource.go:252.3,252.16 1 0
github.com/ebogdum/filemanager/internal/datasources/yaml/datasource.go:254.10,255.11 1 0
github.com/ebogdum/filemanager/internal/formats/env/format.go:20.20,22.2 1 0
github.com/ebogdum/filemanager/internal/formats/env/format.go:25.32,27.2 1 0
github.com/ebogdum/filemanager/internal/formats/env/format.go:30.40,32.2 1 0
github.com/ebogdum/filemanager/internal/formats/env/format.go:35.39,37.2 1 0
github.com/ebogdum/filemanager/internal/formats/env/format.go:41.50,47.21 4 0
github.com/ebogdum/filemanager/internal/formats/env/format.go:47.21,52.49 3 0
github.com/ebogdum/filemanager/internal/formats/env/format.go:52.49,53.12 1 0
github.com/ebogdum/filemanager/internal/formats/env/format.go:57.3,58.16 2 0
github.com/ebogdum/filemanager/internal/formats/env/format.go:58.16,60.12 1 0
github.com/ebogdum/filemanager/internal/formats/env/format.go:63.3,73.22 6 0
github.com/ebogdum/filemanager/internal/formats/env/format.go:76.2,76.38 1 0
github.com/ebogdum/filemanager/internal/formats/env/format.go:76.38,78.3 1 0
github.com/ebogdum/filemanager/internal/formats/env/format.go:80.2,80.20 1 0
github.com/ebogdum/filemanager/internal/formats/env/format.go:85.85,87.9 2 0
github.com/ebogdum/filemanager/internal/formats/env/format.go:87.9,89.3 1 0
github.com/ebogdum/filemanager/internal/formats/env/format.go:91.2,95.24 3 0
github.com/ebogdum/filemanager/internal/formats/env/format.go:95.24,97.3 1 0
github.com/ebogdum/filemanager/internal/formats/env/format.go:98.2,98.19 1 0
github.com/ebogdum/filemanager/internal/formats/env/format.go:98.19,100.3 1 0
github.com/ebogdum/filemanager/internal/formats/env/format.go:102.2,102.27 1 0
github.com/ebogdum/filemanager/internal/formats/env/format.go:102.27,107.27 3 0
github.com/ebogdum/filemanager/internal/formats/env/format.go:107.27,109.4 1 0
github.com/ebogdum/filemanager/internal/formats/env/format.go:111.3,114.24 4 0
github.com/ebogdum/filemanager/internal/formats/env/format.go:117.2,120.79 2 0
github.com/ebogdum/filemanager/internal/formats/env/format.go:120.79,122.3 1 0
github.com/ebogdum/filemanager/internal/formats/env/format.go:124.2,124.20 1 0
github.com/ebogdum/filemanager/internal/formats/env/format.go:128.87,129.18 1 0
github.com/ebogdum/filemanager/internal/formats/env/format.go:130.27,131.22 1 0
github.com/ebogdum/filemanager/internal/formats/env/format.go:133.83,135.35 1 0
github.com/ebogdum/filemanager/internal/formats/env/format.go:137.10,138.65 1 0
github.com/ebogdum/filemanager/internal/formats/env/format.go:143.60,144.31 1 0
github.com/ebogdum/filemanager/internal/formats/env/format.go:144.31,146.3 1 0
github.com/ebogdum/filemanager/internal/formats/env/format.go:148.2,149.9 2 0
github.com/ebogdum/filemanager/internal/formats/env/format.go:149.9,151.3 1 0
github.com/ebogdum/filemanager/internal/formats/env/format.go:153.2,155.9 3 0
github.com/ebogdum/filemanager/internal/formats/env/format.go:155.9,157.3 1 0
github.com/ebogdum/filemanager/internal/formats/env/format.go:159.2,159.19 1 0
github.com/ebogdum/filemanager/internal/formats/env/format.go:163.69,164.31 1 0
github.com/ebogdum/filemanager/internal/formats/env/format.go:164.31,166.3 1 0
github.com/ebogdum/filemanager/internal/formats/env/format.go:168.2,169.19 2 0
github.com/ebogdum/filemanager/internal/formats/env/format.go:169.19,171.3 1 0
github.com/ebogdum/filemanager/internal/formats/env/format.go:173.2,174.9 2 0
github.com/ebogdum/filemanager/internal/formats/env/format.go:174.9,176.3 1 0
github.com/ebogdum/filemanager/internal/formats/env/format.go:178.2,181.23 3 0
github.com/ebogdum/filemanager/internal/formats/env/format.go:185.61,186.31 1 0
github.com/ebogdum/filemanager/internal/formats/env/format.go:186.31,188.3 1 0
github.com/ebogdum/filemanager/internal/formats/env/format.go:190.2,191.19 2 0
github.com/ebogdum/filemanager/internal/formats/env/format.go:191.19,193.3 1 0
github.com/ebogdum/filemanager/internal/formats/env/format.go:195.2,196.9 2 0
github.com/ebogdum/filemanager/internal/formats/env/format.go:196.9,198.3 1 0
github.com/ebogdum/filemanager/internal/formats/env/format.go:200.2,203.23 3 0
github.com/ebogdum/filemanager/internal/formats/env/format.go:208.83,210.17 1 0
github.com/ebogdum/filemanager/internal/formats/env/format.go:210.17,212.3 1 0
github.com/ebogdum/filemanager/internal/formats/env/format.go:215.2,216.9 2 0
github.com/ebogdum/filemanager/internal/formats/env/format.go:216.9,224.3 1 0
github.com/ebogdum/filemanager/internal/formats/env/format.go:226.2,227.33 2 0
github.com/ebogdum/filemanager/internal/formats/env/format.go:227.33,229.26 1 0
github.com/ebogdum/filemanager/internal/formats/env/format.go:229.26,235.4 1 0
github.com/ebogdum/filemanager/internal/formats/env/format.go:238.3,238.23 1 0
github.com/ebogdum/filemanager/internal/formats/env/format.go:239.15,239.15 0 0
github.com/ebogdum/filemanager/internal/formats/env/format.go:241.34,241.34 0 0
github.com/ebogdum/filemanager/internal/formats/env/format.go:243.11,248.6 1 0
github.com/ebogdum/filemanager/internal/formats/env/format.go:252.2,252.20 1 0
github.com/ebogdum/filemanager/internal/formats/env/format.go:256.37,257.19 1 0
github.com/ebogdum/filemanager/internal/formats/env/format.go:257.19,259.3 1 0
github.com/ebogdum/filemanager/internal/formats/env/format.go:260.2,260.24 1 0
github.com/ebogdum/filemanager/internal/formats/env/format.go:260.24,261.13 1 0
github.com/ebogdum/filemanager/internal/formats/env/format.go:261.13,262.71 1 0
github.com/ebogdum/filemanager/internal/formats/env/format.go:262.71,264.5 1 0
github.com/ebogdum/filemanager/internal/formats/env/format.go:265.9,266.97 1 0
github.com/ebogdum/filemanager/internal/formats/env/format.go:266.97,268.5 1 0
github.com/ebogdum/filemanager/internal/formats/env/format.go:271.2,271.13 1 0
github.com/ebogdum/filemanager/internal/formats/env/format.go:275.50,285.2 1 0
github.com/ebogdum/filemanager/internal/formats/env/format.go:288.35,289.20 1 0
github.com/ebogdum/filemanager/internal/formats/env/format.go:289.20,291.3 1 0
github.com/ebogdum/filemanager/internal/formats/env/format.go:292.2,292.17 1 0
github.com/ebogdum/filemanager/internal/formats/env/format.go:292.17,294.3 1 0
github.com/ebogdum/filemanager/internal/formats/env/format.go:296.2,299.31 3 0
github.com/ebogdum/filemanager/internal/formats/env/format.go:299.31,301.29 2 0
github.com/ebogdum/filemanager/internal/formats/env/format.go:301.29,303.4 1 0
github.com/ebogdum/filemanager/internal/formats/env/format.go:304.3,304.32 1 0
github.com/ebogdum/filemanager/internal/formats/env/format.go:304.32,306.4 1 0
github.com/ebogdum/filemanager/internal/formats/env/format.go:307.3,307.16 1 0
github.com/ebogdum/filemanager/internal/formats/env/format.go:310.2,310.16 1 0
github.com/ebogdum/filemanager/internal/formats/env/format.go:314.26,315.14 1 0
github.com/ebogdum/filemanager/internal/formats/env/format.go:315.14,317.3 1 0
github.com/ebogdum/filemanager/internal/formats/env/format.go:319.2,319.25 1 0
github.com/ebogdum/filemanager/internal/formats/env/format.go:320.22,322.25 2 0
github.com/ebogdum/filemanager/internal/formats/env/format.go:322.25,324.4 1 0
github.com/ebogdum/filemanager/internal/formats/env/format.go:325.3,325.16 1 0
github.com/ebogdum/filemanager/internal/formats/env/format.go:327.10,328.11 1 0
github.com/ebogdum/filemanager/internal/formats/env/format.go:333.31,334.16 1 0
github.com/ebogdum/filemanager/internal/formats/env/format.go:334.16,336.3 1 0
github.com/ebogdum/filemanager/internal/formats/env/format.go:339.2,339.39 1 0
github.com/ebogdum/filemanager/internal/formats/env/format.go:339.39,347.3 6 0
github.com/ebogdum/filemanager/internal/formats/env/format.go:350.2,350.41 1 0
github.com/ebogdum/filemanager/internal/formats/env/format.go:350.41,352.3 1 0
github.com/ebogdum/filemanager/internal/formats/env/format.go:354.2,354.10 1 0
github.com/ebogdum/filemanager/internal/formats/env/format.go:358.34,359.13 1 0
github.com/ebogdum/filemanager/internal/formats/env/format.go:359.13,361.3 1 0
github.com/ebogdum/filemanager/internal/formats/env/format.go:363.2,363.22 1 0
github.com/ebogdum/filemanager/internal/formats/env/format.go:363.22,364.12 1 0
github.com/ebogdum/filemanager/internal/formats/env/format.go:365.62,366.15 1 0
github.com/ebogdum/filemanager/internal/formats/env/format.go:370.2,370.14 1 0
github.com/ebogdum/filemanager/internal/formats/env/format.go:374.29,380.2 5 0
github.com/ebogdum/filemanager/internal/formats/hcl/format.go:28.20,30.2 1 1
github.com/ebogdum/filemanager/internal/formats/hcl/format.go:33.32,35.2 1 0
github.com/ebogdum/filemanager/internal/formats/hcl/format.go:38.40,40.2 1 0
github.com/ebogdum/filemanager/internal/formats/hcl/format.go:43.39,45.2 1 0
github.com/ebogdum/filemanager/internal/formats/hcl/format.go:49.50,52.23 3 0
github.com/ebogdum/filemanager/internal/formats/hcl/format.go:52.23,54.3 1 0
github.com/ebogdum/filemanager/internal/formats/hcl/format.go:56.2,56.27 1 0
github.com/ebogdum/filemanager/internal/formats/hcl/format.go:60.59,64.9 3 0
github.com/ebogdum/filemanager/internal/formats/hcl/format.go:64.9,66.3 1 0
github.com/ebogdum/filemanager/internal/formats/hcl/format.go:69.2,69.42 1 0
github.com/ebogdum/filemanager/internal/formats/hcl/format.go:69.42,71.24 2 0
github.com/ebogdum/filemanager/internal/formats/hcl/format.go:71.24,74.12 2 0
github.com/ebogdum/filemanager/internal/formats/hcl/format.go:76.3,76.30 1 0
github.com/ebogdum/filemanager/internal/formats/hcl/format.go:80.2,80.36 1 0
github.com/ebogdum/filemanager/internal/formats/hcl/format.go:80.36,82.17 2 0
github.com/ebogdum/filemanager/internal/formats/hcl/format.go:82.17,84.4 1 0
github.com/ebogdum/filemanager/internal/formats/hcl/format.go:87.3,88.28 2 0
github.com/ebogdum/filemanager/internal/formats/hcl/format.go:88.28,90.4 1 0
github.com/ebogdum/filemanager/internal/formats/hcl/format.go:93.3,93.43 1 0
github.com/ebogdum/filemanager/internal/formats/hcl/format.go:93.43,94.32 1 0
github.com/ebogdum/filemanager/internal/formats/hcl/format.go:95.15,96.45 1 0
github.com/ebogdum/filemanager/internal/formats/hcl/format.go:97.12,98.44 1 0
github.com/ebogdum/filemanager/internal/formats/hcl/format.go:100.9,102.4 1 0
github.com/ebogdum/filemanager/internal/formats/hcl/format.go:105.2,105.20 1 0
github.com/ebogdum/filemanager/internal/formats/hcl/format.go:109.65,113.27 2 0
github.com/ebogdum/filemanager/internal/formats/hcl/format.go:113.27,115.3 1 0
github.com/ebogdum/filemanager/internal/formats/hcl/format.go:118.2,118.48 1 0
github.com/ebogdum/filemanager/internal/formats/hcl/format.go:118.48,120.24 2 0
github.com/ebogdum/filemanager/internal/formats/hcl/format.go:120.24,122.12 2 0
github.com/ebogdum/filemanager/internal/formats/hcl/format.go:124.3,124.30 1 0
github.com/ebogdum/filemanager/internal/formats/hcl/format.go:128.2,128.48 1 0
github.com/ebogdum/filemanager/internal/formats/hcl/format.go:128.48,130.17 2 0
github.com/ebogdum/filemanager/internal/formats/hcl/format.go:130.17,132.4 1 0
github.com/ebogdum/filemanager/internal/formats/hcl/format.go:134.3,135.34 2 0
github.com/ebogdum/filemanager/internal/formats/hcl/format.go:135.34,137.4 1 0
github.com/ebogdum/filemanager/internal/formats/hcl/format.go:139.3,139.44 1 0
github.com/ebogdum/filemanager/internal/formats/hcl/format.go:139.44,140.32 1 0
github.com/ebogdum/filemanager/internal/formats/hcl/format.go:141.15,142.47 1 0
github.com/ebogdum/filemanager/internal/formats/hcl/format.go:143.12,144.46 1 0
github.com/ebogdum/filemanager/internal/formats/hcl/format.go:146.9,148.4 1 0
github.com/ebogdum/filemanager/internal/formats/hcl/format.go:151.2,151.20 1 0
github.com/ebogdum/filemanager/internal/formats/hcl/format.go:155.53,158.2 1 0
github.com/ebogdum/filemanager/internal/formats/hcl/format.go:161.33,162.18 1 0
github.com/ebogdum/filemanager/internal/formats/hcl/format.go:162.18,164.3 1 0
github.com/ebogdum/filemanager/internal/formats/hcl/format.go:166.2,168.9 2 0
github.com/ebogdum/filemanager/internal/formats/hcl/format.go:169.24,170.24 1 0
github.com/ebogdum/filemanager/internal/formats/hcl/format.go:172.24,174.17 2 0
github.com/ebogdum/filemanager/internal/formats/hcl/format.go:174.17,177.4 2 0
github.com/ebogdum/filemanager/internal/formats/hcl/format.go:178.3,179.11 2 0
github.com/ebogdum/filemanager/internal/formats/hcl/format.go:181.22,182.20 1 0
github.com/ebogdum/filemanager/internal/formats/hcl/format.go:184.61,186.47 2 0
github.com/ebogdum/filemanager/internal/formats/hcl/format.go:186.47,189.4 2 0
github.com/ebogdum/filemanager/internal/formats/hcl/format.go:190.3,190.16 1 0
github.com/ebogdum/filemanager/internal/formats/hcl/format.go:192.43,194.47 2 0
github.com/ebogdum/filemanager/internal/formats/hcl/format.go:194.47,197.4 2 0
github.com/ebogdum/filemanager/internal/formats/hcl/format.go:198.3,198.16 1 0
github.com/ebogdum/filemanager/internal/formats/hcl/format.go:200.10,203.17 2 0
github.com/ebogdum/filemanager/internal/formats/hcl/format.go:203.17,205.49 2 0
github.com/ebogdum/filemanager/internal/formats/hcl/format.go:205.49,207.5 1 0
github.com/ebogdum/filemanager/internal/formats/hcl/format.go:209.3,209.24 1 0
github.com/ebogdum/filemanager/internal/formats/hcl/format.go:214.31,215.14 1 0
github.com/ebogdum/filemanager/internal/formats/hcl/format.go:215.14,217.3 1 0
github.com/ebogdum/filemanager/internal/formats/hcl/format.go:219.2,219.25 1 0
github.com/ebogdum/filemanager/internal/formats/hcl/format.go:220.14,221.28 1 0
github.com/ebogdum/filemanager/internal/formats/hcl/format.go:223.12,224.26 1 0
github.com/ebogdum/filemanager/internal/formats/hcl/format.go:226.11,227.38 1 0
github.com/ebogdum/filemanager/internal/formats/hcl/format.go:229.13,230.31 1 0
github.com/ebogdum/filemanager/internal/formats/hcl/format.go:232.15,233.33 1 0
github.com/ebogdum/filemanager/internal/formats/hcl/format.go:235.13,236.20 1 0
github.com/ebogdum/filemanager/internal/formats/hcl/format.go:236.20,238.4 1 0
github.com/ebogdum/filemanager/internal/formats/hcl/format.go:239.3,240.28 2 0
github.com/ebogdum/filemanager/internal/formats/hcl/format.go:240.28,242.4 1 0
github.com/ebogdum/filemanager/internal/formats/hcl/format.go:243.3,243.28 1 0
github.com/ebogdum/filemanager/internal/formats/hcl/format.go:245.22,246.20 1 0
github.com/ebogdum/filemanager/internal/formats/hcl/format.go:246.20,248.4 1 0
github.com/ebogdum/filemanager/internal/formats/hcl/format.go:249.3,250.25 2 0
github.com/ebogdum/filemanager/internal/formats/hcl/format.go:250.25,252.4 1 0
github.com/ebogdum/filemanager/internal/formats/hcl/format.go:253.3,253.29 1 0
github.com/ebogdum/filemanager/internal/formats/hcl/format.go:255.10,258.17 2 0
github.com/ebogdum/filemanager/internal/formats/hcl/format.go:258.17,260.4 1 0
github.com/ebogdum/filemanager/internal/formats/hcl/format.go:261.3,261.45 1 0
github.com/ebogdum/filemanager/internal/formats/hcl/format.go:266.85,271.9 4 0
github.com/ebogdum/filemanager/internal/formats/hcl/format.go:271.9,273.3 1 0
github.com/ebogdum/filemanager/internal/formats/hcl/format.go:275.2,275.61 1 0
github.com/ebogdum/filemanager/internal/formats/hcl/format.go:275.61,277.3 1 0
github.com/ebogdum/filemanager/internal/formats/hcl/format.go:279.2,281.78 2 0
github.com/ebogdum/filemanager/internal/formats/hcl/format.go:281.78,283.3 1 0
github.com/ebogdum/filemanager/internal/formats/hcl/format.go:285.2,285.20 1 0
github.com/ebogdum/filemanager/internal/formats/hcl/format.go:289.96,292.19 2 0
github.com/ebogdum/filemanager/internal/formats/hcl/format.go:292.19,294.3 1 0
github.com/ebogdum/filemanager/internal/formats/hcl/format.go:295.2,295.19 1 0
github.com/ebogdum/filemanager/internal/formats/hcl/format.go:295.19,297.3 1 0
github.com/ebogdum/filemanager/internal/formats/hcl/format.go:299.2,299.25 1 0
github.com/ebogdum/filemanager/internal/formats/hcl/format.go:299.25,303.24 2 0
github.com/ebogdum/filemanager/internal/formats/hcl/format.go:303.24,304.12 1 0
github.com/ebogdum/filemanager/internal/formats/hcl/format.go:308.3,308.20 1 0
github.com/ebogdum/filemanager/internal/formats/hcl/format.go:308.20,309.55 1 0
github.com/ebogdum/filemanager/internal/formats/hcl/format.go:309.55,311.5 1 0
github.com/ebogdum/filemanager/internal/formats/hcl/format.go:312.9,315.4 1 0
github.com/ebogdum/filemanager/internal/formats/hcl/format.go:318.2,318.12 1 0
github.com/ebogdum/filemanager/internal/formats/hcl/format.go:322.42,324.32 1 0
github.com/ebogdum/filemanager/internal/formats/hcl/format.go:324.32,326.3 1 0
github.com/ebogdum/filemanager/internal/formats/hcl/format.go:329.2,329.27 1 0
github.com/ebogdum/filemanager/internal/formats/hcl/format.go:330.22,332.25 1 0
github.com/ebogdum/filemanager/internal/formats/hcl/format.go:332.25,333.22 1 0
github.com/ebogdum/filemanager/internal/formats/hcl/format.go:334.24,335.16 1 0
github.com/ebogdum/filemanager/internal/formats/hcl/format.go:338.13,340.17 1 0
github.com/ebogdum/filemanager/internal/formats/hcl/format.go:340.17,341.42 1 0
github.com/ebogdum/filemanager/internal/formats/hcl/format.go:341.42,343.5 1 0
github.com/ebogdum/filemanager/internal/formats/hcl/format.go:347.2,347.14 1 0
github.com/ebogdum/filemanager/internal/formats/hcl/format.go:351.97,354.27 2 0
github.com/ebogdum/filemanager/internal/formats/hcl/format.go:355.22,356.75 1 0
github.com/ebogdum/filemanager/internal/formats/hcl/format.go:358.13,359.26 1 0
github.com/ebogdum/filemanager/internal/formats/hcl/format.go:359.26,361.11 2 0
github.com/ebogdum/filemanager/internal/formats/hcl/format.go:361.11,362.13 1 0
github.com/ebogdum/filemanager/internal/formats/hcl/format.go:364.4,364.104 1 0
github.com/ebogdum/filemanager/internal/formats/hcl/format.go:364.104,366.5 1 0
github.com/ebogdum/filemanager/internal/formats/hcl/format.go:368.3,368.13 1 0
github.com/ebogdum/filemanager/internal/formats/hcl/format.go:370.10,373.13 2 0
github.com/ebogdum/filemanager/internal/formats/hcl/format.go:377.51,380.2 2 0
github.com/ebogdum/filemanager/internal/formats/hcl/format.go:382.68,383.23 1 0
github.com/ebogdum/filemanager/internal/formats/hcl/format.go:383.23,385.3 1 0
github.com/ebogdum/filemanager/internal/formats/hcl/format.go:387.2,388.9 2 0
github.com/ebogdum/filemanager/internal/formats/hcl/format.go:388.9,390.3 1 0
github.com/ebogdum/filemanager/internal/formats/hcl/format.go:392.2,393.25 2 0
github.com/ebogdum/filemanager/internal/formats/hcl/format.go:393.25,395.9 2 0
github.com/ebogdum/filemanager/internal/formats/hcl/format.go:395.9,397.4 1 0
github.com/ebogdum/filemanager/internal/formats/hcl/format.go:399.2,399.15 1 0
github.com/ebogdum/filemanager/internal/formats/hcl/format.go:402.135,405.2 2 0
github.com/ebogdum/filemanager/internal/formats/hcl/format.go:408.87,409.18 1 0
github.com/ebogdum/filemanager/internal/formats/hcl/format.go:410.27,411.22 1 0
github.com/ebogdum/filemanager/internal/formats/hcl/format.go:413.24,414.39 1 0
github.com/ebogdum/filemanager/internal/formats/hcl/format.go:416.26,417.41 1 0
github.com/ebogdum/filemanager/internal/formats/hcl/format.go:419.26,420.41 1 0
github.com/ebogdum/filemanager/internal/formats/hcl/format.go:422.25,423.40 1 0
github.com/ebogdum/filemanager/internal/formats/hcl/format.go:425.10,426.65 1 0
github.com/ebogdum/filemanager/internal/formats/hcl/format.go:431.60,432.31 1 0
github.com/ebogdum/filemanager/internal/formats/hcl/format.go:432.31,434.3 1 0
github.com/ebogdum/filemanager/internal/formats/hcl/format.go:436.2,440.29 4 0
github.com/ebogdum/filemanager/internal/formats/hcl/format.go:440.29,441.17 1 0
github.com/ebogdum/filemanager/internal/formats/hcl/format.go:441.17,442.12 1 0
github.com/ebogdum/filemanager/internal/formats/hcl/format.go:445.3,445.30 1 0
github.com/ebogdum/filemanager/internal/formats/hcl/format.go:446.23,449.11 3 0
github.com/ebogdum/filemanager/internal/formats/hcl/format.go:449.11,451.5 1 0
github.com/ebogdum/filemanager/internal/formats/hcl/format.go:453.14,455.18 2 0
github.com/ebogdum/filemanager/internal/formats/hcl/format.go:455.18,457.5 1 0
github.com/ebogdum/filemanager/internal/formats/hcl/format.go:458.4,458.32 1 0
github.com/ebogdum/filemanager/internal/formats/hcl/format.go:458.32,460.5 1 0
github.com/ebogdum/filemanager/internal/formats/hcl/format.go:461.4,461.20 1 0
github.com/ebogdum/filemanager/internal/formats/hcl/format.go:463.11,464.75 1 0
github.com/ebogdum/filemanager/internal/formats/hcl/format.go:468.2,468.21 1 0
github.com/ebogdum/filemanager/internal/formats/hcl/format.go:472.69,473.31 1 0
github.com/ebogdum/filemanager/internal/formats/hcl/format.go:473.31,475.3 1 0
github.com/ebogdum/filemanager/internal/formats/hcl/format.go:477.2,481.19 4 0
github.com/ebogdum/filemanager/internal/formats/hcl/format.go:481.19,483.3 1 0
github.com/ebogdum/filemanager/internal/formats/hcl/format.go:486.2,487.44 2 0
github.com/ebogdum/filemanager/internal/formats/hcl/format.go:487.44,488.17 1 0
github.com/ebogdum/filemanager/internal/formats/hcl/format.go:488.17,489.12 1 0
github.com/ebogdum/filemanager/internal/formats/hcl/format.go:492.3,492.30 1 0
github.com/ebogdum/filemanager/internal/formats/hcl/format.go:493.23,495.11 2 0
github.com/ebogdum/filemanager/internal/formats/hcl/format.go:495.11,498.5 2 0
github.com/ebogdum/filemanager/internal/formats/hcl/format.go:499.4,499.18 1 0
github.com/ebogdum/filemanager/internal/formats/hcl/format.go:501.14,503.18 2 0
github.com/ebogdum/filemanager/internal/formats/hcl/format.go:503.18,505.5 1 0
github.com/ebogdum/filemanager/internal/formats/hcl/format.go:506.4,506.32 1 0
github.com/ebogdum/filemanager/internal/formats/hcl/format.go:506.32,508.5 1 0
github.com/ebogdum/filemanager/internal/formats/hcl/format.go:509.4,509.20 1 0
github.com/ebogdum/filemanager/internal/formats/hcl/format.go:511.11,512.67 1 0
github.com/ebogdum/filemanager/internal/formats/hcl/format.go:517.2,518.29 2 0
github.com/ebogdum/filemanager/internal/formats/hcl/format.go:519.22,520.22 1 0
github.com/ebogdum/filemanager/internal/formats/hcl/format.go:522.13,524.17 2 0
github.com/ebogdum/filemanager/internal/formats/hcl/format.go:524.17,526.4 1 0
github.com/ebogdum/filemanager/internal/formats/hcl/format.go:527.3,527.31 1 0
github.com/ebogdum/filemanager/internal/formats/hcl/format.go:527.31,529.4 1 0
github.com/ebogdum/filemanager/internal/formats/hcl/format.go:530.3,530.17 1 0
github.com/ebogdum/filemanager/internal/formats/hcl/format.go:532.10,533.54 1 0
github.com/ebogdum/filemanager/internal/formats/hcl/format.go:536.2,536.20 1 0
github.com/ebogdum/filemanager/internal/formats/hcl/format.go:540.61,541.31 1 1
github.com/ebogdum/filemanager/internal/formats/hcl/format.go:541.31,543.3 1 0
github.com/ebogdum/filemanager/internal/formats/hcl/format.go:545.2,549.19 4 1
github.com/ebogdum/filemanager/internal/formats/hcl/format.go:549.19,551.3 1 0
github.com/ebogdum/filemanager/internal/formats/hcl/format.go:554.2,559.44 5 1
github.com/ebogdum/filemanager/internal/formats/hcl/format.go:559.44,560.17 1 1
github.com/ebogdum/filemanager/internal/formats/hcl/format.go:560.17,561.12 1 0
github.com/ebogdum/filemanager/internal/formats/hcl/format.go:564.3,564.30 1 1
github.com/ebogdum/filemanager/internal/formats/hcl/format.go:565.23,567.11 2 1
github.com/ebogdum/filemanager/internal/formats/hcl/format.go:567.11,569.5 1 0
github.com/ebogdum/filemanager/internal/formats/hcl/format.go:570.4,573.18 4 1
github.com/ebogdum/filemanager/internal/formats/hcl/format.go:575.14,577.18 2 0
github.com/ebogdum/filemanager/internal/formats/hcl/format.go:577.18,579.5 1 0
github.com/ebogdum/filemanager/internal/formats/hcl/format.go:580.4,580.32 1 0
github.com/ebogdum/filemanager/internal/formats/hcl/format.go:580.32,582.5 1 0
github.com/ebogdum/filemanager/internal/formats/hcl/format.go:583.4,586.20 4 0
github.com/ebogdum/filemanager/internal/formats/hcl/format.go:588.11,589.22 1 0
github.com/ebogdum/filemanager/internal/formats/hcl/format.go:594.2,595.29 2 1
github.com/ebogdum/filemanager/internal/formats/hcl/format.go:596.22,597.22 1 0
github.com/ebogdum/filemanager/internal/formats/hcl/format.go:599.13,601.17 2 1
github.com/ebogdum/filemanager/internal/formats/hcl/format.go:601.17,603.4 1 0
github.com/ebogdum/filemanager/internal/formats/hcl/format.go:604.3,604.31 1 1
github.com/ebogdum/filemanager/internal/formats/hcl/format.go:604.31,606.4 1 1
github.com/ebogdum/filemanager/internal/formats/hcl/format.go:609.2,609.20 1 1
github.com/ebogdum/filemanager/internal/formats/hcl/format.go:613.83,616.16 2 0
github.com/ebogdum/filemanager/internal/formats/hcl/format.go:616.16,623.3 1 0
github.com/ebogdum/filemanager/internal/formats/hcl/format.go:625.2,627.23 3 0
github.com/ebogdum/filemanager/internal/formats/hcl/format.go:627.23,629.30 2 0
github.com/ebogdum/filemanager/internal/formats/hcl/format.go:629.30,634.4 1 0
github.com/ebogdum/filemanager/internal/formats/hcl/format.go:635.3,635.21 1 0
github.com/ebogdum/filemanager/internal/formats/hcl/format.go:638.2,638.17 1 0
github.com/ebogdum/filemanager/internal/formats/hcl/format.go:642.50,652.2 1 0
github.com/ebogdum/filemanager/internal/formats/hcl/format.go:655.39,656.20 1 0
github.com/ebogdum/filemanager/internal/formats/hcl/format.go:656.20,658.3 1 0
github.com/ebogdum/filemanager/internal/formats/hcl/format.go:659.2,659.17 1 0
github.com/ebogdum/filemanager/internal/formats/hcl/format.go:659.17,661.3 1 0
github.com/ebogdum/filemanager/internal/formats/hcl/format.go:663.2,666.31 3 0
github.com/ebogdum/filemanager/internal/formats/hcl/format.go:666.31,668.29 2 0
github.com/ebogdum/filemanager/internal/formats/hcl/format.go:668.29,670.4 1 0
github.com/ebogdum/filemanager/internal/formats/hcl/format.go:671.3,671.32 1 0
github.com/ebogdum/filemanager/internal/formats/hcl/format.go:671.32,672.37 1 0
github.com/ebogdum/filemanager/internal/formats/hcl/format.go:672.37,674.5 1 0
github.com/ebogdum/filemanager/internal/formats/hcl/format.go:674.10,676.5 1 0
github.com/ebogdum/filemanager/internal/formats/hcl/format.go:678.3,678.16 1 0
github.com/ebogdum/filemanager/internal/formats/hcl/format.go:681.2,681.16 1 0
github.com/ebogdum/filemanager/internal/formats/hcl/format.go:685.41,686.20 1 0
github.com/ebogdum/filemanager/internal/formats/hcl/format.go:686.20,688.3 1 0
github.com/ebogdum/filemanager/internal/formats/hcl/format.go:689.2,689.17 1 0
github.com/ebogdum/filemanager/internal/formats/hcl/format.go:689.17,691.3 1 0
github.com/ebogdum/filemanager/internal/formats/hcl/format.go:693.2,696.31 3 0
github.com/ebogdum/filemanager/internal/formats/hcl/format.go:696.31,701.3 4 0
github.com/ebogdum/filemanager/internal/formats/hcl/format.go:703.2,703.33 1 0
github.com/ebogdum/filemanager/internal/formats/hcl/format.go:707.40,708.20 1 0
github.com/ebogdum/filemanager/internal/formats/hcl/format.go:708.20,710.3 1 0
github.com/ebogdum/filemanager/internal/formats/hcl/format.go:711.2,711.17 1 0
github.com/ebogdum/filemanager/internal/formats/hcl/format.go:711.17,713.3 1 0
github.com/ebogdum/filemanager/internal/formats/hcl/format.go:715.2,718.31 3 0
github.com/ebogdum/filemanager/internal/formats/hcl/format.go:718.31,722.29 3 0
github.com/ebogdum/filemanager/internal/formats/hcl/format.go:722.29,724.18 2 0
github.com/ebogdum/filemanager/internal/formats/hcl/format.go:724.18,727.5 2 0
github.com/ebogdum/filemanager/internal/formats/hcl/format.go:729.3,729.32 1 0
github.com/ebogdum/filemanager/internal/formats/hcl/format.go:729.32,731.18 2 0
github.com/ebogdum/filemanager/internal/formats/hcl/format.go:731.18,734.5 2 0
github.com/ebogdum/filemanager/internal/formats/hcl/format.go:736.3,736.16 1 0
github.com/ebogdum/filemanager/internal/formats/hcl/format.go:739.2,739.33 1 0
github.com/ebogdum/filemanager/internal/formats/hcl/format.go:743.26,744.14 1 1
github.com/ebogdum/filemanager/internal/formats/hcl/format.go:744.14,746.3 1 0
github.com/ebogdum/filemanager/internal/formats/hcl/format.go:748.2,748.25 1 1
github.com/ebogdum/filemanager/internal/formats/hcl/format.go:749.22,751.25 2 1
github.com/ebogdum/filemanager/internal/formats/hcl/format.go:751.25,753.4 1 1
github.com/ebogdum/filemanager/internal/formats/hcl/format.go:754.3,754.16 1 1
github.com/ebogdum/filemanager/internal/formats/hcl/format.go:756.13,758.25 2 1
github.com/ebogdum/filemanager/internal/formats/hcl/format.go:758.25,760.4 1 1
github.com/ebogdum/filemanager/internal/formats/hcl/format.go:761.3,761.16 1 1
github.com/ebogdum/filemanager/internal/formats/hcl/format.go:763.10,764.11 1 1
github.com/ebogdum/filemanager/internal/formats/hcl/format.go:769.75,772.2 2 0
github.com/ebogdum/filemanager/internal/formats/hcl/format.go:774.48,776.16 2 1
github.com/ebogdum/filemanager/internal/formats/hcl/format.go:776.16,778.3 1 0
github.com/ebogdum/filemanager/internal/formats/hcl/format.go:779.2,779.17 1 1
github.com/ebogdum/filemanager/internal/formats/hcl/format.go:782.119,784.28 2 1
github.com/ebogdum/filemanager/internal/formats/hcl/format.go:785.22,786.28 1 1
github.com/ebogdum/filemanager/internal/formats/hcl/format.go:787.13,788.53 1 0
github.com/ebogdum/filemanager/internal/formats/hcl/format.go:788.53,790.4 1 0
github.com/ebogdum/filemanager/internal/formats/hcl/format.go:791.10,792.19 1 1
github.com/ebogdum/filemanager/internal/formats/hcl/format.go:794.2,794.15 1 1
github.com/ebogdum/filemanager/internal/formats/hcl/format.go:798.46,800.23 2 0
github.com/ebogdum/filemanager/internal/formats/hcl/format.go:800.23,802.3 1 0
github.com/ebogdum/filemanager/internal/formats/hcl/format.go:803.2,803.26 1 0
github.com/ebogdum/filemanager/internal/formats/hcl/format.go:807.40,810.23 3 0
github.com/ebogdum/filemanager/internal/formats/hcl/format.go:810.23,812.3 1 0
github.com/ebogdum/filemanager/internal/formats/hcl/format.go:813.2,813.12 1 0
github.com/ebogdum/filemanager/internal/formats/hcl/format.go:817.73,820.16 3 0
github.com/ebogdum/filemanager/internal/formats/hcl/format.go:820.16,822.3 1 0
github.com/ebogdum/filemanager/internal/formats/hcl/format.go:824.2,827.9 3 0
github.com/ebogdum/filemanager/internal/formats/hcl/format.go:827.9,829.3 1 0
github.com/ebogdum/filemanager/internal/formats/hcl/format.go:832.2,832.36 1 0
github.com/ebogdum/filemanager/internal/formats/hcl/format.go:832.36,834.64 1 0
github.com/ebogdum/filemanager/internal/formats/hcl/format.go:834.64,835.29 1 0
github.com/ebogdum/filemanager/internal/formats/hcl/format.go:836.24,837.31 1 0
github.com/ebogdum/filemanager/internal/formats/hcl/format.go:838.15,839.28 1 0
github.com/ebogdum/filemanager/internal/formats/hcl/format.go:839.28,840.50 1 0
github.com/ebogdum/filemanager/internal/formats/hcl/format.go:840.50,842.7 1 0
github.com/ebogdum/filemanager/internal/formats/hcl/format.go:848.2,848.20 1 0
github.com/ebogdum/filemanager/internal/formats/hcl/format.go:852.58,855.16 3 0
github.com/ebogdum/filemanager/internal/formats/hcl/format.go:855.16,857.3 1 0
github.com/ebogdum/filemanager/internal/formats/hcl/format.go:858.2,858.30 1 0
github.com/ebogdum/filemanager/internal/formats/hcl/format.go:862.72,865.16 3 0
github.com/ebogdum/filemanager/internal/formats/hcl/format.go:865.16,867.3 1 0
github.com/ebogdum/filemanager/internal/formats/hcl/format.go:869.2,870.16 2 0
github.com/ebogdum/filemanager/internal/formats/hcl/format.go:870.16,872.3 1 0
github.com/ebogdum/filemanager/internal/formats/hcl/format.go:874.2,874.57 1 0
github.com/ebogdum/filemanager/internal/formats/hcl/format.go:878.80,879.21 1 0
github.com/ebogdum/filemanager/internal/formats/hcl/format.go:879.21,881.3 1 0
github.com/ebogdum/filemanager/internal/formats/hcl/format.go:883.2,886.33 3 0
github.com/ebogdum/filemanager/internal/formats/hcl/format.go:886.33,888.17 2 0
github.com/ebogdum/filemanager/internal/formats/hcl/format.go:888.17,890.4 1 0
github.com/ebogdum/filemanager/internal/formats/hcl/format.go:892.3,892.13 1 0
github.com/ebogdum/filemanager/internal/formats/hcl/format.go:892.13,894.4 1 0
github.com/ebogdum/filemanager/internal/formats/hcl/format.go:894.9,896.18 2 0
github.com/ebogdum/filemanager/internal/formats/hcl/format.go:896.18,898.5 1 0
github.com/ebogdum/filemanager/internal/formats/hcl/format.go:902.2,902.55 1 0
github.com/ebogdum/filemanager/internal/formats/hcl/format.go:906.58,908.23 2 0
github.com/ebogdum/filemanager/internal/formats/hcl/format.go:908.23,910.3 1 0
github.com/ebogdum/filemanager/internal/formats/hcl/format.go:911.2,911.20 1 0
github.com/ebogdum/filemanager/internal/formats/hcl/format.go:915.64,920.2 4 0
github.com/ebogdum/filemanager/internal/formats/toml/format.go:21.20,23.2 1 0
github.com/ebogdum/filemanager/internal/formats/toml/format.go:26.32,28.2 1 0
github.com/ebogdum/filemanager/internal/formats/toml/format.go:31.40,33.2 1 0
github.com/ebogdum/filemanager/internal/formats/toml/format.go:36.39,38.2 1 0
github.com/ebogdum/filemanager/internal/formats/toml/format.go:41.50,43.54 2 0
github.com/ebogdum/filemanager/internal/formats/toml/format.go:43.54,45.3 1 0
github.com/ebogdum/filemanager/internal/formats/toml/format.go:46.2,46.20 1 0
github.com/ebogdum/filemanager/internal/formats/toml/format.go:50.85,52.19 1 0
github.com/ebogdum/filemanager/internal/formats/toml/format.go:52.19,54.3 1 0
github.com/ebogdum/filemanager/internal/formats/toml/format.go:56.2,59.21 3 0
github.com/ebogdum/filemanager/internal/formats/toml/format.go:59.21,60.30 1 0
github.com/ebogdum/filemanager/internal/formats/toml/format.go:60.30,62.4 1 0
github.com/ebogdum/filemanager/internal/formats/toml/format.go:65.2,65.46 1 0
github.com/ebogdum/filemanager/internal/formats/toml/format.go:65.46,67.3 1 0
github.com/ebogdum/filemanager/internal/formats/toml/format.go:69.2,72.79 2 0
github.com/ebogdum/filemanager/internal/formats/toml/format.go:72.79,74.3 1 0
github.com/ebogdum/filemanager/internal/formats/toml/format.go:76.2,76.20 1 0
github.com/ebogdum/filemanager/internal/formats/toml/format.go:80.87,81.18 1 0
github.com/ebogdum/filemanager/internal/formats/toml/format.go:82.27,83.22 1 0
github.com/ebogdum/filemanager/internal/formats/toml/format.go:85.24,86.39 1 0
github.com/ebogdum/filemanager/internal/formats/toml/format.go:88.26,89.41 1 0
github.com/ebogdum/filemanager/internal/formats/toml/format.go:91.26,92.41 1 0
github.com/ebogdum/filemanager/internal/formats/toml/format.go:94.25,95.40 1 0
github.com/ebogdum/filemanager/internal/formats/toml/format.go:97.10,98.65 1 0
github.com/ebogdum/filemanager/internal/formats/toml/format.go:103.60,105.2 1 0
github.com/ebogdum/filemanager/internal/formats/toml/format.go:108.69,110.2 1 0
github.com/ebogdum/filemanager/internal/formats/toml/format.go:113.61,115.2 1 0
github.com/ebogdum/filemanager/internal/formats/toml/format.go:120.83,122.17 1 0
github.com/ebogdum/filemanager/internal/formats/toml/format.go:122.17,124.3 1 0
github.com/ebogdum/filemanager/internal/formats/toml/format.go:127.2,127.26 1 0
github.com/ebogdum/filemanager/internal/formats/toml/format.go:128.22,131.29 2 0
github.com/ebogdum/filemanager/internal/formats/toml/format.go:131.29,132.60 1 0
github.com/ebogdum/filemanager/internal/formats/toml/format.go:132.60,133.30 1 0
github.com/ebogdum/filemanager/internal/formats/toml/format.go:133.30,136.6 2 0
github.com/ebogdum/filemanager/internal/formats/toml/format.go:139.3,139.21 1 0
github.com/ebogdum/filemanager/internal/formats/toml/format.go:140.13,143.26 2 0
github.com/ebogdum/filemanager/internal/formats/toml/format.go:143.26,144.59 1 0
github.com/ebogdum/filemanager/internal/formats/toml/format.go:144.59,145.30 1 0
github.com/ebogdum/filemanager/internal/formats/toml/format.go:145.30,148.6 2 0
github.com/ebogdum/filemanager/internal/formats/toml/format.go:151.3,151.21 1 0
github.com/ebogdum/filemanager/internal/formats/toml/format.go:152.52,154.18 1 0
github.com/ebogdum/filemanager/internal/formats/toml/format.go:155.10,163.9 1 0
github.com/ebogdum/filemanager/internal/formats/toml/format.go:168.50,178.2 1 0
github.com/ebogdum/filemanager/internal/formats/toml/format.go:181.26,182.25 1 0
github.com/ebogdum/filemanager/internal/formats/toml/format.go:183.22,186.22 3 0
github.com/ebogdum/filemanager/internal/formats/toml/format.go:186.22,188.4 1 0
github.com/ebogdum/filemanager/internal/formats/toml/format.go:189.3,190.26 2 0
github.com/ebogdum/filemanager/internal/formats/toml/format.go:190.26,192.4 1 0
github.com/ebogdum/filemanager/internal/formats/toml/format.go:193.3,193.16 1 0
github.com/ebogdum/filemanager/internal/formats/toml/format.go:194.13,196.28 2 0
github.com/ebogdum/filemanager/internal/formats/toml/format.go:196.28,198.4 1 0
github.com/ebogdum/filemanager/internal/formats/toml/format.go:199.3,199.16 1 0
github.com/ebogdum/filemanager/internal/formats/toml/format.go:200.10,201.11 1 0
github.com/ebogdum/filemanager/internal/formats/toml/format.go:206.39,207.20 1 0
github.com/ebogdum/filemanager/internal/formats/toml/format.go:207.20,209.3 1 0
github.com/ebogdum/filemanager/internal/formats/toml/format.go:210.2,210.17 1 0
github.com/ebogdum/filemanager/internal/formats/toml/format.go:210.17,212.3 1 0
github.com/ebogdum/filemanager/internal/formats/toml/format.go:214.2,217.31 3 0
github.com/ebogdum/filemanager/internal/formats/toml/format.go:217.31,219.29 2 0
github.com/ebogdum/filemanager/internal/formats/toml/format.go:219.29,221.4 1 0
github.com/ebogdum/filemanager/internal/formats/toml/format.go:222.3,222.32 1 0
github.com/ebogdum/filemanager/internal/formats/toml/format.go:222.32,223.37 1 0
github.com/ebogdum/filemanager/internal/formats/toml/format.go:223.37,225.5 1 0
github.com/ebogdum/filemanager/internal/formats/toml/format.go:225.10,227.5 1 0
github.com/ebogdum/filemanager/internal/formats/toml/format.go:229.3,229.16 1 0
github.com/ebogdum/filemanager/internal/formats/toml/format.go:232.2,232.16 1 0
github.com/ebogdum/filemanager/internal/formats/toml/format.go:236.41,237.20 1 0
github.com/ebogdum/filemanager/internal/formats/toml/format.go:237.20,239.3 1 0
github.com/ebogdum/filemanager/internal/formats/toml/format.go:240.2,240.17 1 0
github.com/ebogdum/filemanager/internal/formats/toml/format.go:240.17,242.3 1 0
github.com/ebogdum/filemanager/internal/formats/toml/format.go:244.2,247.31 3 0
github.com/ebogdum/filemanager/internal/formats/toml/format.go:247.31,252.3 4 0
github.com/ebogdum/filemanager/internal/formats/toml/format.go:254.2,254.33 1 0
github.com/ebogdum/filemanager/internal/formats/toml/format.go:258.40,259.20 1 0
github.com/ebogdum/filemanager/internal/formats/toml/format.go:259.20,261.3 1 0
github.com/ebogdum/filemanager/internal/formats/toml/format.go:262.2,262.17 1 0
github.com/ebogdum/filemanager/internal/formats/toml/format.go:262.17,264.3 1 0
github.com/ebogdum/filemanager/internal/formats/toml/format.go:266.2,269.31 3 0
github.com/ebogdum/filemanager/internal/formats/toml/format.go:269.31,273.29 3 0
github.com/ebogdum/filemanager/internal/formats/toml/format.go:273.29,275.18 2 0
github.com/ebogdum/filemanager/internal/formats/toml/format.go:275.18,278.5 2 0
github.com/ebogdum/filemanager/internal/formats/toml/format.go:280.3,280.32 1 0
github.com/ebogdum/filemanager/internal/formats/toml/format.go:280.32,282.18 2 0
github.com/ebogdum/filemanager/internal/formats/toml/format.go:282.18,285.5 2 0
github.com/ebogdum/filemanager/internal/formats/toml/format.go:287.3,287.16 1 0
github.com/ebogdum/filemanager/internal/formats/toml/format.go:290.2,290.33 1 0
github.com/ebogdum/filemanager/internal/formats/toml/format.go:294.48,295.31 1 0
github.com/ebogdum/filemanager/internal/formats/toml/format.go:295.31,297.3 1 0
github.com/ebogdum/filemanager/internal/formats/toml/format.go:299.2,303.29 4 0
github.com/ebogdum/filemanager/internal/formats/toml/format.go:303.29,304.17 1 0
github.com/ebogdum/filemanager/internal/formats/toml/format.go:304.17,305.12 1 0
github.com/ebogdum/filemanager/internal/formats/toml/format.go:308.3,308.30 1 0
github.com/ebogdum/filemanager/internal/formats/toml/format.go:309.23,312.11 3 0
github.com/ebogdum/filemanager/internal/formats/toml/format.go:312.11,314.5 1 0
github.com/ebogdum/filemanager/internal/formats/toml/format.go:316.11,317.75 1 0
github.com/ebogdum/filemanager/internal/formats/toml/format.go:321.2,321.21 1 0
github.com/ebogdum/filemanager/internal/formats/toml/format.go:325.57,326.31 1 0
github.com/ebogdum/filemanager/internal/formats/toml/format.go:326.31,328.3 1 0
github.com/ebogdum/filemanager/internal/formats/toml/format.go:330.2,334.19 4 0
github.com/ebogdum/filemanager/internal/formats/toml/format.go:334.19,336.3 1 0
github.com/ebogdum/filemanager/internal/formats/toml/format.go:338.2,339.44 2 0
github.com/ebogdum/filemanager/internal/formats/toml/format.go:339.44,340.17 1 0
github.com/ebogdum/filemanager/internal/formats/toml/format.go:340.17,341.12 1 0
github.com/ebogdum/filemanager/internal/formats/toml/format.go:344.3,344.30 1 0
github.com/ebogdum/filemanager/internal/formats/toml/format.go:345.23,347.11 2 0
github.com/ebogdum/filemanager/internal/formats/toml/format.go:347.11,350.5 2 0
github.com/ebogdum/filemanager/internal/formats/toml/format.go:351.4,351.18 1 0
github.com/ebogdum/filemanager/internal/formats/toml/format.go:353.11,354.74 1 0
github.com/ebogdum/filemanager/internal/formats/toml/format.go:358.2,359.29 2 0
github.com/ebogdum/filemanager/internal/formats/toml/format.go:360.22,361.22 1 0
github.com/ebogdum/filemanager/internal/formats/toml/format.go:362.10,363.54 1 0
github.com/ebogdum/filemanager/internal/formats/toml/format.go:366.2,366.20 1 0
github.com/ebogdum/filemanager/internal/formats/toml/format.go:370.53,371.31 1 0
github.com/ebogdum/filemanager/internal/formats/toml/format.go:371.31,373.3 1 0
github.com/ebogdum/filemanager/internal/formats/toml/format.go:375.2,379.19 4 0
github.com/ebogdum/filemanager/internal/formats/toml/format.go:379.19,381.3 1 0
github.com/ebogdum/filemanager/internal/formats/toml/format.go:383.2,384.44 2 0
github.com/ebogdum/filemanager/internal/formats/toml/format.go:384.44,385.17 1 0
github.com/ebogdum/filemanager/internal/formats/toml/format.go:385.17,386.12 1 0
github.com/ebogdum/filemanager/internal/formats/toml/format.go:389.3,389.30 1 0
github.com/ebogdum/filemanager/internal/formats/toml/format.go:390.23,392.11 2 0
github.com/ebogdum/filemanager/internal/formats/toml/format.go:392.11,394.5 1 0
github.com/ebogdum/filemanager/internal/formats/toml/format.go:395.4,395.18 1 0
github.com/ebogdum/filemanager/internal/formats/toml/format.go:396.11,397.22 1 0
github.com/ebogdum/filemanager/internal/formats/toml/format.go:401.2,402.43 2 0
github.com/ebogdum/filemanager/internal/formats/toml/format.go:402.43,404.3 1 0
github.com/ebogdum/filemanager/internal/formats/toml/format.go:406.2,406.20 1 0
github.com/ebogdum/filemanager/internal/formats/toml/format.go:409.50,411.2 1 0
github.com/ebogdum/filemanager/internal/formats/toml/format.go:414.26,415.14 1 0
github.com/ebogdum/filemanager/internal/formats/toml/format.go:415.14,417.3 1 0
github.com/ebogdum/filemanager/internal/formats/toml/format.go:419.2,419.25 1 0
github.com/ebogdum/filemanager/internal/formats/toml/format.go:420.22,422.25 2 0
github.com/ebogdum/filemanager/internal/formats/toml/format.go:422.25,424.4 1 0
github.com/ebogdum/filemanager/internal/formats/toml/format.go:425.3,425.16 1 0
github.com/ebogdum/filemanager/internal/formats/toml/format.go:427.13,429.25 2 0
github.com/ebogdum/filemanager/internal/formats/toml/format.go:429.25,431.4 1 0
github.com/ebogdum/filemanager/internal/formats/toml/format.go:432.3,432.16 1 0
github.com/ebogdum/filemanager/internal/formats/toml/format.go:434.10,435.11 1 0
github.com/ebogdum/filemanager/internal/resources/app_config/resource.go:55.47,79.2 1 0
github.com/ebogdum/filemanager/internal/resources/app_config/resource.go:114.122,116.2 1 0
github.com/ebogdum/filemanager/internal/resources/app_config/resource.go:119.116,234.2 1 0
github.com/ebogdum/filemanager/internal/resources/app_config/resource.go:237.125,238.29 1 0
github.com/ebogdum/filemanager/internal/resources/app_config/resource.go:238.29,240.3 1 0
github.com/ebogdum/filemanager/internal/resources/app_config/resource.go:242.2,243.9 2 0
github.com/ebogdum/filemanager/internal/resources/app_config/resource.go:243.9,249.3 2 0
github.com/ebogdum/filemanager/internal/resources/app_config/resource.go:251.2,251.19 1 0
github.com/ebogdum/filemanager/internal/resources/app_config/resource.go:255.116,259.33 3 0
github.com/ebogdum/filemanager/internal/resources/app_config/resource.go:259.33,261.3 1 0
github.com/ebogdum/filemanager/internal/resources/app_config/resource.go:263.2,270.16 3 0
github.com/ebogdum/filemanager/internal/resources/app_config/resource.go:270.16,273.3 2 0
github.com/ebogdum/filemanager/internal/resources/app_config/resource.go:276.2,277.16 2 0
github.com/ebogdum/filemanager/internal/resources/app_config/resource.go:277.16,280.3 2 0
github.com/ebogdum/filemanager/internal/resources/app_config/resource.go:283.2,283.31 1 0
github.com/ebogdum/filemanager/internal/resources/app_config/resource.go:283.31,285.39 2 0
github.com/ebogdum/filemanager/internal/resources/app_config/resource.go:285.39,287.4 1 0
github.com/ebogdum/filemanager/internal/resources/app_config/resource.go:288.3,290.34 3 0
github.com/ebogdum/filemanager/internal/resources/app_config/resource.go:290.34,292.4 1 0
github.com/ebogdum/filemanager/internal/resources/app_config/resource.go:293.3,296.32 2 0
github.com/ebogdum/filemanager/internal/resources/app_config/resource.go:296.32,297.40 1 0
github.com/ebogdum/filemanager/internal/resources/app_config/resource.go:297.40,302.5 1 0
github.com/ebogdum/filemanager/internal/resources/app_config/resource.go:303.4,303.10 1 0
github.com/ebogdum/filemanager/internal/resources/app_config/resource.go:305.8,307.3 1 0
github.com/ebogdum/filemanager/internal/resources/app_config/resource.go:310.2,311.16 2 0
github.com/ebogdum/filemanager/internal/resources/app_config/resource.go:311.16,314.3 2 0
github.com/ebogdum/filemanager/internal/resources/app_config/resource.go:317.2,325.115 2 0
github.com/ebogdum/filemanager/internal/resources/app_config/resource.go:325.115,328.3 2 0
github.com/ebogdum/filemanager/internal/resources/app_config/resource.go:331.2,334.56 3 0
github.com/ebogdum/filemanager/internal/resources/app_config/resource.go:338.110,342.33 3 0
github.com/ebogdum/filemanager/internal/resources/app_config/resource.go:342.33,344.3 1 0
github.com/ebogdum/filemanager/internal/resources/app_config/resource.go:346.2,347.16 2 0
github.com/ebogdum/filemanager/internal/resources/app_config/resource.go:347.16,350.3 2 0
github.com/ebogdum/filemanager/internal/resources/app_config/resource.go:352.2,353.16 2 0
github.com/ebogdum/filemanager/internal/resources/app_config/resource.go:353.16,356.3 2 0
github.com/ebogdum/filemanager/internal/resources/app_config/resource.go:358.2,358.13 1 0
github.com/ebogdum/filemanager/internal/resources/app_config/resource.go:358.13,361.3 2 0
github.com/ebogdum/filemanager/internal/resources/app_config/resource.go:363.2,364.16 2 0
github.com/ebogdum/filemanager/internal/resources/app_config/resource.go:364.16,367.3 2 0
github.com/ebogdum/filemanager/internal/resources/app_config/resource.go:368.2,371.16 3 0
github.com/ebogdum/filemanager/internal/resources/app_config/resource.go:371.16,374.3 2 0
github.com/ebogdum/filemanager/internal/resources/app_config/resource.go:376.2,379.36 2 0
github.com/ebogdum/filemanager/internal/resources/app_config/resource.go:379.36,381.3 1 0
github.com/ebogdum/filemanager/internal/resources/app_config/resource.go:383.2,383.56 1 0
github.com/ebogdum/filemanager/internal/resources/app_config/resource.go:387.116,391.33 3 0
github.com/ebogdum/filemanager/internal/resources/app_config/resource.go:391.33,393.3 1 0
github.com/ebogdum/filemanager/internal/resources/app_config/resource.go:395.2,402.16 3 0
github.com/ebogdum/filemanager/internal/resources/app_config/resource.go:402.16,405.3 2 0
github.com/ebogdum/filemanager/internal/resources/app_config/resource.go:408.2,409.16 2 0
github.com/ebogdum/filemanager/internal/resources/app_config/resource.go:409.16,412.3 2 0
github.com/ebogdum/filemanager/internal/resources/app_config/resource.go:415.2,415.31 1 0
github.com/ebogdum/filemanager/internal/resources/app_config/resource.go:415.31,417.39 2 0
github.com/ebogdum/filemanager/internal/resources/app_config/resource.go:417.39,419.4 1 0
github.com/ebogdum/filemanager/internal/resources/app_config/resource.go:420.3,422.34 3 0
github.com/ebogdum/filemanager/internal/resources/app_config/resource.go:422.34,424.4 1 0
github.com/ebogdum/filemanager/internal/resources/app_config/resource.go:425.3,427.32 2 0
github.com/ebogdum/filemanager/internal/resources/app_config/resource.go:427.32,428.40 1 0
github.com/ebogdum/filemanager/internal/resources/app_config/resource.go:428.40,433.5 1 0
github.com/ebogdum/filemanager/internal/resources/app_config/resource.go:434.4,434.10 1 0
github.com/ebogdum/filemanager/internal/resources/app_config/resource.go:436.8,438.3 1 0
github.com/ebogdum/filemanager/internal/resources/app_config/resource.go:440.2,441.16 2 0
github.com/ebogdum/filemanager/internal/resources/app_config/resource.go:441.16,444.3 2 0
github.com/ebogdum/filemanager/internal/resources/app_config/resource.go:446.2,454.115 2 0
github.com/ebogdum/filemanager/internal/resources/app_config/resource.go:454.115,457.3 2 0
github.com/ebogdum/filemanager/internal/resources/app_config/resource.go:459.2,461.56 2 0
github.com/ebogdum/filemanager/internal/resources/app_config/resource.go:465.116,469.33 3 0
github.com/ebogdum/filemanager/internal/resources/app_config/resource.go:469.33,471.3 1 0
github.com/ebogdum/filemanager/internal/resources/app_config/resource.go:473.2,474.16 2 0
github.com/ebogdum/filemanager/internal/resources/app_config/resource.go:474.16,477.3 2 0
github.com/ebogdum/filemanager/internal/resources/app_config/resource.go:479.2,479.69 1 0
github.com/ebogdum/filemanager/internal/resources/app_config/resource.go:479.69,480.36 1 0
github.com/ebogdum/filemanager/internal/resources/app_config/resource.go:480.36,483.4 2 0
github.com/ebogdum/filemanager/internal/resources/app_config/resource.go:488.131,490.2 1 0
github.com/ebogdum/filemanager/internal/resources/app_config/resource.go:493.81,495.9 2 0
github.com/ebogdum/filemanager/internal/resources/app_config/resource.go:495.9,497.25 2 0
github.com/ebogdum/filemanager/internal/resources/app_config/resource.go:497.25,499.4 1 0
github.com/ebogdum/filemanager/internal/resources/app_config/resource.go:500.3,500.80 1 0
github.com/ebogdum/filemanager/internal/resources/app_config/resource.go:502.2,502.23 1 0
github.com/ebogdum/filemanager/internal/resources/app_config/resource.go:506.166,509.83 2 0
github.com/ebogdum/filemanager/internal/resources/app_config/resource.go:509.83,511.3 1 0
github.com/ebogdum/filemanager/internal/resources/app_config/resource.go:514.2,514.99 1 0
github.com/ebogdum/filemanager/internal/resources/app_config/resource.go:514.99,516.90 2 0
github.com/ebogdum/filemanager/internal/resources/app_config/resource.go:516.90,518.4 1 0
github.com/ebogdum/filemanager/internal/resources/app_config/resource.go:520.3,522.17 3 0
github.com/ebogdum/filemanager/internal/resources/app_config/resource.go:522.17,524.4 1 0
github.com/ebogdum/filemanager/internal/resources/app_config/resource.go:528.2,529.16 2 0
github.com/ebogdum/filemanager/internal/resources/app_config/resource.go:529.16,531.3 1 0
github.com/ebogdum/filemanager/internal/resources/app_config/resource.go:534.2,535.31 2 0
github.com/ebogdum/filemanager/internal/resources/app_config/resource.go:535.31,537.17 2 0
github.com/ebogdum/filemanager/internal/resources/app_config/resource.go:537.17,539.4 1 0
github.com/ebogdum/filemanager/internal/resources/app_config/resource.go:540.3,543.17 3 0
github.com/ebogdum/filemanager/internal/resources/app_config/resource.go:543.17,545.4 1 0
github.com/ebogdum/filemanager/internal/resources/app_config/resource.go:546.3,546.65 1 0
github.com/ebogdum/filemanager/internal/resources/app_config/resource.go:550.2,551.16 2 0
github.com/ebogdum/filemanager/internal/resources/app_config/resource.go:551.16,553.3 1 0
github.com/ebogdum/filemanager/internal/resources/app_config/resource.go:555.2,555.39 1 0
github.com/ebogdum/filemanager/internal/resources/app_config/resource.go:559.105,560.49 1 0
github.com/ebogdum/filemanager/internal/resources/app_config/resource.go:560.49,562.3 1 0
github.com/ebogdum/filemanager/internal/resources/app_config/resource.go:563.2,563.57 1 0
github.com/ebogdum/filemanager/internal/resources/app_config/resource.go:567.96,582.2 10 0
github.com/ebogdum/filemanager/internal/formats/ini/format.go:20.20,22.2 1 0
github.com/ebogdum/filemanager/internal/formats/ini/format.go:25.32,27.2 1 0
github.com/ebogdum/filemanager/internal/formats/ini/format.go:30.40,32.2 1 0
github.com/ebogdum/filemanager/internal/formats/ini/format.go:35.39,37.2 1 0
github.com/ebogdum/filemanager/internal/formats/ini/format.go:42.50,44.16 2 0
github.com/ebogdum/filemanager/internal/formats/ini/format.go:44.16,46.3 1 0
github.com/ebogdum/filemanager/internal/formats/ini/format.go:48.2,50.41 2 0
github.com/ebogdum/filemanager/internal/formats/ini/format.go:50.41,54.38 3 0
github.com/ebogdum/filemanager/internal/formats/ini/format.go:54.38,56.4 1 0
github.com/ebogdum/filemanager/internal/formats/ini/format.go:59.3,59.31 1 0
github.com/ebogdum/filemanager/internal/formats/ini/format.go:59.31,61.4 1 0
github.com/ebogdum/filemanager/internal/formats/ini/format.go:63.3,63.27 1 0
github.com/ebogdum/filemanager/internal/formats/ini/format.go:63.27,65.4 1 0
github.com/ebogdum/filemanager/internal/formats/ini/format.go:68.2,68.20 1 0
github.com/ebogdum/filemanager/internal/formats/ini/format.go:74.85,76.9 2 0
github.com/ebogdum/filemanager/internal/formats/ini/format.go:76.9,78.3 1 0
github.com/ebogdum/filemanager/internal/formats/ini/format.go:80.2,84.28 3 0
github.com/ebogdum/filemanager/internal/formats/ini/format.go:84.28,86.3 1 0
github.com/ebogdum/filemanager/internal/formats/ini/format.go:87.2,87.19 1 0
github.com/ebogdum/filemanager/internal/formats/ini/format.go:87.19,89.3 1 0
github.com/ebogdum/filemanager/internal/formats/ini/format.go:91.2,91.39 1 0
github.com/ebogdum/filemanager/internal/formats/ini/format.go:91.39,94.10 3 0
github.com/ebogdum/filemanager/internal/formats/ini/format.go:94.10,95.12 1 0
github.com/ebogdum/filemanager/internal/formats/ini/format.go:99.3,100.24 2 0
github.com/ebogdum/filemanager/internal/formats/ini/format.go:100.24,102.4 1 0
github.com/ebogdum/filemanager/internal/formats/ini/format.go:104.3,105.17 2 0
github.com/ebogdum/filemanager/internal/formats/ini/format.go:105.17,107.4 1 0
github.com/ebogdum/filemanager/internal/formats/ini/format.go:110.3,111.31 2 0
github.com/ebogdum/filemanager/internal/formats/ini/format.go:111.31,113.4 1 0
github.com/ebogdum/filemanager/internal/formats/ini/format.go:114.3,114.20 1 0
github.com/ebogdum/filemanager/internal/formats/ini/format.go:114.20,116.4 1 0
github.com/ebogdum/filemanager/internal/formats/ini/format.go:118.3,118.28 1 0
github.com/ebogdum/filemanager/internal/formats/ini/format.go:118.28,121.18 3 0
github.com/ebogdum/filemanager/internal/formats/ini/format.go:121.18,123.5 1 0
github.com/ebogdum/filemanager/internal/formats/ini/format.go:127.2,129.16 3 0
github.com/ebogdum/filemanager/internal/formats/ini/format.go:129.16,131.3 1 0
github.com/ebogdum/filemanager/internal/formats/ini/format.go:133.2,136.79 2 0
github.com/ebogdum/filemanager/internal/formats/ini/format.go:136.79,138.3 1 0
github.com/ebogdum/filemanager/internal/formats/ini/format.go:140.2,140.20 1 0
github.com/ebogdum/filemanager/internal/formats/ini/format.go:144.87,145.18 1 0
github.com/ebogdum/filemanager/internal/formats/ini/format.go:146.27,147.22 1 0
github.com/ebogdum/filemanager/internal/formats/ini/format.go:149.24,150.39 1 0
github.com/ebogdum/filemanager/internal/formats/ini/format.go:152.65,154.39 1 0
github.com/ebogdum/filemanager/internal/formats/ini/format.go:156.10,157.65 1 0
github.com/ebogdum/filemanager/internal/formats/ini/format.go:162.60,163.31 1 0
github.com/ebogdum/filemanager/internal/formats/ini/format.go:163.31,165.3 1 0
github.com/ebogdum/filemanager/internal/formats/ini/format.go:167.2,168.9 2 0
github.com/ebogdum/filemanager/internal/formats/ini/format.go:168.9,170.3 1 0
github.com/ebogdum/filemanager/internal/formats/ini/format.go:172.2,178.9 5 0
github.com/ebogdum/filemanager/internal/formats/ini/format.go:178.9,180.3 1 0
github.com/ebogdum/filemanager/internal/formats/ini/format.go:183.2,183.21 1 0
github.com/ebogdum/filemanager/internal/formats/ini/format.go:183.21,185.3 1 0
github.com/ebogdum/filemanager/internal/formats/ini/format.go:188.2,189.9 2 0
github.com/ebogdum/filemanager/internal/formats/ini/format.go:189.9,191.3 1 0
github.com/ebogdum/filemanager/internal/formats/ini/format.go:193.2,195.9 3 0
github.com/ebogdum/filemanager/internal/formats/ini/format.go:195.9,197.3 1 0
github.com/ebogdum/filemanager/internal/formats/ini/format.go:199.2,199.19 1 0
github.com/ebogdum/filemanager/internal/formats/ini/format.go:203.69,204.31 1 0
github.com/ebogdum/filemanager/internal/formats/ini/format.go:204.31,206.3 1 0
github.com/ebogdum/filemanager/internal/formats/ini/format.go:208.2,209.19 2 0
github.com/ebogdum/filemanager/internal/formats/ini/format.go:209.19,211.3 1 0
github.com/ebogdum/filemanager/internal/formats/ini/format.go:213.2,214.9 2 0
github.com/ebogdum/filemanager/internal/formats/ini/format.go:214.9,216.3 1 0
github.com/ebogdum/filemanager/internal/formats/ini/format.go:218.2,224.21 4 0
github.com/ebogdum/filemanager/internal/formats/ini/format.go:224.21,227.3 2 0
github.com/ebogdum/filemanager/internal/formats/ini/format.go:230.2,230.38 1 0
github.com/ebogdum/filemanager/internal/formats/ini/format.go:230.38,232.3 1 0
github.com/ebogdum/filemanager/internal/formats/ini/format.go:234.2,235.9 2 0
github.com/ebogdum/filemanager/internal/formats/ini/format.go:235.9,238.3 2 0
github.com/ebogdum/filemanager/internal/formats/ini/format.go:240.2,243.23 3 0
github.com/ebogdum/filemanager/internal/formats/ini/format.go:247.61,248.31 1 0
github.com/ebogdum/filemanager/internal/formats/ini/format.go:248.31,250.3 1 0
github.com/ebogdum/filemanager/internal/formats/ini/format.go:252.2,253.19 2 0
github.com/ebogdum/filemanager/internal/formats/ini/format.go:253.19,255.3 1 0
github.com/ebogdum/filemanager/internal/formats/ini/format.go:257.2,258.9 2 0
github.com/ebogdum/filemanager/internal/formats/ini/format.go:258.9,260.3 1 0
github.com/ebogdum/filemanager/internal/formats/ini/format.go:262.2,268.21 4 0
github.com/ebogdum/filemanager/internal/formats/ini/format.go:268.21,271.3 2 0
github.com/ebogdum/filemanager/internal/formats/ini/format.go:273.2,274.9 2 0
github.com/ebogdum/filemanager/internal/formats/ini/format.go:274.9,276.3 1 0
github.com/ebogdum/filemanager/internal/formats/ini/format.go:278.2,279.9 2 0
github.com/ebogdum/filemanager/internal/formats/ini/format.go:279.9,281.3 1 0
github.com/ebogdum/filemanager/internal/formats/ini/format.go:283.2,286.23 3 0
github.com/ebogdum/filemanager/internal/formats/ini/format.go:291.83,293.17 1 0
github.com/ebogdum/filemanager/internal/formats/ini/format.go:293.17,295.3 1 0
github.com/ebogdum/filemanager/internal/formats/ini/format.go:298.2,299.9 2 0
github.com/ebogdum/filemanager/internal/formats/ini/format.go:299.9,307.3 1 0
github.com/ebogdum/filemanager/internal/formats/ini/format.go:309.2,310.48 2 0
github.com/ebogdum/filemanager/internal/formats/ini/format.go:310.48,313.10 2 0
github.com/ebogdum/filemanager/internal/formats/ini/format.go:313.10,319.12 2 0
github.com/ebogdum/filemanager/internal/formats/ini/format.go:323.3,323.38 1 0
github.com/ebogdum/filemanager/internal/formats/ini/format.go:323.38,324.24 1 0
github.com/ebogdum/filemanager/internal/formats/ini/format.go:325.43,325.43 0 0
github.com/ebogdum/filemanager/internal/formats/ini/format.go:327.12,332.7 1 0
github.com/ebogdum/filemanager/internal/formats/ini/format.go:337.2,337.20 1 0
github.com/ebogdum/filemanager/internal/formats/ini/format.go:341.50,351.2 1 0
github.com/ebogdum/filemanager/internal/formats/ini/format.go:354.39,355.20 1 0
github.com/ebogdum/filemanager/internal/formats/ini/format.go:355.20,357.3 1 0
github.com/ebogdum/filemanager/internal/formats/ini/format.go:358.2,358.17 1 0
github.com/ebogdum/filemanager/internal/formats/ini/format.go:358.17,360.3 1 0
github.com/ebogdum/filemanager/internal/formats/ini/format.go:362.2,365.31 3 0
github.com/ebogdum/filemanager/internal/formats/ini/format.go:365.31,367.29 2 0
github.com/ebogdum/filemanager/internal/formats/ini/format.go:367.29,369.4 1 0
github.com/ebogdum/filemanager/internal/formats/ini/format.go:370.3,370.32 1 0
github.com/ebogdum/filemanager/internal/formats/ini/format.go:370.32,371.37 1 0
github.com/ebogdum/filemanager/internal/formats/ini/format.go:371.37,373.5 1 0
github.com/ebogdum/filemanager/internal/formats/ini/format.go:373.10,375.5 1 0
github.com/ebogdum/filemanager/internal/formats/ini/format.go:377.3,377.16 1 0
github.com/ebogdum/filemanager/internal/formats/ini/format.go:380.2,380.16 1 0
github.com/ebogdum/filemanager/internal/formats/ini/format.go:384.26,385.14 1 0
github.com/ebogdum/filemanager/internal/formats/ini/format.go:385.14,387.3 1 0
github.com/ebogdum/filemanager/internal/formats/ini/format.go:389.2,389.25 1 0
github.com/ebogdum/filemanager/internal/formats/ini/format.go:390.22,392.25 2 0
github.com/ebogdum/filemanager/internal/formats/ini/format.go:392.25,394.4 1 0
github.com/ebogdum/filemanager/internal/formats/ini/format.go:395.3,395.16 1 0
github.com/ebogdum/filemanager/internal/formats/ini/format.go:397.13,399.25 2 0
github.com/ebogdum/filemanager/internal/formats/ini/format.go:399.25,401.4 1 0
github.com/ebogdum/filemanager/internal/formats/ini/format.go:402.3,402.16 1 0
github.com/ebogdum/filemanager/internal/formats/ini/format.go:404.10,405.11 1 0
github.com/ebogdum/filemanager/internal/plugin/registry.go:25.44,30.2 1 0
github.com/ebogdum/filemanager/internal/plugin/registry.go:33.81,37.45 3 0
github.com/ebogdum/filemanager/internal/plugin/registry.go:37.45,39.3 1 0
github.com/ebogdum/filemanager/internal/plugin/registry.go:41.2,42.12 2 0
github.com/ebogdum/filemanager/internal/plugin/registry.go:46.70,51.9 4 0
github.com/ebogdum/filemanager/internal/plugin/registry.go:51.9,53.3 1 0
github.com/ebogdum/filemanager/internal/plugin/registry.go:54.2,54.21 1 0
github.com/ebogdum/filemanager/internal/plugin/registry.go:58.73,62.43 3 0
github.com/ebogdum/filemanager/internal/plugin/registry.go:62.43,64.3 1 0
github.com/ebogdum/filemanager/internal/plugin/registry.go:66.2,67.12 2 0
github.com/ebogdum/filemanager/internal/plugin/registry.go:71.67,76.9 4 0
github.com/ebogdum/filemanager/internal/plugin/registry.go:76.9,78.3 1 0
github.com/ebogdum/filemanager/internal/plugin/registry.go:79.2,79.21 1 0
github.com/ebogdum/filemanager/internal/plugin/registry.go:83.53,87.2 3 0
github.com/ebogdum/filemanager/internal/plugin/registry.go:90.46,95.33 4 0
github.com/ebogdum/filemanager/internal/plugin/registry.go:95.33,97.3 1 0
github.com/ebogdum/filemanager/internal/plugin/registry.go:98.2,98.16 1 0
github.com/ebogdum/filemanager/internal/plugin/registry.go:102.46,107.31 4 0
github.com/ebogdum/filemanager/internal/plugin/registry.go:107.31,109.3 1 0
github.com/ebogdum/filemanager/internal/plugin/registry.go:110.2,110.16 1 0
github.com/ebogdum/filemanager/internal/plugin/registry.go:114.44,119.40 4 0
github.com/ebogdum/filemanager/internal/plugin/registry.go:119.40,120.41 1 0
github.com/ebogdum/filemanager/internal/plugin/registry.go:120.41,122.4 1 0
github.com/ebogdum/filemanager/internal/plugin/registry.go:124.2,125.16 2 0
github.com/ebogdum/filemanager/internal/plugin/registry.go:141.42,147.2 1 0
github.com/ebogdum/filemanager/internal/plugin/registry.go:150.62,155.42 4 0
github.com/ebogdum/filemanager/internal/plugin/registry.go:155.42,157.3 1 0
github.com/ebogdum/filemanager/internal/plugin/registry.go:159.2,162.42 2 0
github.com/ebogdum/filemanager/internal/plugin/registry.go:162.42,164.3 1 0
github.com/ebogdum/filemanager/internal/plugin/registry.go:167.2,167.46 1 0
github.com/ebogdum/filemanager/internal/plugin/registry.go:167.46,169.3 1 0
github.com/ebogdum/filemanager/internal/plugin/registry.go:171.2,171.12 1 0
github.com/ebogdum/filemanager/internal/plugin/registry.go:175.65,180.9 4 0
github.com/ebogdum/filemanager/internal/plugin/registry.go:180.9,182.3 1 0
github.com/ebogdum/filemanager/internal/plugin/registry.go:183.2,183.20 1 0
github.com/ebogdum/filemanager/internal/plugin/registry.go:187.75,192.9 4 0
github.com/ebogdum/filemanager/internal/plugin/registry.go:192.9,194.3 1 0
github.com/ebogdum/filemanager/internal/plugin/registry.go:195.2,195.20 1 0
github.com/ebogdum/filemanager/internal/plugin/registry.go:199.79,204.9 4 0
github.com/ebogdum/filemanager/internal/plugin/registry.go:204.9,206.3 1 0
github.com/ebogdum/filemanager/internal/plugin/registry.go:207.2,207.20 1 0
github.com/ebogdum/filemanager/internal/plugin/registry.go:211.43,216.30 4 0
github.com/ebogdum/filemanager/internal/plugin/registry.go:216.30,218.3 1 0
github.com/ebogdum/filemanager/internal/plugin/registry.go:219.2,219.14 1 0
github.com/ebogdum/filemanager/internal/plugin/registry.go:233.36,237.2 1 0
github.com/ebogdum/filemanager/internal/plugin/registry.go:240.56,245.39 4 0
github.com/ebogdum/filemanager/internal/plugin/registry.go:245.39,247.3 1 0
github.com/ebogdum/filemanager/internal/plugin/registry.go:249.2,250.12 2 0
github.com/ebogdum/filemanager/internal/plugin/registry.go:254.59,259.9 4 0
github.com/ebogdum/filemanager/internal/plugin/registry.go:259.9,261.3 1 0
github.com/ebogdum/filemanager/internal/plugin/registry.go:262.2,262.20 1 0
github.com/ebogdum/filemanager/internal/plugin/registry.go:266.40,271.27 4 0
github.com/ebogdum/filemanager/internal/plugin/registry.go:271.27,273.3 1 0
github.com/ebogdum/filemanager/internal/plugin/registry.go:274.2,274.14 1 0
github.com/ebogdum/filemanager/internal/plugin/registry.go:289.30,295.2 1 0
github.com/ebogdum/filemanager/internal/plugin/registry.go:298.34,300.2 1 0
github.com/ebogdum/filemanager/internal/formats/xml/format.go:23.20,25.2 1 0
github.com/ebogdum/filemanager/internal/formats/xml/format.go:28.32,30.2 1 0
github.com/ebogdum/filemanager/internal/formats/xml/format.go:33.40,35.2 1 0
github.com/ebogdum/filemanager/internal/formats/xml/format.go:38.39,40.2 1 0
github.com/ebogdum/filemanager/internal/formats/xml/format.go:54.50,56.16 2 0
github.com/ebogdum/filemanager/internal/formats/xml/format.go:56.16,58.3 1 0
github.com/ebogdum/filemanager/internal/formats/xml/format.go:60.2,60.31 1 0
github.com/ebogdum/filemanager/internal/formats/xml/format.go:64.44,65.17 1 0
github.com/ebogdum/filemanager/internal/formats/xml/format.go:65.17,67.3 1 0
github.com/ebogdum/filemanager/internal/formats/xml/format.go:69.2,69.19 1 0
github.com/ebogdum/filemanager/internal/formats/xml/format.go:70.29,72.73 1 0
github.com/ebogdum/filemanager/internal/formats/xml/format.go:72.73,73.42 1 0
github.com/ebogdum/filemanager/internal/formats/xml/format.go:73.42,77.5 3 0
github.com/ebogdum/filemanager/internal/formats/xml/format.go:79.3,79.13 1 0
github.com/ebogdum/filemanager/internal/formats/xml/format.go:81.28,84.16 3 0
github.com/ebogdum/filemanager/internal/formats/xml/format.go:86.25,87.38 1 0
github.com/ebogdum/filemanager/internal/formats/xml/format.go:89.10,90.13 1 0
github.com/ebogdum/filemanager/internal/formats/xml/format.go:95.44,96.17 1 0
github.com/ebogdum/filemanager/internal/formats/xml/format.go:96.17,98.3 1 0
github.com/ebogdum/filemanager/internal/formats/xml/format.go:100.2,103.33 2 0
github.com/ebogdum/filemanager/internal/formats/xml/format.go:103.33,105.28 2 0
github.com/ebogdum/filemanager/internal/formats/xml/format.go:105.28,107.4 1 0
github.com/ebogdum/filemanager/internal/formats/xml/format.go:108.3,108.31 1 0
github.com/ebogdum/filemanager/internal/formats/xml/format.go:112.2,116.72 4 0
github.com/ebogdum/filemanager/internal/formats/xml/format.go:116.72,117.21 1 0
github.com/ebogdum/filemanager/internal/formats/xml/format.go:118.29,121.67 3 0
github.com/ebogdum/filemanager/internal/formats/xml/format.go:123.26,125.18 2 0
github.com/ebogdum/filemanager/internal/formats/xml/format.go:125.18,127.5 1 0
github.com/ebogdum/filemanager/internal/formats/xml/format.go:132.2,132.39 1 0
github.com/ebogdum/filemanager/internal/formats/xml/format.go:132.39,133.25 1 0
github.com/ebogdum/filemanager/internal/formats/xml/format.go:133.25,135.4 1 0
github.com/ebogdum/filemanager/internal/formats/xml/format.go:135.9,137.4 1 0
github.com/ebogdum/filemanager/internal/formats/xml/format.go:141.2,141.27 1 0
github.com/ebogdum/filemanager/internal/formats/xml/format.go:141.27,142.44 1 0
github.com/ebogdum/filemanager/internal/formats/xml/format.go:142.44,144.4 1 0
github.com/ebogdum/filemanager/internal/formats/xml/format.go:144.9,147.4 1 0
github.com/ebogdum/filemanager/internal/formats/xml/format.go:151.2,151.22 1 0
github.com/ebogdum/filemanager/internal/formats/xml/format.go:151.22,153.3 1 0
github.com/ebogdum/filemanager/internal/formats/xml/format.go:155.2,155.15 1 0
github.com/ebogdum/filemanager/internal/formats/xml/format.go:159.85,164.19 3 0
github.com/ebogdum/filemanager/internal/formats/xml/format.go:164.19,166.3 1 0
github.com/ebogdum/filemanager/internal/formats/xml/format.go:168.2,169.19 2 0
github.com/ebogdum/filemanager/internal/formats/xml/format.go:169.19,170.28 1 0
github.com/ebogdum/filemanager/internal/formats/xml/format.go:170.28,172.4 1 0
github.com/ebogdum/filemanager/internal/formats/xml/format.go:172.9,172.29 1 0
github.com/ebogdum/filemanager/internal/formats/xml/format.go:172.29,174.4 1 0
github.com/ebogdum/filemanager/internal/formats/xml/format.go:174.9,176.4 1 0
github.com/ebogdum/filemanager/internal/formats/xml/format.go:180.2,180.70 1 0
github.com/ebogdum/filemanager/internal/formats/xml/format.go:180.70,182.3 1 0
github.com/ebogdum/filemanager/internal/formats/xml/format.go:184.2,185.78 2 0
github.com/ebogdum/filemanager/internal/formats/xml/format.go:185.78,187.3 1 0
github.com/ebogdum/filemanager/internal/formats/xml/format.go:189.2,189.20 1 0
github.com/ebogdum/filemanager/internal/formats/xml/format.go:193.115,194.27 1 0
github.com/ebogdum/filemanager/internal/formats/xml/format.go:195.22,196.61 1 0
github.com/ebogdum/filemanager/internal/formats/xml/format.go:198.13,200.26 1 0
github.com/ebogdum/filemanager/internal/formats/xml/format.go:200.26,201.83 1 0
github.com/ebogdum/filemanager/internal/formats/xml/format.go:201.83,203.5 1 0
github.com/ebogdum/filemanager/internal/formats/xml/format.go:205.3,205.13 1 0
github.com/ebogdum/filemanager/internal/formats/xml/format.go:207.14,209.13 2 0
github.com/ebogdum/filemanager/internal/formats/xml/format.go:211.11,212.13 1 0
github.com/ebogdum/filemanager/internal/formats/xml/format.go:214.10,216.13 2 0
github.com/ebogdum/filemanager/internal/formats/xml/format.go:221.120,224.19 2 0
github.com/ebogdum/filemanager/internal/formats/xml/format.go:224.19,226.3 1 0
github.com/ebogdum/filemanager/internal/formats/xml/format.go:227.2,227.19 1 0
github.com/ebogdum/filemanager/internal/formats/xml/format.go:227.19,229.3 1 0
github.com/ebogdum/filemanager/internal/formats/xml/format.go:231.2,231.27 1 0
github.com/ebogdum/filemanager/internal/formats/xml/format.go:231.27,235.52 2 0
github.com/ebogdum/filemanager/internal/formats/xml/format.go:235.52,236.12 1 0
github.com/ebogdum/filemanager/internal/formats/xml/format.go:239.3,239.88 1 0
github.com/ebogdum/filemanager/internal/formats/xml/format.go:239.88,241.4 1 0
github.com/ebogdum/filemanager/internal/formats/xml/format.go:244.2,244.12 1 0
github.com/ebogdum/filemanager/internal/formats/xml/format.go:248.130,249.27 1 0
github.com/ebogdum/filemanager/internal/formats/xml/format.go:250.13,252.26 1 0
github.com/ebogdum/filemanager/internal/formats/xml/format.go:252.26,253.91 1 0
github.com/ebogdum/filemanager/internal/formats/xml/format.go:253.91,255.5 1 0
github.com/ebogdum/filemanager/internal/formats/xml/format.go:257.3,257.13 1 0
github.com/ebogdum/filemanager/internal/formats/xml/format.go:259.22,260.74 1 0
github.com/ebogdum/filemanager/internal/formats/xml/format.go:262.14,263.101 1 0
github.com/ebogdum/filemanager/internal/formats/xml/format.go:263.101,265.4 1 0
github.com/ebogdum/filemanager/internal/formats/xml/format.go:266.3,266.20 1 0
github.com/ebogdum/filemanager/internal/formats/xml/format.go:266.20,267.53 1 0
github.com/ebogdum/filemanager/internal/formats/xml/format.go:267.53,269.5 1 0
github.com/ebogdum/filemanager/internal/formats/xml/format.go:271.3,271.13 1 0
github.com/ebogdum/filemanager/internal/formats/xml/format.go:273.11,274.75 1 0
github.com/ebogdum/filemanager/internal/formats/xml/format.go:274.75,276.4 1 0
github.com/ebogdum/filemanager/internal/formats/xml/format.go:277.3,277.20 1 0
github.com/ebogdum/filemanager/internal/formats/xml/format.go:277.20,278.53 1 0
github.com/ebogdum/filemanager/internal/formats/xml/format.go:278.53,280.5 1 0
github.com/ebogdum/filemanager/internal/formats/xml/format.go:282.3,282.13 1 0
github.com/ebogdum/filemanager/internal/formats/xml/format.go:284.10,285.90 1 0
github.com/ebogdum/filemanager/internal/formats/xml/format.go:285.90,287.4 1 0
github.com/ebogdum/filemanager/internal/formats/xml/format.go:288.3,288.20 1 0
github.com/ebogdum/filemanager/internal/formats/xml/format.go:288.20,289.53 1 0
github.com/ebogdum/filemanager/internal/formats/xml/format.go:289.53,291.5 1 0
github.com/ebogdum/filemanager/internal/formats/xml/format.go:293.3,293.13 1 0
github.com/ebogdum/filemanager/internal/formats/xml/format.go:298.140,299.72 1 0
github.com/ebogdum/filemanager/internal/formats/xml/format.go:299.72,301.3 1 0
github.com/ebogdum/filemanager/internal/formats/xml/format.go:303.2,304.29 2 0
github.com/ebogdum/filemanager/internal/formats/xml/format.go:304.29,305.52 1 0
github.com/ebogdum/filemanager/internal/formats/xml/format.go:305.52,307.4 1 0
github.com/ebogdum/filemanager/internal/formats/xml/format.go:310.2,310.39 1 0
github.com/ebogdum/filemanager/internal/formats/xml/format.go:310.39,311.52 1 0
github.com/ebogdum/filemanager/internal/formats/xml/format.go:311.52,313.4 1 0
github.com/ebogdum/filemanager/internal/formats/xml/format.go:314.3,314.47 1 0
github.com/ebogdum/filemanager/internal/formats/xml/format.go:317.2,317.50 1 0
github.com/ebogdum/filemanager/internal/formats/xml/format.go:317.50,319.3 1 0
github.com/ebogdum/filemanager/internal/formats/xml/format.go:321.2,321.17 1 0
github.com/ebogdum/filemanager/internal/formats/xml/format.go:321.17,322.63 1 0
github.com/ebogdum/filemanager/internal/formats/xml/format.go:322.63,324.4 1 0
github.com/ebogdum/filemanager/internal/formats/xml/format.go:326.3,327.85 2 0
github.com/ebogdum/filemanager/internal/formats/xml/format.go:327.85,329.4 1 0
github.com/ebogdum/filemanager/internal/formats/xml/format.go:331.3,331.24 1 0
github.com/ebogdum/filemanager/internal/formats/xml/format.go:331.24,332.71 1 0
github.com/ebogdum/filemanager/internal/formats/xml/format.go:332.71,334.5 1 0
github.com/ebogdum/filemanager/internal/formats/xml/format.go:337.3,337.75 1 0
github.com/ebogdum/filemanager/internal/formats/xml/format.go:337.75,339.4 1 0
github.com/ebogdum/filemanager/internal/formats/xml/format.go:340.8,341.70 1 0
github.com/ebogdum/filemanager/internal/formats/xml/format.go:341.70,343.4 1 0
github.com/ebogdum/filemanager/internal/formats/xml/format.go:344.3,344.58 1 0
github.com/ebogdum/filemanager/internal/formats/xml/format.go:344.58,346.4 1 0
github.com/ebogdum/filemanager/internal/formats/xml/format.go:349.2,349.46 1 0
github.com/ebogdum/filemanager/internal/formats/xml/format.go:353.33,355.56 2 0
github.com/ebogdum/filemanager/internal/formats/xml/format.go:355.56,357.3 1 0
github.com/ebogdum/filemanager/internal/formats/xml/format.go:358.2,358.21 1 0
github.com/ebogdum/filemanager/internal/formats/xml/format.go:362.37,369.2 6 0
github.com/ebogdum/filemanager/internal/formats/xml/format.go:371.132,373.19 2 0
github.com/ebogdum/filemanager/internal/formats/xml/format.go:373.19,375.3 1 0
github.com/ebogdum/filemanager/internal/formats/xml/format.go:376.2,376.14 1 0
github.com/ebogdum/filemanager/internal/formats/xml/format.go:376.14,378.3 1 0
github.com/ebogdum/filemanager/internal/formats/xml/format.go:380.2,380.25 1 0
github.com/ebogdum/filemanager/internal/formats/xml/format.go:380.25,382.10 2 0
github.com/ebogdum/filemanager/internal/formats/xml/format.go:383.34,385.97 2 0
github.com/ebogdum/filemanager/internal/formats/xml/format.go:386.21,387.38 1 0
github.com/ebogdum/filemanager/internal/formats/xml/format.go:388.11,389.22 1 0
github.com/ebogdum/filemanager/internal/formats/xml/format.go:392.2,392.46 1 0
github.com/ebogdum/filemanager/internal/formats/xml/format.go:395.137,396.25 1 0
github.com/ebogdum/filemanager/internal/formats/xml/format.go:396.25,397.48 1 0
github.com/ebogdum/filemanager/internal/formats/xml/format.go:397.48,398.12 1 0
github.com/ebogdum/filemanager/internal/formats/xml/format.go:400.3,400.85 1 0
github.com/ebogdum/filemanager/internal/formats/xml/format.go:400.85,402.4 1 0
github.com/ebogdum/filemanager/internal/formats/xml/format.go:404.2,404.12 1 0
github.com/ebogdum/filemanager/internal/formats/xml/format.go:407.60,408.13 1 0
github.com/ebogdum/filemanager/internal/formats/xml/format.go:408.13,410.3 1 0
github.com/ebogdum/filemanager/internal/formats/xml/format.go:411.2,412.12 2 0
github.com/ebogdum/filemanager/internal/formats/xml/format.go:416.87,417.18 1 0
github.com/ebogdum/filemanager/internal/formats/xml/format.go:418.27,419.22 1 0
github.com/ebogdum/filemanager/internal/formats/xml/format.go:421.24,422.39 1 0
github.com/ebogdum/filemanager/internal/formats/xml/format.go:424.26,425.41 1 0
github.com/ebogdum/filemanager/internal/formats/xml/format.go:427.26,428.41 1 0
github.com/ebogdum/filemanager/internal/formats/xml/format.go:430.25,431.40 1 0
github.com/ebogdum/filemanager/internal/formats/xml/format.go:433.10,434.65 1 0
github.com/ebogdum/filemanager/internal/formats/xml/format.go:439.60,442.16 2 0
github.com/ebogdum/filemanager/internal/formats/xml/format.go:442.16,444.3 1 0
github.com/ebogdum/filemanager/internal/formats/xml/format.go:446.2,447.16 2 0
github.com/ebogdum/filemanager/internal/formats/xml/format.go:447.16,449.3 1 0
github.com/ebogdum/filemanager/internal/formats/xml/format.go:452.2,453.16 2 0
github.com/ebogdum/filemanager/internal/formats/xml/format.go:453.16,455.3 1 0
github.com/ebogdum/filemanager/internal/formats/xml/format.go:457.2,457.21 1 0
github.com/ebogdum/filemanager/internal/formats/xml/format.go:457.21,459.3 1 0
github.com/ebogdum/filemanager/internal/formats/xml/format.go:462.2,462.21 1 0
github.com/ebogdum/filemanager/internal/formats/xml/format.go:462.21,464.3 1 0
github.com/ebogdum/filemanager/internal/formats/xml/format.go:466.2,467.29 2 0
github.com/ebogdum/filemanager/internal/formats/xml/format.go:467.29,469.3 1 0
github.com/ebogdum/filemanager/internal/formats/xml/format.go:470.2,470.21 1 0
github.com/ebogdum/filemanager/internal/formats/xml/format.go:474.43,475.17 1 0
github.com/ebogdum/filemanager/internal/formats/xml/format.go:475.17,477.3 1 0
github.com/ebogdum/filemanager/internal/formats/xml/format.go:479.2,479.19 1 0
github.com/ebogdum/filemanager/internal/formats/xml/format.go:480.48,481.38 1 0
github.com/ebogdum/filemanager/internal/formats/xml/format.go:483.30,484.26 1 0
github.com/ebogdum/filemanager/internal/formats/xml/format.go:486.28,487.28 1 0
github.com/ebogdum/filemanager/internal/formats/xml/format.go:489.10,490.26 1 0
github.com/ebogdum/filemanager/internal/formats/xml/format.go:496.69,499.19 2 0
github.com/ebogdum/filemanager/internal/formats/xml/format.go:499.19,501.3 1 0
github.com/ebogdum/filemanager/internal/formats/xml/format.go:503.2,503.41 1 0
github.com/ebogdum/filemanager/internal/formats/xml/format.go:507.61,510.19 2 0
github.com/ebogdum/filemanager/internal/formats/xml/format.go:510.19,512.3 1 0
github.com/ebogdum/filemanager/internal/formats/xml/format.go:514.2,514.37 1 0
github.com/ebogdum/filemanager/internal/formats/xml/format.go:518.42,524.42 3 0
github.com/ebogdum/filemanager/internal/formats/xml/format.go:524.42,526.3 1 0
github.com/ebogdum/filemanager/internal/formats/xml/format.go:528.2,528.44 1 0
github.com/ebogdum/filemanager/internal/formats/xml/format.go:532.64,533.16 1 0
github.com/ebogdum/filemanager/internal/formats/xml/format.go:533.16,535.3 1 0
github.com/ebogdum/filemanager/internal/formats/xml/format.go:537.2,538.19 2 0
github.com/ebogdum/filemanager/internal/formats/xml/format.go:538.19,540.3 1 0
github.com/ebogdum/filemanager/internal/formats/xml/format.go:542.2,545.44 3 0
github.com/ebogdum/filemanager/internal/formats/xml/format.go:545.44,546.30 1 0
github.com/ebogdum/filemanager/internal/formats/xml/format.go:547.23,549.11 2 0
github.com/ebogdum/filemanager/internal/formats/xml/format.go:549.11,552.5 2 0
github.com/ebogdum/filemanager/internal/formats/xml/format.go:553.4,553.18 1 0
github.com/ebogdum/filemanager/internal/formats/xml/format.go:554.11,555.82 1 0
github.com/ebogdum/filemanager/internal/formats/xml/format.go:560.2,561.29 2 0
github.com/ebogdum/filemanager/internal/formats/xml/format.go:562.22,563.22 1 0
github.com/ebogdum/filemanager/internal/formats/xml/format.go:564.10,565.54 1 0
github.com/ebogdum/filemanager/internal/formats/xml/format.go:568.2,568.20 1 0
github.com/ebogdum/filemanager/internal/formats/xml/format.go:572.56,573.16 1 0
github.com/ebogdum/filemanager/internal/formats/xml/format.go:573.16,575.3 1 0
github.com/ebogdum/filemanager/internal/formats/xml/format.go:577.2,578.19 2 0
github.com/ebogdum/filemanager/internal/formats/xml/format.go:578.19,580.3 1 0
github.com/ebogdum/filemanager/internal/formats/xml/format.go:582.2,585.44 3 0
github.com/ebogdum/filemanager/internal/formats/xml/format.go:585.44,586.30 1 0
github.com/ebogdum/filemanager/internal/formats/xml/format.go:587.23,589.11 2 0
github.com/ebogdum/filemanager/internal/formats/xml/format.go:589.11,591.5 1 0
github.com/ebogdum/filemanager/internal/formats/xml/format.go:592.4,592.18 1 0
github.com/ebogdum/filemanager/internal/formats/xml/format.go:593.11,594.22 1 0
github.com/ebogdum/filemanager/internal/formats/xml/format.go:599.2,600.43 2 0
github.com/ebogdum/filemanager/internal/formats/xml/format.go:600.43,602.3 1 0
github.com/ebogdum/filemanager/internal/formats/xml/format.go:604.2,604.20 1 0
github.com/ebogdum/filemanager/internal/formats/xml/format.go:608.83,612.16 2 0
github.com/ebogdum/filemanager/internal/formats/xml/format.go:612.16,619.3 1 0
github.com/ebogdum/filemanager/internal/formats/xml/format.go:622.2,623.16 2 0
github.com/ebogdum/filemanager/internal/formats/xml/format.go:623.16,630.3 1 0
github.com/ebogdum/filemanager/internal/formats/xml/format.go:632.2,632.17 1 0
github.com/ebogdum/filemanager/internal/formats/xml/format.go:636.50,662.2 1 0
github.com/ebogdum/filemanager/internal/formats/xml/format.go:665.39,666.20 1 0
github.com/ebogdum/filemanager/internal/formats/xml/format.go:666.20,668.3 1 0
github.com/ebogdum/filemanager/internal/formats/xml/format.go:669.2,669.17 1 0
github.com/ebogdum/filemanager/internal/formats/xml/format.go:669.17,671.3 1 0
github.com/ebogdum/filemanager/internal/formats/xml/format.go:673.2,676.31 3 0
github.com/ebogdum/filemanager/internal/formats/xml/format.go:676.31,678.29 2 0
github.com/ebogdum/filemanager/internal/formats/xml/format.go:678.29,680.4 1 0
github.com/ebogdum/filemanager/internal/formats/xml/format.go:681.3,681.32 1 0
github.com/ebogdum/filemanager/internal/formats/xml/format.go:681.32,682.37 1 0
github.com/ebogdum/filemanager/internal/formats/xml/format.go:682.37,684.5 1 0
github.com/ebogdum/filemanager/internal/formats/xml/format.go:684.10,686.5 1 0
github.com/ebogdum/filemanager/internal/formats/xml/format.go:688.3,688.16 1 0
github.com/ebogdum/filemanager/internal/formats/xml/format.go:691.2,691.16 1 0
github.com/ebogdum/filemanager/internal/formats/xml/format.go:695.41,696.20 1 0
github.com/ebogdum/filemanager/internal/formats/xml/format.go:696.20,698.3 1 0
github.com/ebogdum/filemanager/internal/formats/xml/format.go:699.2,699.17 1 0
github.com/ebogdum/filemanager/internal/formats/xml/format.go:699.17,701.3 1 0
github.com/ebogdum/filemanager/internal/formats/xml/format.go:703.2,706.31 3 0
github.com/ebogdum/filemanager/internal/formats/xml/format.go:706.31,711.3 4 0
github.com/ebogdum/filemanager/internal/formats/xml/format.go:713.2,713.33 1 0
github.com/ebogdum/filemanager/internal/formats/xml/format.go:717.40,718.20 1 0
github.com/ebogdum/filemanager/internal/formats/xml/format.go:718.20,720.3 1 0
github.com/ebogdum/filemanager/internal/formats/xml/format.go:721.2,721.17 1 0
github.com/ebogdum/filemanager/internal/formats/xml/format.go:721.17,723.3 1 0
github.com/ebogdum/filemanager/internal/formats/xml/format.go:725.2,728.31 3 0
github.com/ebogdum/filemanager/internal/formats/xml/format.go:728.31,732.29 3 0
github.com/ebogdum/filemanager/internal/formats/xml/format.go:732.29,734.18 2 0
github.com/ebogdum/filemanager/internal/formats/xml/format.go:734.18,737.5 2 0
github.com/ebogdum/filemanager/internal/formats/xml/format.go:739.3,739.32 1 0
github.com/ebogdum/filemanager/internal/formats/xml/format.go:739.32,741.18 2 0
github.com/ebogdum/filemanager/internal/formats/xml/format.go:741.18,744.5 2 0
github.com/ebogdum/filemanager/internal/formats/xml/format.go:746.3,746.16 1 0
github.com/ebogdum/filemanager/internal/formats/xml/format.go:749.2,749.33 1 0
github.com/ebogdum/filemanager/internal/formats/xml/format.go:753.26,754.14 1 0
github.com/ebogdum/filemanager/internal/formats/xml/format.go:754.14,756.3 1 0
github.com/ebogdum/filemanager/internal/formats/xml/format.go:758.2,758.25 1 0
github.com/ebogdum/filemanager/internal/formats/xml/format.go:759.22,761.25 2 0
github.com/ebogdum/filemanager/internal/formats/xml/format.go:761.25,763.4 1 0
github.com/ebogdum/filemanager/internal/formats/xml/format.go:764.3,764.16 1 0
github.com/ebogdum/filemanager/internal/formats/xml/format.go:766.13,768.25 2 0
github.com/ebogdum/filemanager/internal/formats/xml/format.go:768.25,770.4 1 0
github.com/ebogdum/filemanager/internal/formats/xml/format.go:771.3,771.16 1 0
github.com/ebogdum/filemanager/internal/formats/xml/format.go:773.10,774.11 1 0
github.com/ebogdum/filemanager/internal/formats/xml/format.go:779.65,781.16 2 0
github.com/ebogdum/filemanager/internal/formats/xml/format.go:781.16,783.3 1 0
github.com/ebogdum/filemanager/internal/formats/xml/format.go:785.2,786.16 2 0
github.com/ebogdum/filemanager/internal/formats/xml/format.go:786.16,788.3 1 0
github.com/ebogdum/filemanager/internal/formats/xml/format.go:790.2,791.29 2 0
github.com/ebogdum/filemanager/internal/formats/xml/format.go:791.29,793.3 1 0
github.com/ebogdum/filemanager/internal/formats/xml/format.go:794.2,794.21 1 0
github.com/ebogdum/filemanager/internal/formats/xml/format.go:801.38,803.17 1 0
github.com/ebogdum/filemanager/internal/formats/xml/format.go:803.17,805.3 1 0
github.com/ebogdum/filemanager/internal/formats/xml/format.go:806.2,806.45 1 0
github.com/ebogdum/filemanager/internal/formats/xml/format.go:810.64,812.16 2 0
github.com/ebogdum/filemanager/internal/formats/xml/format.go:812.16,814.3 1 0
github.com/ebogdum/filemanager/internal/formats/xml/format.go:816.2,817.17 2 0
github.com/ebogdum/filemanager/internal/formats/xml/format.go:817.17,819.3 1 0
github.com/ebogdum/filemanager/internal/formats/xml/format.go:821.2,821.49 1 0
github.com/ebogdum/filemanager/internal/formats/xml/format.go:825.81,827.16 2 0
github.com/ebogdum/filemanager/internal/formats/xml/format.go:827.16,829.3 1 0
github.com/ebogdum/filemanager/internal/formats/xml/format.go:831.2,832.17 2 0
github.com/ebogdum/filemanager/internal/formats/xml/format.go:832.17,834.3 1 0
github.com/ebogdum/filemanager/internal/formats/xml/format.go:836.2,836.33 1 0
github.com/ebogdum/filemanager/internal/formats/xml/format.go:836.33,837.34 1 0
github.com/ebogdum/filemanager/internal/formats/xml/format.go:837.34,839.4 1 0
github.com/ebogdum/filemanager/internal/formats/xml/format.go:842.2,842.60 1 0
github.com/ebogdum/filemanager/internal/formats/xml/format.go:846.60,848.16 2 0
github.com/ebogdum/filemanager/internal/formats/xml/format.go:848.16,850.3 1 0
github.com/ebogdum/filemanager/internal/formats/xml/format.go:852.2,853.16 2 0
github.com/ebogdum/filemanager/internal/formats/xml/format.go:853.16,855.3 1 0
github.com/ebogdum/filemanager/internal/formats/xml/format.go:857.2,857.24 1 0
github.com/ebogdum/filemanager/internal/formats/xml/format.go:868.81,873.16 3 0
github.com/ebogdum/filemanager/internal/formats/xml/format.go:873.16,875.3 1 0
github.com/ebogdum/filemanager/internal/formats/xml/format.go:878.2,878.31 1 0
github.com/ebogdum/filemanager/internal/formats/xml/format.go:878.31,879.15 1 0
github.com/ebogdum/filemanager/internal/formats/xml/format.go:880.14,881.45 1 0
github.com/ebogdum/filemanager/internal/formats/xml/format.go:882.17,883.39 1 0
github.com/ebogdum/filemanager/internal/formats/xml/format.go:884.17,887.23 2 0
github.com/ebogdum/filemanager/internal/formats/xml/format.go:887.23,888.49 1 0
github.com/ebogdum/filemanager/internal/formats/xml/format.go:888.49,890.6 1 0
github.com/ebogdum/filemanager/internal/formats/xml/format.go:892.11,893.61 1 0
github.com/ebogdum/filemanager/internal/formats/xml/format.go:896.3,896.17 1 0
github.com/ebogdum/filemanager/internal/formats/xml/format.go:896.17,898.4 1 0
github.com/ebogdum/filemanager/internal/formats/xml/format.go:902.2,902.62 1 0
github.com/ebogdum/filemanager/internal/formats/yaml/format.go:19.20,21.2 1 0
github.com/ebogdum/filemanager/internal/formats/yaml/format.go:24.32,26.2 1 0
github.com/ebogdum/filemanager/internal/formats/yaml/format.go:29.40,31.2 1 0
github.com/ebogdum/filemanager/internal/formats/yaml/format.go:34.39,36.2 1 0
github.com/ebogdum/filemanager/internal/formats/yaml/format.go:39.50,41.54 2 0
github.com/ebogdum/filemanager/internal/formats/yaml/format.go:41.54,43.3 1 0
github.com/ebogdum/filemanager/internal/formats/yaml/format.go:44.2,44.35 1 0
github.com/ebogdum/filemanager/internal/formats/yaml/format.go:48.69,50.52 2 0
github.com/ebogdum/filemanager/internal/formats/yaml/format.go:50.52,52.3 1 0
github.com/ebogdum/filemanager/internal/formats/yaml/format.go:53.2,53.19 1 0
github.com/ebogdum/filemanager/internal/formats/yaml/format.go:57.85,62.21 4 0
github.com/ebogdum/filemanager/internal/formats/yaml/format.go:62.21,64.3 1 0
github.com/ebogdum/filemanager/internal/formats/yaml/format.go:65.2,67.46 2 0
github.com/ebogdum/filemanager/internal/formats/yaml/format.go:67.46,69.3 1 0
github.com/ebogdum/filemanager/internal/formats/yaml/format.go:71.2,71.40 1 0
github.com/ebogdum/filemanager/internal/formats/yaml/format.go:71.40,73.3 1 0
github.com/ebogdum/filemanager/internal/formats/yaml/format.go:75.2,78.79 2 0
github.com/ebogdum/filemanager/internal/formats/yaml/format.go:78.79,80.3 1 0
github.com/ebogdum/filemanager/internal/formats/yaml/format.go:82.2,82.20 1 0
github.com/ebogdum/filemanager/internal/formats/yaml/format.go:86.95,91.21 4 0
github.com/ebogdum/filemanager/internal/formats/yaml/format.go:91.21,93.3 1 0
github.com/ebogdum/filemanager/internal/formats/yaml/format.go:94.2,96.45 2 0
github.com/ebogdum/filemanager/internal/formats/yaml/format.go:96.45,98.3 1 0
github.com/ebogdum/filemanager/internal/formats/yaml/format.go:100.2,100.40 1 0
github.com/ebogdum/filemanager/internal/formats/yaml/format.go:100.40,102.3 1 0
github.com/ebogdum/filemanager/internal/formats/yaml/format.go:104.2,104.25 1 0
github.com/ebogdum/filemanager/internal/formats/yaml/format.go:108.87,109.18 1 0
github.com/ebogdum/filemanager/internal/formats/yaml/format.go:110.27,111.22 1 0
github.com/ebogdum/filemanager/internal/formats/yaml/format.go:113.24,114.39 1 0
github.com/ebogdum/filemanager/internal/formats/yaml/format.go:116.26,117.41 1 0
github.com/ebogdum/filemanager/internal/formats/yaml/format.go:119.26,120.41 1 0
github.com/ebogdum/filemanager/internal/formats/yaml/format.go:122.25,123.40 1 0
github.com/ebogdum/filemanager/internal/formats/yaml/format.go:125.10,126.65 1 0
github.com/ebogdum/filemanager/internal/formats/yaml/format.go:131.60,133.2 1 0
github.com/ebogdum/filemanager/internal/formats/yaml/format.go:136.69,138.2 1 0
github.com/ebogdum/filemanager/internal/formats/yaml/format.go:141.61,143.2 1 0
github.com/ebogdum/filemanager/internal/formats/yaml/format.go:148.83,150.17 1 0
github.com/ebogdum/filemanager/internal/formats/yaml/format.go:150.17,152.3 1 0
github.com/ebogdum/filemanager/internal/formats/yaml/format.go:155.2,155.26 1 0
github.com/ebogdum/filemanager/internal/formats/yaml/format.go:156.22,159.29 2 0
github.com/ebogdum/filemanager/internal/formats/yaml/format.go:159.29,160.60 1 0
github.com/ebogdum/filemanager/internal/formats/yaml/format.go:160.60,161.30 1 0
github.com/ebogdum/filemanager/internal/formats/yaml/format.go:161.30,164.6 2 0
github.com/ebogdum/filemanager/internal/formats/yaml/format.go:167.3,167.21 1 0
github.com/ebogdum/filemanager/internal/formats/yaml/format.go:168.13,171.26 2 0
github.com/ebogdum/filemanager/internal/formats/yaml/format.go:171.26,172.59 1 0
github.com/ebogdum/filemanager/internal/formats/yaml/format.go:172.59,173.30 1 0
github.com/ebogdum/filemanager/internal/formats/yaml/format.go:173.30,176.6 2 0
github.com/ebogdum/filemanager/internal/formats/yaml/format.go:179.3,179.21 1 0
github.com/ebogdum/filemanager/internal/formats/yaml/format.go:180.41,182.18 1 0
github.com/ebogdum/filemanager/internal/formats/yaml/format.go:183.10,191.9 1 0
github.com/ebogdum/filemanager/internal/formats/yaml/format.go:196.50,212.2 1 0
github.com/ebogdum/filemanager/internal/formats/yaml/format.go:217.31,218.25 1 0
github.com/ebogdum/filemanager/internal/formats/yaml/format.go:219.22,221.25 2 0
github.com/ebogdum/filemanager/internal/formats/yaml/format.go:221.25,223.4 1 0
github.com/ebogdum/filemanager/internal/formats/yaml/format.go:224.3,224.16 1 0
github.com/ebogdum/filemanager/internal/formats/yaml/format.go:226.19,229.25 2 0
github.com/ebogdum/filemanager/internal/formats/yaml/format.go:229.25,232.4 2 0
github.com/ebogdum/filemanager/internal/formats/yaml/format.go:233.3,233.16 1 0
github.com/ebogdum/filemanager/internal/formats/yaml/format.go:235.13,237.25 2 0
github.com/ebogdum/filemanager/internal/formats/yaml/format.go:237.25,239.4 1 0
github.com/ebogdum/filemanager/internal/formats/yaml/format.go:240.3,240.16 1 0
github.com/ebogdum/filemanager/internal/formats/yaml/format.go:242.10,243.11 1 0
github.com/ebogdum/filemanager/internal/formats/yaml/format.go:248.39,249.20 1 0
github.com/ebogdum/filemanager/internal/formats/yaml/format.go:249.20,251.3 1 0
github.com/ebogdum/filemanager/internal/formats/yaml/format.go:252.2,252.17 1 0
github.com/ebogdum/filemanager/internal/formats/yaml/format.go:252.17,254.3 1 0
github.com/ebogdum/filemanager/internal/formats/yaml/format.go:256.2,259.31 3 0
github.com/ebogdum/filemanager/internal/formats/yaml/format.go:259.31,262.29 2 0
github.com/ebogdum/filemanager/internal/formats/yaml/format.go:262.29,264.4 1 0
github.com/ebogdum/filemanager/internal/formats/yaml/format.go:266.3,266.32 1 0
github.com/ebogdum/filemanager/internal/formats/yaml/format.go:266.32,267.37 1 0
github.com/ebogdum/filemanager/internal/formats/yaml/format.go:267.37,269.5 1 0
github.com/ebogdum/filemanager/internal/formats/yaml/format.go:269.10,271.5 1 0
github.com/ebogdum/filemanager/internal/formats/yaml/format.go:273.3,273.16 1 0
github.com/ebogdum/filemanager/internal/formats/yaml/format.go:276.2,276.16 1 0
github.com/ebogdum/filemanager/internal/formats/yaml/format.go:280.41,281.20 1 0
github.com/ebogdum/filemanager/internal/formats/yaml/format.go:281.20,283.3 1 0
github.com/ebogdum/filemanager/internal/formats/yaml/format.go:284.2,284.17 1 0
github.com/ebogdum/filemanager/internal/formats/yaml/format.go:284.17,286.3 1 0
github.com/ebogdum/filemanager/internal/formats/yaml/format.go:288.2,291.31 3 0
github.com/ebogdum/filemanager/internal/formats/yaml/format.go:291.31,296.3 4 0
github.com/ebogdum/filemanager/internal/formats/yaml/format.go:298.2,298.33 1 0
github.com/ebogdum/filemanager/internal/formats/yaml/format.go:302.40,303.20 1 0
github.com/ebogdum/filemanager/internal/formats/yaml/format.go:303.20,305.3 1 0
github.com/ebogdum/filemanager/internal/formats/yaml/format.go:306.2,306.17 1 0
github.com/ebogdum/filemanager/internal/formats/yaml/format.go:306.17,308.3 1 0
github.com/ebogdum/filemanager/internal/formats/yaml/format.go:310.2,313.31 3 0
github.com/ebogdum/filemanager/internal/formats/yaml/format.go:313.31,317.29 3 0
github.com/ebogdum/filemanager/internal/formats/yaml/format.go:317.29,319.18 2 0
github.com/ebogdum/filemanager/internal/formats/yaml/format.go:319.18,322.5 2 0
github.com/ebogdum/filemanager/internal/formats/yaml/format.go:324.3,324.32 1 0
github.com/ebogdum/filemanager/internal/formats/yaml/format.go:324.32,326.18 2 0
github.com/ebogdum/filemanager/internal/formats/yaml/format.go:326.18,329.5 2 0
github.com/ebogdum/filemanager/internal/formats/yaml/format.go:331.3,331.16 1 0
github.com/ebogdum/filemanager/internal/formats/yaml/format.go:334.2,334.33 1 0
github.com/ebogdum/filemanager/internal/formats/yaml/format.go:338.52,339.31 1 0
github.com/ebogdum/filemanager/internal/formats/yaml/format.go:339.31,341.3 1 0
github.com/ebogdum/filemanager/internal/formats/yaml/format.go:343.2,347.29 4 0
github.com/ebogdum/filemanager/internal/formats/yaml/format.go:347.29,348.17 1 0
github.com/ebogdum/filemanager/internal/formats/yaml/format.go:348.17,349.12 1 0
github.com/ebogdum/filemanager/internal/formats/yaml/format.go:352.3,352.30 1 0
github.com/ebogdum/filemanager/internal/formats/yaml/format.go:353.23,356.11 3 0
github.com/ebogdum/filemanager/internal/formats/yaml/format.go:356.11,358.5 1 0
github.com/ebogdum/filemanager/internal/formats/yaml/format.go:360.14,362.58 2 0
github.com/ebogdum/filemanager/internal/formats/yaml/format.go:362.58,364.5 1 0
github.com/ebogdum/filemanager/internal/formats/yaml/format.go:365.4,365.32 1 0
github.com/ebogdum/filemanager/internal/formats/yaml/format.go:365.32,367.5 1 0
github.com/ebogdum/filemanager/internal/formats/yaml/format.go:368.4,368.20 1 0
github.com/ebogdum/filemanager/internal/formats/yaml/format.go:370.11,371.75 1 0
github.com/ebogdum/filemanager/internal/formats/yaml/format.go:375.2,375.21 1 0
github.com/ebogdum/filemanager/internal/formats/yaml/format.go:379.61,380.31 1 0
github.com/ebogdum/filemanager/internal/formats/yaml/format.go:380.31,382.3 1 0
github.com/ebogdum/filemanager/internal/formats/yaml/format.go:384.2,388.19 4 0
github.com/ebogdum/filemanager/internal/formats/yaml/format.go:388.19,390.3 1 0
github.com/ebogdum/filemanager/internal/formats/yaml/format.go:392.2,393.44 2 0
github.com/ebogdum/filemanager/internal/formats/yaml/format.go:393.44,394.17 1 0
github.com/ebogdum/filemanager/internal/formats/yaml/format.go:394.17,395.12 1 0
github.com/ebogdum/filemanager/internal/formats/yaml/format.go:398.3,398.30 1 0
github.com/ebogdum/filemanager/internal/formats/yaml/format.go:399.23,401.11 2 0
github.com/ebogdum/filemanager/internal/formats/yaml/format.go:401.11,404.5 2 0
github.com/ebogdum/filemanager/internal/formats/yaml/format.go:405.4,405.18 1 0
github.com/ebogdum/filemanager/internal/formats/yaml/format.go:407.14,409.58 2 0
github.com/ebogdum/filemanager/internal/formats/yaml/format.go:409.58,411.5 1 0
github.com/ebogdum/filemanager/internal/formats/yaml/format.go:412.4,412.32 1 0
github.com/ebogdum/filemanager/internal/formats/yaml/format.go:412.32,414.5 1 0
github.com/ebogdum/filemanager/internal/formats/yaml/format.go:415.4,415.20 1 0
github.com/ebogdum/filemanager/internal/formats/yaml/format.go:417.11,418.67 1 0
github.com/ebogdum/filemanager/internal/formats/yaml/format.go:422.2,423.29 2 0
github.com/ebogdum/filemanager/internal/formats/yaml/format.go:424.22,425.22 1 0
github.com/ebogdum/filemanager/internal/formats/yaml/format.go:427.13,429.61 2 0
github.com/ebogdum/filemanager/internal/formats/yaml/format.go:429.61,431.4 1 0
github.com/ebogdum/filemanager/internal/formats/yaml/format.go:432.3,432.31 1 0
github.com/ebogdum/filemanager/internal/formats/yaml/format.go:432.31,434.4 1 0
github.com/ebogdum/filemanager/internal/formats/yaml/format.go:435.3,435.17 1 0
github.com/ebogdum/filemanager/internal/formats/yaml/format.go:437.10,438.54 1 0
github.com/ebogdum/filemanager/internal/formats/yaml/format.go:441.2,441.20 1 0
github.com/ebogdum/filemanager/internal/formats/yaml/format.go:445.53,446.31 1 0
github.com/ebogdum/filemanager/internal/formats/yaml/format.go:446.31,448.3 1 0
github.com/ebogdum/filemanager/internal/formats/yaml/format.go:450.2,454.19 4 0
github.com/ebogdum/filemanager/internal/formats/yaml/format.go:454.19,456.3 1 0
github.com/ebogdum/filemanager/internal/formats/yaml/format.go:458.2,459.44 2 0
github.com/ebogdum/filemanager/internal/formats/yaml/format.go:459.44,460.17 1 0
github.com/ebogdum/filemanager/internal/formats/yaml/format.go:460.17,461.12 1 0
github.com/ebogdum/filemanager/internal/formats/yaml/format.go:464.3,464.30 1 0
github.com/ebogdum/filemanager/internal/formats/yaml/format.go:465.23,467.11 2 0
github.com/ebogdum/filemanager/internal/formats/yaml/format.go:467.11,469.5 1 0
github.com/ebogdum/filemanager/internal/formats/yaml/format.go:470.4,470.18 1 0
github.com/ebogdum/filemanager/internal/formats/yaml/format.go:472.14,474.58 2 0
github.com/ebogdum/filemanager/internal/formats/yaml/format.go:474.58,476.5 1 0
github.com/ebogdum/filemanager/internal/formats/yaml/format.go:477.4,477.32 1 0
github.com/ebogdum/filemanager/internal/formats/yaml/format.go:477.32,479.5 1 0
github.com/ebogdum/filemanager/internal/formats/yaml/format.go:480.4,480.20 1 0
github.com/ebogdum/filemanager/internal/formats/yaml/format.go:482.11,483.22 1 0
github.com/ebogdum/filemanager/internal/formats/yaml/format.go:487.2,488.43 2 0
github.com/ebogdum/filemanager/internal/formats/yaml/format.go:488.43,490.3 1 0
github.com/ebogdum/filemanager/internal/formats/yaml/format.go:492.2,492.20 1 0
github.com/ebogdum/filemanager/internal/formats/yaml/format.go:496.26,497.14 1 0
github.com/ebogdum/filemanager/internal/formats/yaml/format.go:497.14,499.3 1 0
github.com/ebogdum/filemanager/internal/formats/yaml/format.go:501.2,501.25 1 0
github.com/ebogdum/filemanager/internal/formats/yaml/format.go:502.22,504.25 2 0
github.com/ebogdum/filemanager/internal/formats/yaml/format.go:504.25,506.4 1 0
github.com/ebogdum/filemanager/internal/formats/yaml/format.go:507.3,507.16 1 0
github.com/ebogdum/filemanager/internal/formats/yaml/format.go:509.13,511.25 2 0
github.com/ebogdum/filemanager/internal/formats/yaml/format.go:511.25,513.4 1 0
github.com/ebogdum/filemanager/internal/formats/yaml/format.go:514.3,514.16 1 0
github.com/ebogdum/filemanager/internal/formats/yaml/format.go:516.10,517.11 1 0
github.com/ebogdum/filemanager/internal/functions/dir_exists.go:15.47,17.2 1 0
github.com/ebogdum/filemanager/internal/functions/dir_exists.go:23.122,25.2 1 0
github.com/ebogdum/filemanager/internal/functions/dir_exists.go:28.128,42.2 1 0
github.com/ebogdum/filemanager/internal/functions/dir_exists.go:45.107,49.23 3 0
github.com/ebogdum/filemanager/internal/functions/dir_exists.go:49.23,51.3 1 0
github.com/ebogdum/filemanager/internal/functions/dir_exists.go:53.2,54.16 2 0
github.com/ebogdum/filemanager/internal/functions/dir_exists.go:54.16,55.25 1 0
github.com/ebogdum/filemanager/internal/functions/dir_exists.go:55.25,58.4 2 0
github.com/ebogdum/filemanager/internal/functions/dir_exists.go:59.3,60.9 2 0
github.com/ebogdum/filemanager/internal/functions/dir_exists.go:64.2,64.88 1 0
github.com/ebogdum/filemanager/internal/functions/file_exists.go:15.48,17.2 1 0
github.com/ebogdum/filemanager/internal/functions/file_exists.go:23.123,25.2 1 0
github.com/ebogdum/filemanager/internal/functions/file_exists.go:28.129,42.2 1 0
github.com/ebogdum/filemanager/internal/functions/file_exists.go:45.108,49.23 3 0
github.com/ebogdum/filemanager/internal/functions/file_exists.go:49.23,51.3 1 0
github.com/ebogdum/filemanager/internal/functions/file_exists.go:53.2,54.16 2 0
github.com/ebogdum/filemanager/internal/functions/file_exists.go:54.16,55.25 1 0
github.com/ebogdum/filemanager/internal/functions/file_exists.go:55.25,58.4 2 0
github.com/ebogdum/filemanager/internal/functions/file_exists.go:59.3,60.9 2 0
github.com/ebogdum/filemanager/internal/functions/file_exists.go:64.2,64.89 1 0
github.com/ebogdum/filemanager/internal/functions/glob.go:16.42,18.2 1 0
github.com/ebogdum/filemanager/internal/functions/glob.go:24.117,26.2 1 0
github.com/ebogdum/filemanager/internal/functions/glob.go:29.123,45.2 1 0
github.com/ebogdum/filemanager/internal/functions/glob.go:48.102,52.23 3 0
github.com/ebogdum/filemanager/internal/functions/glob.go:52.23,54.3 1 0
github.com/ebogdum/filemanager/internal/functions/glob.go:56.2,57.16 2 0
github.com/ebogdum/filemanager/internal/functions/glob.go:57.16,60.3 2 0
github.com/ebogdum/filemanager/internal/functions/glob.go:63.2,63.20 1 0
github.com/ebogdum/filemanager/internal/functions/glob.go:63.20,65.3 1 0
github.com/ebogdum/filemanager/internal/functions/glob.go:67.2,68.22 2 0
github.com/ebogdum/filemanager/internal/functions/glob.go:68.22,71.3 2 0
github.com/ebogdum/filemanager/internal/functions/glob.go:73.2,73.82 1 0
github.com/ebogdum/filemanager/internal/functions/path_basename.go:14.50,25.2 1 0
github.com/ebogdum/filemanager/internal/functions/path_dirname.go:14.49,25.2 1 0
github.com/ebogdum/filemanager/internal/functions/path_expand.go:17.48,19.2 1 0
github.com/ebogdum/filemanager/internal/functions/path_expand.go:25.123,27.2 1 0
github.com/ebogdum/filemanager/internal/functions/path_expand.go:30.129,44.2 1 0
github.com/ebogdum/filemanager/internal/functions/path_expand.go:47.108,51.23 3 0
github.com/ebogdum/filemanager/internal/functions/path_expand.go:51.23,53.3 1 0
github.com/ebogdum/filemanager/internal/functions/path_expand.go:55.2,56.82 2 0
github.com/ebogdum/filemanager/internal/functions/path_expand.go:60.37,62.35 1 0
github.com/ebogdum/filemanager/internal/functions/path_expand.go:62.35,64.17 2 0
github.com/ebogdum/filemanager/internal/functions/path_expand.go:64.17,66.4 1 0
github.com/ebogdum/filemanager/internal/functions/path_expand.go:67.8,67.24 1 0
github.com/ebogdum/filemanager/internal/functions/path_expand.go:67.24,69.17 2 0
github.com/ebogdum/filemanager/internal/functions/path_expand.go:69.17,71.4 1 0
github.com/ebogdum/filemanager/internal/functions/path_expand.go:75.2,77.13 2 0
github.com/ebogdum/filemanager/internal/functions/path_ext.go:14.45,25.2 1 0
github.com/ebogdum/filemanager/internal/functions/path_join.go:16.46,18.2 1 0
github.com/ebogdum/filemanager/internal/functions/path_join.go:24.121,26.2 1 0
github.com/ebogdum/filemanager/internal/functions/path_join.go:29.127,44.2 1 0
github.com/ebogdum/filemanager/internal/functions/path_join.go:47.106,51.23 3 0
github.com/ebogdum/filemanager/internal/functions/path_join.go:51.23,53.3 1 0
github.com/ebogdum/filemanager/internal/functions/path_join.go:55.2,56.82 2 0
github.com/ebogdum/filemanager/internal/functions/path_unary.go:23.22,32.2 1 0
github.com/ebogdum/filemanager/internal/functions/path_unary.go:34.118,36.2 1 0
github.com/ebogdum/filemanager/internal/functions/path_unary.go:38.124,52.2 1 0
github.com/ebogdum/filemanager/internal/functions/path_unary.go:54.107,58.23 3 0
github.com/ebogdum/filemanager/internal/functions/path_unary.go:58.23,60.3 1 0
github.com/ebogdum/filemanager/internal/functions/path_unary.go:62.2,62.88 1 0
github.com/ebogdum/filemanager/internal/provider/provider.go:106.51,107.34 1 0
github.com/ebogdum/filemanager/internal/provider/provider.go:107.34,112.3 1 0
github.com/ebogdum/filemanager/internal/provider/provider.go:116.124,119.2 2 0
github.com/ebogdum/filemanager/internal/provider/provider.go:122.118,180.2 1 0
github.com/ebogdum/filemanager/internal/provider/provider.go:183.127,187.33 3 0
github.com/ebogdum/filemanager/internal/provider/provider.go:187.33,189.3 1 0
github.com/ebogdum/filemanager/internal/provider/provider.go:192.2,192.71 1 0
github.com/ebogdum/filemanager/internal/provider/provider.go:192.71,194.3 1 0
github.com/ebogdum/filemanager/internal/provider/provider.go:194.17,200.3 1 0
github.com/ebogdum/filemanager/internal/provider/provider.go:203.2,203.70 1 0
github.com/ebogdum/filemanager/internal/provider/provider.go:203.70,205.3 1 0
github.com/ebogdum/filemanager/internal/provider/provider.go:205.17,211.3 1 0
github.com/ebogdum/filemanager/internal/provider/provider.go:214.2,214.70 1 0
github.com/ebogdum/filemanager/internal/provider/provider.go:214.70,216.3 1 0
github.com/ebogdum/filemanager/internal/provider/provider.go:216.17,221.3 1 0
github.com/ebogdum/filemanager/internal/provider/provider.go:224.2,224.72 1 0
github.com/ebogdum/filemanager/internal/provider/provider.go:224.72,226.3 1 0
github.com/ebogdum/filemanager/internal/provider/provider.go:226.17,231.3 1 0
github.com/ebogdum/filemanager/internal/provider/provider.go:234.2,254.65 4 0
github.com/ebogdum/filemanager/internal/provider/provider.go:254.65,261.3 2 0
github.com/ebogdum/filemanager/internal/provider/provider.go:264.2,264.76 1 0
github.com/ebogdum/filemanager/internal/provider/provider.go:264.76,270.3 1 0
github.com/ebogdum/filemanager/internal/provider/provider.go:272.2,276.36 3 0
github.com/ebogdum/filemanager/internal/provider/provider.go:280.89,316.2 1 0
github.com/ebogdum/filemanager/internal/provider/provider.go:319.95,340.2 1 0
github.com/ebogdum/filemanager/internal/provider/provider.go:343.89,354.2 1 0
github.com/ebogdum/filemanager/internal/provider/provider.go:358.62,359.33 1 0
github.com/ebogdum/filemanager/internal/provider/provider.go:359.33,361.3 1 0
github.com/ebogdum/filemanager/internal/provider/provider.go:362.2,362.24 1 0
github.com/ebogdum/filemanager/internal/provider/provider.go:365.54,366.33 1 0
github.com/ebogdum/filemanager/internal/provider/provider.go:366.33,368.3 1 0
github.com/ebogdum/filemanager/internal/provider/provider.go:369.2,369.22 1 0
github.com/ebogdum/filemanager/internal/provider/provider.go:372.58,373.33 1 0
github.com/ebogdum/filemanager/internal/provider/provider.go:373.33,375.3 1 0
github.com/ebogdum/filemanager/internal/provider/provider.go:376.2,376.23 1 0
github.com/ebogdum/filemanager/internal/provider/provider.go:379.44,381.16 2 0
github.com/ebogdum/filemanager/internal/provider/provider.go:381.16,383.3 1 0
github.com/ebogdum/filemanager/internal/provider/provider.go:384.2,384.10 1 0
github.com/ebogdum/filemanager/internal/formats/json/format.go:20.20,22.2 1 0
github.com/ebogdum/filemanager/internal/formats/json/format.go:25.32,27.2 1 0
github.com/ebogdum/filemanager/internal/formats/json/format.go:30.40,32.2 1 0
github.com/ebogdum/filemanager/internal/formats/json/format.go:35.39,37.2 1 0
github.com/ebogdum/filemanager/internal/formats/json/format.go:40.50,42.54 2 0
github.com/ebogdum/filemanager/internal/formats/json/format.go:42.54,44.3 1 0
github.com/ebogdum/filemanager/internal/formats/json/format.go:45.2,45.20 1 0
github.com/ebogdum/filemanager/internal/formats/json/format.go:49.85,51.19 1 0
github.com/ebogdum/filemanager/internal/formats/json/format.go:51.19,53.3 1 0
github.com/ebogdum/filemanager/internal/formats/json/format.go:55.2,58.18 3 0
github.com/ebogdum/filemanager/internal/formats/json/format.go:58.18,60.3 1 0
github.com/ebogdum/filemanager/internal/formats/json/format.go:60.8,62.22 2 0
github.com/ebogdum/filemanager/internal/formats/json/format.go:62.22,63.29 1 0
github.com/ebogdum/filemanager/internal/formats/json/format.go:63.29,65.5 1 0
github.com/ebogdum/filemanager/internal/formats/json/format.go:65.10,67.5 1 0
github.com/ebogdum/filemanager/internal/formats/json/format.go:69.3,69.32 1 0
github.com/ebogdum/filemanager/internal/formats/json/format.go:72.2,72.22 1 0
github.com/ebogdum/filemanager/internal/formats/json/format.go:72.22,74.3 1 0
github.com/ebogdum/filemanager/internal/formats/json/format.go:76.2,76.46 1 0
github.com/ebogdum/filemanager/internal/formats/json/format.go:76.46,78.3 1 0
github.com/ebogdum/filemanager/internal/formats/json/format.go:80.2,83.79 2 0
github.com/ebogdum/filemanager/internal/formats/json/format.go:83.79,85.3 1 0
github.com/ebogdum/filemanager/internal/formats/json/format.go:87.2,87.20 1 0
github.com/ebogdum/filemanager/internal/formats/json/format.go:91.87,92.18 1 0
github.com/ebogdum/filemanager/internal/formats/json/format.go:93.27,94.22 1 0
github.com/ebogdum/filemanager/internal/formats/json/format.go:96.24,97.39 1 0
github.com/ebogdum/filemanager/internal/formats/json/format.go:99.26,100.41 1 0
github.com/ebogdum/filemanager/internal/formats/json/format.go:102.26,103.41 1 0
github.com/ebogdum/filemanager/internal/formats/json/format.go:105.25,106.40 1 0
github.com/ebogdum/filemanager/internal/formats/json/format.go:108.10,109.65 1 0
github.com/ebogdum/filemanager/internal/formats/json/format.go:114.60,116.2 1 0
github.com/ebogdum/filemanager/internal/formats/json/format.go:119.69,121.2 1 0
github.com/ebogdum/filemanager/internal/formats/json/format.go:124.61,126.2 1 0
github.com/ebogdum/filemanager/internal/formats/json/format.go:131.83,133.17 1 0
github.com/ebogdum/filemanager/internal/formats/json/format.go:133.17,135.3 1 0
github.com/ebogdum/filemanager/internal/formats/json/format.go:138.2,138.26 1 0
github.com/ebogdum/filemanager/internal/formats/json/format.go:139.22,142.29 2 0
github.com/ebogdum/filemanager/internal/formats/json/format.go:142.29,143.60 1 0
github.com/ebogdum/filemanager/internal/formats/json/format.go:143.60,144.30 1 0
github.com/ebogdum/filemanager/internal/formats/json/format.go:144.30,147.6 2 0
github.com/ebogdum/filemanager/internal/formats/json/format.go:150.3,150.21 1 0
github.com/ebogdum/filemanager/internal/formats/json/format.go:151.13,154.26 2 0
github.com/ebogdum/filemanager/internal/formats/json/format.go:154.26,155.59 1 0
github.com/ebogdum/filemanager/internal/formats/json/format.go:155.59,156.30 1 0
github.com/ebogdum/filemanager/internal/formats/json/format.go:156.30,159.6 2 0
github.com/ebogdum/filemanager/internal/formats/json/format.go:162.3,162.21 1 0
github.com/ebogdum/filemanager/internal/formats/json/format.go:163.29,165.18 1 0
github.com/ebogdum/filemanager/internal/formats/json/format.go:166.27,168.18 1 0
github.com/ebogdum/filemanager/internal/formats/json/format.go:169.10,177.9 1 0
github.com/ebogdum/filemanager/internal/formats/json/format.go:182.50,203.2 1 0
github.com/ebogdum/filemanager/internal/formats/json/format.go:206.26,207.25 1 0
github.com/ebogdum/filemanager/internal/formats/json/format.go:208.22,211.22 3 0
github.com/ebogdum/filemanager/internal/formats/json/format.go:211.22,213.4 1 0
github.com/ebogdum/filemanager/internal/formats/json/format.go:214.3,215.26 2 0
github.com/ebogdum/filemanager/internal/formats/json/format.go:215.26,217.4 1 0
github.com/ebogdum/filemanager/internal/formats/json/format.go:218.3,218.16 1 0
github.com/ebogdum/filemanager/internal/formats/json/format.go:219.13,221.28 2 0
github.com/ebogdum/filemanager/internal/formats/json/format.go:221.28,223.4 1 0
github.com/ebogdum/filemanager/internal/formats/json/format.go:224.3,224.16 1 0
github.com/ebogdum/filemanager/internal/formats/json/format.go:225.10,226.11 1 0
github.com/ebogdum/filemanager/internal/formats/json/format.go:231.39,232.20 1 0
github.com/ebogdum/filemanager/internal/formats/json/format.go:232.20,234.3 1 0
github.com/ebogdum/filemanager/internal/formats/json/format.go:235.2,235.17 1 0
github.com/ebogdum/filemanager/internal/formats/json/format.go:235.17,237.3 1 0
github.com/ebogdum/filemanager/internal/formats/json/format.go:239.2,242.31 3 0
github.com/ebogdum/filemanager/internal/formats/json/format.go:242.31,245.29 2 0
github.com/ebogdum/filemanager/internal/formats/json/format.go:245.29,247.4 1 0
github.com/ebogdum/filemanager/internal/formats/json/format.go:249.3,249.32 1 0
github.com/ebogdum/filemanager/internal/formats/json/format.go:249.32,250.37 1 0
github.com/ebogdum/filemanager/internal/formats/json/format.go:250.37,252.5 1 0
github.com/ebogdum/filemanager/internal/formats/json/format.go:252.10,254.5 1 0
github.com/ebogdum/filemanager/internal/formats/json/format.go:256.3,256.16 1 0
github.com/ebogdum/filemanager/internal/formats/json/format.go:260.2,260.16 1 0
github.com/ebogdum/filemanager/internal/formats/json/format.go:264.41,265.20 1 0
github.com/ebogdum/filemanager/internal/formats/json/format.go:265.20,267.3 1 0
github.com/ebogdum/filemanager/internal/formats/json/format.go:268.2,268.17 1 0
github.com/ebogdum/filemanager/internal/formats/json/format.go:268.17,270.3 1 0
github.com/ebogdum/filemanager/internal/formats/json/format.go:272.2,275.31 3 0
github.com/ebogdum/filemanager/internal/formats/json/format.go:275.31,280.3 4 0
github.com/ebogdum/filemanager/internal/formats/json/format.go:282.2,282.33 1 0
github.com/ebogdum/filemanager/internal/formats/json/format.go:286.41,288.2 1 0
github.com/ebogdum/filemanager/internal/formats/json/format.go:291.40,292.20 1 0
github.com/ebogdum/filemanager/internal/formats/json/format.go:292.20,294.3 1 0
github.com/ebogdum/filemanager/internal/formats/json/format.go:295.2,295.17 1 0
github.com/ebogdum/filemanager/internal/formats/json/format.go:295.17,297.3 1 0
github.com/ebogdum/filemanager/internal/formats/json/format.go:299.2,302.31 3 0
github.com/ebogdum/filemanager/internal/formats/json/format.go:302.31,307.29 3 0
github.com/ebogdum/filemanager/internal/formats/json/format.go:307.29,309.18 2 0
github.com/ebogdum/filemanager/internal/formats/json/format.go:309.18,312.5 2 0
github.com/ebogdum/filemanager/internal/formats/json/format.go:314.3,314.32 1 0
github.com/ebogdum/filemanager/internal/formats/json/format.go:314.32,316.18 2 0
github.com/ebogdum/filemanager/internal/formats/json/format.go:316.18,319.5 2 0
github.com/ebogdum/filemanager/internal/formats/json/format.go:321.3,321.16 1 0
github.com/ebogdum/filemanager/internal/formats/json/format.go:324.2,324.33 1 0
github.com/ebogdum/filemanager/internal/formats/json/format.go:329.52,330.46 1 0
github.com/ebogdum/filemanager/internal/formats/json/format.go:330.46,332.3 1 0
github.com/ebogdum/filemanager/internal/formats/json/format.go:335.2,341.29 5 0
github.com/ebogdum/filemanager/internal/formats/json/format.go:341.29,342.17 1 0
github.com/ebogdum/filemanager/internal/formats/json/format.go:342.17,343.12 1 0
github.com/ebogdum/filemanager/internal/formats/json/format.go:346.3,346.30 1 0
github.com/ebogdum/filemanager/internal/formats/json/format.go:347.23,350.11 3 0
github.com/ebogdum/filemanager/internal/formats/json/format.go:350.11,352.5 1 0
github.com/ebogdum/filemanager/internal/formats/json/format.go:354.14,357.58 2 0
github.com/ebogdum/filemanager/internal/formats/json/format.go:357.58,359.5 1 0
github.com/ebogdum/filemanager/internal/formats/json/format.go:360.4,360.32 1 0
github.com/ebogdum/filemanager/internal/formats/json/format.go:360.32,362.5 1 0
github.com/ebogdum/filemanager/internal/formats/json/format.go:363.4,363.20 1 0
github.com/ebogdum/filemanager/internal/formats/json/format.go:365.11,366.75 1 0
github.com/ebogdum/filemanager/internal/formats/json/format.go:370.2,370.21 1 0
github.com/ebogdum/filemanager/internal/formats/json/format.go:374.61,375.46 1 0
github.com/ebogdum/filemanager/internal/formats/json/format.go:375.46,377.3 1 0
github.com/ebogdum/filemanager/internal/formats/json/format.go:380.2,387.19 5 0
github.com/ebogdum/filemanager/internal/formats/json/format.go:387.19,389.3 1 0
github.com/ebogdum/filemanager/internal/formats/json/format.go:392.2,393.44 2 0
github.com/ebogdum/filemanager/internal/formats/json/format.go:393.44,394.17 1 0
github.com/ebogdum/filemanager/internal/formats/json/format.go:394.17,395.12 1 0
github.com/ebogdum/filemanager/internal/formats/json/format.go:398.3,398.30 1 0
github.com/ebogdum/filemanager/internal/formats/json/format.go:399.23,401.11 2 0
github.com/ebogdum/filemanager/internal/formats/json/format.go:401.11,405.5 2 0
github.com/ebogdum/filemanager/internal/formats/json/format.go:406.4,406.18 1 0
github.com/ebogdum/filemanager/internal/formats/json/format.go:408.14,410.58 2 0
github.com/ebogdum/filemanager/internal/formats/json/format.go:410.58,412.5 1 0
github.com/ebogdum/filemanager/internal/formats/json/format.go:413.4,413.32 1 0
github.com/ebogdum/filemanager/internal/formats/json/format.go:413.32,415.5 1 0
github.com/ebogdum/filemanager/internal/formats/json/format.go:416.4,416.20 1 0
github.com/ebogdum/filemanager/internal/formats/json/format.go:418.11,419.67 1 0
github.com/ebogdum/filemanager/internal/formats/json/format.go:424.2,425.29 2 0
github.com/ebogdum/filemanager/internal/formats/json/format.go:426.22,427.22 1 0
github.com/ebogdum/filemanager/internal/formats/json/format.go:429.13,431.61 2 0
github.com/ebogdum/filemanager/internal/formats/json/format.go:431.61,433.4 1 0
github.com/ebogdum/filemanager/internal/formats/json/format.go:434.3,434.31 1 0
github.com/ebogdum/filemanager/internal/formats/json/format.go:434.31,436.4 1 0
github.com/ebogdum/filemanager/internal/formats/json/format.go:437.3,437.17 1 0
github.com/ebogdum/filemanager/internal/formats/json/format.go:439.10,440.54 1 0
github.com/ebogdum/filemanager/internal/formats/json/format.go:443.2,443.20 1 0
github.com/ebogdum/filemanager/internal/formats/json/format.go:447.53,448.46 1 0
github.com/ebogdum/filemanager/internal/formats/json/format.go:448.46,450.3 1 0
github.com/ebogdum/filemanager/internal/formats/json/format.go:453.2,460.19 5 0
github.com/ebogdum/filemanager/internal/formats/json/format.go:460.19,462.3 1 0
github.com/ebogdum/filemanager/internal/formats/json/format.go:464.2,465.16 2 0
github.com/ebogdum/filemanager/internal/formats/json/format.go:465.16,467.3 1 0
github.com/ebogdum/filemanager/internal/formats/json/format.go:468.2,468.20 1 0
github.com/ebogdum/filemanager/internal/formats/json/format.go:468.20,470.3 1 0
github.com/ebogdum/filemanager/internal/formats/json/format.go:473.2,474.29 2 0
github.com/ebogdum/filemanager/internal/formats/json/format.go:475.22,476.22 1 0
github.com/ebogdum/filemanager/internal/formats/json/format.go:478.13,480.17 2 0
github.com/ebogdum/filemanager/internal/formats/json/format.go:480.17,482.4 1 0
github.com/ebogdum/filemanager/internal/formats/json/format.go:483.3,483.31 1 0
github.com/ebogdum/filemanager/internal/formats/json/format.go:483.31,487.25 2 0
github.com/ebogdum/filemanager/internal/formats/json/format.go:487.25,490.5 1 0
github.com/ebogdum/filemanager/internal/formats/json/format.go:491.4,491.81 1 0
github.com/ebogdum/filemanager/internal/formats/json/format.go:491.81,493.5 1 0
github.com/ebogdum/filemanager/internal/formats/json/format.go:497.2,497.20 1 0
github.com/ebogdum/filemanager/internal/formats/json/format.go:505.86,509.44 3 0
github.com/ebogdum/filemanager/internal/formats/json/format.go:509.44,510.17 1 0
github.com/ebogdum/filemanager/internal/formats/json/format.go:510.17,511.12 1 0
github.com/ebogdum/filemanager/internal/formats/json/format.go:514.3,515.17 2 0
github.com/ebogdum/filemanager/internal/formats/json/format.go:515.17,517.4 1 0
github.com/ebogdum/filemanager/internal/formats/json/format.go:518.3,518.10 1 0
github.com/ebogdum/filemanager/internal/formats/json/format.go:518.10,520.4 1 0
github.com/ebogdum/filemanager/internal/formats/json/format.go:522.3,523.17 2 0
github.com/ebogdum/filemanager/internal/formats/json/format.go:525.2,525.30 1 0
github.com/ebogdum/filemanager/internal/formats/json/format.go:528.79,529.29 1 0
github.com/ebogdum/filemanager/internal/formats/json/format.go:530.22,532.23 2 0
github.com/ebogdum/filemanager/internal/formats/json/format.go:533.13,535.17 2 0
github.com/ebogdum/filemanager/internal/formats/json/format.go:535.17,537.4 1 0
github.com/ebogdum/filemanager/internal/formats/json/format.go:538.3,538.37 1 0
github.com/ebogdum/filemanager/internal/formats/json/format.go:538.37,540.4 1 0
github.com/ebogdum/filemanager/internal/formats/json/format.go:541.3,541.30 1 0
github.com/ebogdum/filemanager/internal/formats/json/format.go:542.10,543.25 1 0
github.com/ebogdum/filemanager/internal/formats/json/format.go:547.47,549.55 2 0
github.com/ebogdum/filemanager/internal/formats/json/format.go:549.55,551.3 1 0
github.com/ebogdum/filemanager/internal/formats/json/format.go:552.2,552.17 1 0
github.com/ebogdum/filemanager/internal/formats/json/format.go:555.71,556.38 1 0
github.com/ebogdum/filemanager/internal/formats/json/format.go:557.22,559.13 2 0
github.com/ebogdum/filemanager/internal/formats/json/format.go:560.13,562.17 2 0
github.com/ebogdum/filemanager/internal/formats/json/format.go:562.17,564.4 1 0
github.com/ebogdum/filemanager/internal/formats/json/format.go:565.3,566.13 2 0
github.com/ebogdum/filemanager/internal/formats/json/format.go:567.10,568.13 1 0
github.com/ebogdum/filemanager/internal/formats/json/format.go:573.38,577.33 3 0
github.com/ebogdum/filemanager/internal/formats/json/format.go:577.33,579.12 2 0
github.com/ebogdum/filemanager/internal/formats/json/format.go:580.12,581.25 1 0
github.com/ebogdum/filemanager/internal/formats/json/format.go:581.25,584.5 2 0
github.com/ebogdum/filemanager/internal/formats/json/format.go:585.12,586.25 1 0
github.com/ebogdum/filemanager/internal/formats/json/format.go:586.25,589.5 2 0
github.com/ebogdum/filemanager/internal/formats/json/format.go:590.12,591.25 1 0
github.com/ebogdum/filemanager/internal/formats/json/format.go:591.25,594.5 2 0
github.com/ebogdum/filemanager/internal/formats/json/format.go:595.11,596.24 1 0
github.com/ebogdum/filemanager/internal/formats/json/format.go:600.2,600.23 1 0
github.com/ebogdum/filemanager/internal/formats/json/format.go:600.23,602.3 1 0
github.com/ebogdum/filemanager/internal/formats/json/format.go:604.2,604.14 1 0
github.com/ebogdum/filemanager/internal/formats/json/format.go:608.26,609.14 1 0
github.com/ebogdum/filemanager/internal/formats/json/format.go:609.14,611.3 1 0
github.com/ebogdum/filemanager/internal/formats/json/format.go:613.2,613.25 1 0
github.com/ebogdum/filemanager/internal/formats/json/format.go:614.22,616.25 2 0
github.com/ebogdum/filemanager/internal/formats/json/format.go:616.25,618.4 1 0
github.com/ebogdum/filemanager/internal/formats/json/format.go:619.3,619.16 1 0
github.com/ebogdum/filemanager/internal/formats/json/format.go:621.13,623.25 2 0
github.com/ebogdum/filemanager/internal/formats/json/format.go:623.25,625.4 1 0
github.com/ebogdum/filemanager/internal/formats/json/format.go:626.3,626.16 1 0
github.com/ebogdum/filemanager/internal/formats/json/format.go:628.10,630.11 1 0
github.com/ebogdum/filemanager/internal/resources/archive/resource.go:42.45,44.2 1 0
github.com/ebogdum/filemanager/internal/resources/archive/resource.go:75.120,77.2 1 0
github.com/ebogdum/filemanager/internal/resources/archive/resource.go:80.114,174.2 1 0
github.com/ebogdum/filemanager/internal/resources/archive/resource.go:177.123,178.29 1 0
github.com/ebogdum/filemanager/internal/resources/archive/resource.go:178.29,180.3 1 0
github.com/ebogdum/filemanager/internal/resources/archive/resource.go:182.2,183.9 2 0
github.com/ebogdum/filemanager/internal/resources/archive/resource.go:183.9,189.3 2 0
github.com/ebogdum/filemanager/internal/resources/archive/resource.go:191.2,191.19 1 0
github.com/ebogdum/filemanager/internal/resources/archive/resource.go:195.114,199.33 3 0
github.com/ebogdum/filemanager/internal/resources/archive/resource.go:199.33,201.3 1 0
github.com/ebogdum/filemanager/internal/resources/archive/resource.go:203.2,210.16 3 0
github.com/ebogdum/filemanager/internal/resources/archive/resource.go:210.16,213.3 2 0
github.com/ebogdum/filemanager/internal/resources/archive/resource.go:216.2,216.39 1 0
github.com/ebogdum/filemanager/internal/resources/archive/resource.go:216.39,219.48 3 0
github.com/ebogdum/filemanager/internal/resources/archive/resource.go:219.48,222.4 2 0
github.com/ebogdum/filemanager/internal/resources/archive/resource.go:226.2,227.16 2 0
github.com/ebogdum/filemanager/internal/resources/archive/resource.go:227.16,230.3 2 0
github.com/ebogdum/filemanager/internal/resources/archive/resource.go:233.2,236.56 3 0
github.com/ebogdum/filemanager/internal/resources/archive/resource.go:240.108,244.33 3 0
github.com/ebogdum/filemanager/internal/resources/archive/resource.go:244.33,246.3 1 0
github.com/ebogdum/filemanager/internal/resources/archive/resource.go:249.2,250.16 2 0
github.com/ebogdum/filemanager/internal/resources/archive/resource.go:250.16,251.25 1 0
github.com/ebogdum/filemanager/internal/resources/archive/resource.go:251.25,254.4 2 0
github.com/ebogdum/filemanager/internal/resources/archive/resource.go:255.3,256.9 2 0
github.com/ebogdum/filemanager/internal/resources/archive/resource.go:259.2,263.16 3 0
github.com/ebogdum/filemanager/internal/resources/archive/resource.go:263.16,266.3 2 0
github.com/ebogdum/filemanager/internal/resources/archive/resource.go:268.2,280.56 9 0
github.com/ebogdum/filemanager/internal/resources/archive/resource.go:284.114,288.33 3 0
github.com/ebogdum/filemanager/internal/resources/archive/resource.go:288.33,290.3 1 0
github.com/ebogdum/filemanager/internal/resources/archive/resource.go:292.2,297.16 3 0
github.com/ebogdum/filemanager/internal/resources/archive/resource.go:297.16,300.3 2 0
github.com/ebogdum/filemanager/internal/resources/archive/resource.go:302.2,303.16 2 0
github.com/ebogdum/filemanager/internal/resources/archive/resource.go:303.16,306.3 2 0
github.com/ebogdum/filemanager/internal/resources/archive/resource.go:308.2,310.56 2 0
github.com/ebogdum/filemanager/internal/resources/archive/resource.go:314.114,318.33 3 0
github.com/ebogdum/filemanager/internal/resources/archive/resource.go:318.33,320.3 1 0
github.com/ebogdum/filemanager/internal/resources/archive/resource.go:322.2,322.82 1 0
github.com/ebogdum/filemanager/internal/resources/archive/resource.go:322.82,325.3 2 0
github.com/ebogdum/filemanager/internal/resources/archive/resource.go:329.129,331.2 1 0
github.com/ebogdum/filemanager/internal/resources/archive/resource.go:334.105,339.16 4 0
github.com/ebogdum/filemanager/internal/resources/archive/resource.go:339.16,341.3 1 0
github.com/ebogdum/filemanager/internal/resources/archive/resource.go:342.2,344.19 3 0
github.com/ebogdum/filemanager/internal/resources/archive/resource.go:347.93,348.97 1 0
github.com/ebogdum/filemanager/internal/resources/archive/resource.go:348.97,350.3 1 0
github.com/ebogdum/filemanager/internal/resources/archive/resource.go:352.2,354.95 3 0
github.com/ebogdum/filemanager/internal/resources/archive/resource.go:354.95,355.21 1 0
github.com/ebogdum/filemanager/internal/resources/archive/resource.go:355.21,357.4 1 0
github.com/ebogdum/filemanager/internal/resources/archive/resource.go:358.3,358.19 1 0
github.com/ebogdum/filemanager/internal/resources/archive/resource.go:358.19,360.4 1 0
github.com/ebogdum/filemanager/internal/resources/archive/resource.go:362.3,363.17 2 0
github.com/ebogdum/filemanager/internal/resources/archive/resource.go:363.17,365.4 1 0
github.com/ebogdum/filemanager/internal/resources/archive/resource.go:366.3,366.87 1 0
github.com/ebogdum/filemanager/internal/resources/archive/resource.go:366.87,368.4 1 0
github.com/ebogdum/filemanager/internal/resources/archive/resource.go:370.3,371.13 2 0
github.com/ebogdum/filemanager/internal/resources/archive/resource.go:373.2,373.16 1 0
github.com/ebogdum/filemanager/internal/resources/archive/resource.go:373.16,375.3 1 0
github.com/ebogdum/filemanager/internal/resources/archive/resource.go:376.2,376.19 1 0
github.com/ebogdum/filemanager/internal/resources/archive/resource.go:379.50,380.39 1 0
github.com/ebogdum/filemanager/internal/resources/archive/resource.go:380.39,382.3 1 0
github.com/ebogdum/filemanager/internal/resources/archive/resource.go:383.2,385.35 3 0
github.com/ebogdum/filemanager/internal/resources/archive/resource.go:385.35,386.50 1 0
github.com/ebogdum/filemanager/internal/resources/archive/resource.go:386.50,388.4 1 0
github.com/ebogdum/filemanager/internal/resources/archive/resource.go:390.2,390.15 1 0
github.com/ebogdum/filemanager/internal/resources/archive/resource.go:393.62,394.35 1 0
github.com/ebogdum/filemanager/internal/resources/archive/resource.go:394.35,396.28 2 0
github.com/ebogdum/filemanager/internal/resources/archive/resource.go:396.28,398.4 1 0
github.com/ebogdum/filemanager/internal/resources/archive/resource.go:400.2,400.14 1 0
github.com/ebogdum/filemanager/internal/resources/archive/resource.go:404.119,411.16 5 0
github.com/ebogdum/filemanager/internal/resources/archive/resource.go:411.16,413.3 1 0
github.com/ebogdum/filemanager/internal/resources/archive/resource.go:414.2,416.21 2 0
github.com/ebogdum/filemanager/internal/resources/archive/resource.go:417.13,418.50 1 0
github.com/ebogdum/filemanager/internal/resources/archive/resource.go:419.13,420.50 1 0
github.com/ebogdum/filemanager/internal/resources/archive/resource.go:421.16,422.52 1 0
github.com/ebogdum/filemanager/internal/resources/archive/resource.go:423.10,424.64 1 0
github.com/ebogdum/filemanager/internal/resources/archive/resource.go:429.114,436.29 5 0
github.com/ebogdum/filemanager/internal/resources/archive/resource.go:436.29,439.22 2 0
github.com/ebogdum/filemanager/internal/resources/archive/resource.go:439.22,441.18 2 0
github.com/ebogdum/filemanager/internal/resources/archive/resource.go:441.18,443.5 1 0
github.com/ebogdum/filemanager/internal/resources/archive/resource.go:444.9,446.4 1 0
github.com/ebogdum/filemanager/internal/resources/archive/resource.go:449.3,450.17 2 0
github.com/ebogdum/filemanager/internal/resources/archive/resource.go:450.17,452.4 1 0
github.com/ebogdum/filemanager/internal/resources/archive/resource.go:455.3,456.17 2 0
github.com/ebogdum/filemanager/internal/resources/archive/resource.go:456.17,458.4 1 0
github.com/ebogdum/filemanager/internal/resources/archive/resource.go:460.3,460.46 1 0
github.com/ebogdum/filemanager/internal/resources/archive/resource.go:460.46,462.4 1 0
github.com/ebogdum/filemanager/internal/resources/archive/resource.go:464.3,464.10 1 0
github.com/ebogdum/filemanager/internal/resources/archive/resource.go:467.2,467.19 1 0
github.com/ebogdum/filemanager/internal/resources/archive/resource.go:471.114,478.29 5 0
github.com/ebogdum/filemanager/internal/resources/archive/resource.go:478.29,480.17 2 0
github.com/ebogdum/filemanager/internal/resources/archive/resource.go:480.17,482.4 1 0
github.com/ebogdum/filemanager/internal/resources/archive/resource.go:485.3,486.22 2 0
github.com/ebogdum/filemanager/internal/resources/archive/resource.go:486.22,488.18 2 0
github.com/ebogdum/filemanager/internal/resources/archive/resource.go:488.18,490.5 1 0
github.com/ebogdum/filemanager/internal/resources/archive/resource.go:491.9,493.4 1 0
github.com/ebogdum/filemanager/internal/resources/archive/resource.go:496.3,497.17 2 0
github.com/ebogdum/filemanager/internal/resources/archive/resource.go:497.17,499.4 1 0
github.com/ebogdum/filemanager/internal/resources/archive/resource.go:500.3,502.48 2 0
github.com/ebogdum/filemanager/internal/resources/archive/resource.go:502.48,504.4 1 0
github.com/ebogdum/filemanager/internal/resources/archive/resource.go:507.3,508.17 2 0
github.com/ebogdum/filemanager/internal/resources/archive/resource.go:508.17,510.4 1 0
github.com/ebogdum/filemanager/internal/resources/archive/resource.go:512.3,512.43 1 0
github.com/ebogdum/filemanager/internal/resources/archive/resource.go:512.43,515.4 2 0
github.com/ebogdum/filemanager/internal/resources/archive/resource.go:516.3,518.10 2 0
github.com/ebogdum/filemanager/internal/resources/archive/resource.go:521.2,521.19 1 0
github.com/ebogdum/filemanager/internal/resources/archive/resource.go:525.116,530.2 3 0
github.com/ebogdum/filemanager/internal/resources/archive/resource.go:533.91,538.16 3 0
github.com/ebogdum/filemanager/internal/resources/archive/resource.go:538.16,540.3 1 0
github.com/ebogdum/filemanager/internal/resources/archive/resource.go:543.2,544.16 2 0
github.com/ebogdum/filemanager/internal/resources/archive/resource.go:544.16,549.3 3 0
github.com/ebogdum/filemanager/internal/resources/archive/resource.go:552.2,556.46 5 0
github.com/ebogdum/filemanager/internal/resources/b2_operation/resource.go:36.49,38.2 1 0
github.com/ebogdum/filemanager/internal/resources/b2_operation/resource.go:70.124,72.2 1 0
github.com/ebogdum/filemanager/internal/resources/b2_operation/resource.go:75.118,167.2 1 0
github.com/ebogdum/filemanager/internal/resources/b2_operation/resource.go:170.127,171.29 1 0
github.com/ebogdum/filemanager/internal/resources/b2_operation/resource.go:171.29,173.3 1 0
github.com/ebogdum/filemanager/internal/resources/b2_operation/resource.go:175.2,176.9 2 0
github.com/ebogdum/filemanager/internal/resources/b2_operation/resource.go:176.9,182.3 2 0
github.com/ebogdum/filemanager/internal/resources/b2_operation/resource.go:184.2,184.19 1 0
github.com/ebogdum/filemanager/internal/resources/b2_operation/resource.go:188.118,192.33 3 0
github.com/ebogdum/filemanager/internal/resources/b2_operation/resource.go:192.33,194.3 1 0
github.com/ebogdum/filemanager/internal/resources/b2_operation/resource.go:196.2,203.51 2 0
github.com/ebogdum/filemanager/internal/resources/b2_operation/resource.go:203.51,206.3 2 0
github.com/ebogdum/filemanager/internal/resources/b2_operation/resource.go:209.2,210.16 2 0
github.com/ebogdum/filemanager/internal/resources/b2_operation/resource.go:210.16,213.3 2 0
github.com/ebogdum/filemanager/internal/resources/b2_operation/resource.go:215.2,219.56 3 0
github.com/ebogdum/filemanager/internal/resources/b2_operation/resource.go:223.112,227.33 3 0
github.com/ebogdum/filemanager/internal/resources/b2_operation/resource.go:227.33,229.3 1 0
github.com/ebogdum/filemanager/internal/resources/b2_operation/resource.go:232.2,233.16 2 0
github.com/ebogdum/filemanager/internal/resources/b2_operation/resource.go:233.16,236.3 2 0
github.com/ebogdum/filemanager/internal/resources/b2_operation/resource.go:238.2,239.16 2 0
github.com/ebogdum/filemanager/internal/resources/b2_operation/resource.go:239.16,242.3 2 0
github.com/ebogdum/filemanager/internal/resources/b2_operation/resource.go:244.2,244.13 1 0
github.com/ebogdum/filemanager/internal/resources/b2_operation/resource.go:244.13,247.3 2 0
github.com/ebogdum/filemanager/internal/resources/b2_operation/resource.go:250.2,251.16 2 0
github.com/ebogdum/filemanager/internal/resources/b2_operation/resource.go:251.16,256.3 1 0
github.com/ebogdum/filemanager/internal/resources/b2_operation/resource.go:256.8,258.3 1 0
github.com/ebogdum/filemanager/internal/resources/b2_operation/resource.go:260.2,260.56 1 0
github.com/ebogdum/filemanager/internal/resources/b2_operation/resource.go:264.118,268.33 3 0
github.com/ebogdum/filemanager/internal/resources/b2_operation/resource.go:268.33,270.3 1 0
github.com/ebogdum/filemanager/internal/resources/b2_operation/resource.go:272.2,279.51 2 0
github.com/ebogdum/filemanager/internal/resources/b2_operation/resource.go:279.51,282.3 2 0
github.com/ebogdum/filemanager/internal/resources/b2_operation/resource.go:285.2,286.16 2 0
github.com/ebogdum/filemanager/internal/resources/b2_operation/resource.go:286.16,289.3 2 0
github.com/ebogdum/filemanager/internal/resources/b2_operation/resource.go:291.2,293.56 2 0
github.com/ebogdum/filemanager/internal/resources/b2_operation/resource.go:297.118,301.33 3 0
github.com/ebogdum/filemanager/internal/resources/b2_operation/resource.go:301.33,303.3 1 0
github.com/ebogdum/filemanager/internal/resources/b2_operation/resource.go:308.2,312.4 1 0
github.com/ebogdum/filemanager/internal/resources/b2_operation/resource.go:316.133,318.2 1 0
github.com/ebogdum/filemanager/internal/resources/b2_operation/resource.go:336.87,348.33 3 0
github.com/ebogdum/filemanager/internal/resources/b2_operation/resource.go:348.33,350.3 1 0
github.com/ebogdum/filemanager/internal/resources/b2_operation/resource.go:353.2,353.19 1 0
github.com/ebogdum/filemanager/internal/resources/b2_operation/resource.go:354.14,355.47 1 0
github.com/ebogdum/filemanager/internal/resources/b2_operation/resource.go:355.47,357.4 1 0
github.com/ebogdum/filemanager/internal/resources/b2_operation/resource.go:358.26,359.67 1 0
github.com/ebogdum/filemanager/internal/resources/b2_operation/resource.go:359.67,361.4 1 0
github.com/ebogdum/filemanager/internal/resources/b2_operation/resource.go:364.2,364.12 1 0
github.com/ebogdum/filemanager/internal/resources/b2_operation/resource.go:368.129,370.16 2 0
github.com/ebogdum/filemanager/internal/resources/b2_operation/resource.go:370.16,372.3 1 0
github.com/ebogdum/filemanager/internal/resources/b2_operation/resource.go:374.2,389.19 5 0
github.com/ebogdum/filemanager/internal/resources/b2_operation/resource.go:390.31,391.71 1 0
github.com/ebogdum/filemanager/internal/resources/b2_operation/resource.go:393.14,394.65 1 0
github.com/ebogdum/filemanager/internal/resources/b2_operation/resource.go:396.26,397.61 1 0
github.com/ebogdum/filemanager/internal/resources/b2_operation/resource.go:399.14,400.56 1 0
github.com/ebogdum/filemanager/internal/resources/b2_operation/resource.go:402.27,403.76 1 0
github.com/ebogdum/filemanager/internal/resources/b2_operation/resource.go:406.2,406.16 1 0
github.com/ebogdum/filemanager/internal/resources/b2_operation/resource.go:406.16,408.3 1 0
github.com/ebogdum/filemanager/internal/resources/b2_operation/resource.go:410.2,410.20 1 0
github.com/ebogdum/filemanager/internal/resources/b2_operation/resource.go:413.199,414.10 1 0
github.com/ebogdum/filemanager/internal/resources/b2_operation/resource.go:414.10,416.17 2 0
github.com/ebogdum/filemanager/internal/resources/b2_operation/resource.go:416.17,418.4 1 0
github.com/ebogdum/filemanager/internal/resources/b2_operation/resource.go:419.3,420.13 2 0
github.com/ebogdum/filemanager/internal/resources/b2_operation/resource.go:423.2,424.16 2 0
github.com/ebogdum/filemanager/internal/resources/b2_operation/resource.go:424.16,426.3 1 0
github.com/ebogdum/filemanager/internal/resources/b2_operation/resource.go:427.2,428.12 2 0
github.com/ebogdum/filemanager/internal/resources/b2_operation/resource.go:431.88,436.30 5 0
github.com/ebogdum/filemanager/internal/resources/b2_operation/resource.go:436.30,438.3 1 0
github.com/ebogdum/filemanager/internal/resources/b2_operation/resource.go:439.2,443.25 5 0
github.com/ebogdum/filemanager/internal/resources/b2_operation/resource.go:443.25,445.3 1 0
github.com/ebogdum/filemanager/internal/resources/b2_operation/resource.go:446.2,447.36 2 0
github.com/ebogdum/filemanager/internal/resources/b2_operation/resource.go:447.36,449.3 1 0
github.com/ebogdum/filemanager/internal/resources/b2_operation/resource.go:452.193,453.11 1 0
github.com/ebogdum/filemanager/internal/resources/b2_operation/resource.go:453.11,455.3 1 0
github.com/ebogdum/filemanager/internal/resources/b2_operation/resource.go:456.2,456.110 1 0
github.com/ebogdum/filemanager/internal/resources/b2_operation/resource.go:456.110,458.3 1 0
github.com/ebogdum/filemanager/internal/resources/b2_operation/resource.go:459.2,465.16 3 0
github.com/ebogdum/filemanager/internal/resources/b2_operation/resource.go:465.16,467.3 1 0
github.com/ebogdum/filemanager/internal/resources/b2_operation/resource.go:468.2,469.12 2 0
github.com/ebogdum/filemanager/internal/resources/b2_operation/resource.go:472.164,474.16 2 0
github.com/ebogdum/filemanager/internal/resources/b2_operation/resource.go:474.16,476.3 1 0
github.com/ebogdum/filemanager/internal/resources/b2_operation/resource.go:477.2,478.45 2 0
github.com/ebogdum/filemanager/internal/resources/b2_operation/resource.go:478.45,479.41 1 0
github.com/ebogdum/filemanager/internal/resources/b2_operation/resource.go:479.41,481.4 1 0
github.com/ebogdum/filemanager/internal/resources/b2_operation/resource.go:483.2,486.12 2 0
github.com/ebogdum/filemanager/internal/resources/b2_operation/resource.go:489.169,490.11 1 0
github.com/ebogdum/filemanager/internal/resources/b2_operation/resource.go:490.11,492.3 1 0
github.com/ebogdum/filemanager/internal/resources/b2_operation/resource.go:493.2,493.74 1 0
github.com/ebogdum/filemanager/internal/resources/b2_operation/resource.go:493.74,495.3 1 0
github.com/ebogdum/filemanager/internal/resources/b2_operation/resource.go:496.2,501.12 4 0
github.com/ebogdum/filemanager/internal/resources/b2_operation/resource.go:504.204,505.10 1 0
github.com/ebogdum/filemanager/internal/resources/b2_operation/resource.go:505.10,507.17 2 0
github.com/ebogdum/filemanager/internal/resources/b2_operation/resource.go:507.17,513.4 1 0
github.com/ebogdum/filemanager/internal/resources/b2_operation/resource.go:513.9,518.4 1 0
github.com/ebogdum/filemanager/internal/resources/b2_operation/resource.go:521.2,523.16 3 0
github.com/ebogdum/filemanager/internal/resources/b2_operation/resource.go:523.16,525.3 1 0
github.com/ebogdum/filemanager/internal/resources/b2_operation/resource.go:526.2,527.12 2 0
github.com/ebogdum/filemanager/internal/resources/b2_operation/resource.go:531.140,536.30 5 0
github.com/ebogdum/filemanager/internal/resources/b2_operation/resource.go:536.30,538.3 1 0
github.com/ebogdum/filemanager/internal/resources/b2_operation/resource.go:539.2,546.26 7 0
github.com/ebogdum/filemanager/internal/resources/b2_operation/resource.go:546.26,547.35 1 0
github.com/ebogdum/filemanager/internal/resources/b2_operation/resource.go:547.35,549.4 1 0
github.com/ebogdum/filemanager/internal/resources/b2_operation/resource.go:554.107,555.49 1 0
github.com/ebogdum/filemanager/internal/resources/b2_operation/resource.go:555.49,557.3 1 0
github.com/ebogdum/filemanager/internal/resources/b2_operation/resource.go:558.2,558.57 1 0
github.com/ebogdum/filemanager/internal/resources/b2_operation/resource.go:562.111,576.36 12 0
github.com/ebogdum/filemanager/internal/resources/b2_operation/resource.go:576.36,578.3 1 0
github.com/ebogdum/filemanager/internal/resources/b2_operation/resource.go:579.2,579.76 1 0
github.com/ebogdum/filemanager/internal/resources/b2_service/resource.go:30.47,32.2 1 0
github.com/ebogdum/filemanager/internal/resources/b2_service/resource.go:56.122,58.2 1 0
github.com/ebogdum/filemanager/internal/resources/b2_service/resource.go:61.116,112.2 1 0
github.com/ebogdum/filemanager/internal/resources/b2_service/resource.go:115.125,116.29 1 0
github.com/ebogdum/filemanager/internal/resources/b2_service/resource.go:116.29,118.3 1 0
github.com/ebogdum/filemanager/internal/resources/b2_service/resource.go:120.2,121.9 2 0
github.com/ebogdum/filemanager/internal/resources/b2_service/resource.go:121.9,127.3 2 0
github.com/ebogdum/filemanager/internal/resources/b2_service/resource.go:129.2,129.19 1 0
github.com/ebogdum/filemanager/internal/resources/b2_service/resource.go:133.116,137.33 3 0
github.com/ebogdum/filemanager/internal/resources/b2_service/resource.go:137.33,139.3 1 0
github.com/ebogdum/filemanager/internal/resources/b2_service/resource.go:141.2,150.16 3 0
github.com/ebogdum/filemanager/internal/resources/b2_service/resource.go:150.16,153.3 2 0
github.com/ebogdum/filemanager/internal/resources/b2_service/resource.go:155.2,159.16 2 0
github.com/ebogdum/filemanager/internal/resources/b2_service/resource.go:159.16,162.3 2 0
github.com/ebogdum/filemanager/internal/resources/b2_service/resource.go:165.2,175.60 3 0
github.com/ebogdum/filemanager/internal/resources/b2_service/resource.go:175.60,178.3 2 0
github.com/ebogdum/filemanager/internal/resources/b2_service/resource.go:181.2,184.80 2 0
github.com/ebogdum/filemanager/internal/resources/b2_service/resource.go:184.80,187.3 2 0
github.com/ebogdum/filemanager/internal/resources/b2_service/resource.go:190.2,198.56 5 0
github.com/ebogdum/filemanager/internal/resources/b2_service/resource.go:202.110,206.33 3 0
github.com/ebogdum/filemanager/internal/resources/b2_service/resource.go:206.33,208.3 1 0
github.com/ebogdum/filemanager/internal/resources/b2_service/resource.go:210.2,212.16 3 0
github.com/ebogdum/filemanager/internal/resources/b2_service/resource.go:212.16,214.3 1 0
github.com/ebogdum/filemanager/internal/resources/b2_service/resource.go:214.8,215.43 1 0
github.com/ebogdum/filemanager/internal/resources/b2_service/resource.go:215.43,217.4 1 0
github.com/ebogdum/filemanager/internal/resources/b2_service/resource.go:217.9,219.4 1 0
github.com/ebogdum/filemanager/internal/resources/b2_service/resource.go:222.2,222.56 1 0
github.com/ebogdum/filemanager/internal/resources/b2_service/resource.go:226.116,230.33 3 0
github.com/ebogdum/filemanager/internal/resources/b2_service/resource.go:230.33,232.3 1 0
github.com/ebogdum/filemanager/internal/resources/b2_service/resource.go:234.2,238.16 2 0
github.com/ebogdum/filemanager/internal/resources/b2_service/resource.go:238.16,241.3 2 0
github.com/ebogdum/filemanager/internal/resources/b2_service/resource.go:243.2,247.16 2 0
github.com/ebogdum/filemanager/internal/resources/b2_service/resource.go:247.16,250.3 2 0
github.com/ebogdum/filemanager/internal/resources/b2_service/resource.go:252.2,262.60 3 0
github.com/ebogdum/filemanager/internal/resources/b2_service/resource.go:262.60,265.3 2 0
github.com/ebogdum/filemanager/internal/resources/b2_service/resource.go:267.2,269.80 3 0
github.com/ebogdum/filemanager/internal/resources/b2_service/resource.go:269.80,272.3 2 0
github.com/ebogdum/filemanager/internal/resources/b2_service/resource.go:274.2,275.56 2 0
github.com/ebogdum/filemanager/internal/resources/b2_service/resource.go:279.116,283.33 3 0
github.com/ebogdum/filemanager/internal/resources/b2_service/resource.go:283.33,285.3 1 0
github.com/ebogdum/filemanager/internal/resources/b2_service/resource.go:287.2,289.16 3 0
github.com/ebogdum/filemanager/internal/resources/b2_service/resource.go:289.16,291.3 1 0
github.com/ebogdum/filemanager/internal/resources/b2_service/resource.go:292.2,296.4 2 0
github.com/ebogdum/filemanager/internal/resources/b2_service/resource.go:300.131,302.2 1 0
github.com/ebogdum/filemanager/internal/resources/azure_service/resource.go:30.50,32.2 1 0
github.com/ebogdum/filemanager/internal/resources/azure_service/resource.go:59.125,61.2 1 0
github.com/ebogdum/filemanager/internal/resources/azure_service/resource.go:64.119,131.2 1 0
github.com/ebogdum/filemanager/internal/resources/azure_service/resource.go:134.128,135.29 1 0
github.com/ebogdum/filemanager/internal/resources/azure_service/resource.go:135.29,137.3 1 0
github.com/ebogdum/filemanager/internal/resources/azure_service/resource.go:139.2,140.9 2 0
github.com/ebogdum/filemanager/internal/resources/azure_service/resource.go:140.9,146.3 2 0
github.com/ebogdum/filemanager/internal/resources/azure_service/resource.go:148.2,148.19 1 0
github.com/ebogdum/filemanager/internal/resources/azure_service/resource.go:152.119,156.33 3 0
github.com/ebogdum/filemanager/internal/resources/azure_service/resource.go:156.33,158.3 1 0
github.com/ebogdum/filemanager/internal/resources/azure_service/resource.go:160.2,170.16 3 0
github.com/ebogdum/filemanager/internal/resources/azure_service/resource.go:170.16,173.3 2 0
github.com/ebogdum/filemanager/internal/resources/azure_service/resource.go:175.2,179.16 2 0
github.com/ebogdum/filemanager/internal/resources/azure_service/resource.go:179.16,182.3 2 0
github.com/ebogdum/filemanager/internal/resources/azure_service/resource.go:184.2,188.16 2 0
github.com/ebogdum/filemanager/internal/resources/azure_service/resource.go:188.16,191.3 2 0
github.com/ebogdum/filemanager/internal/resources/azure_service/resource.go:194.2,206.60 3 0
github.com/ebogdum/filemanager/internal/resources/azure_service/resource.go:206.60,209.3 2 0
github.com/ebogdum/filemanager/internal/resources/azure_service/resource.go:212.2,215.80 2 0
github.com/ebogdum/filemanager/internal/resources/azure_service/resource.go:215.80,218.3 2 0
github.com/ebogdum/filemanager/internal/resources/azure_service/resource.go:221.2,229.56 5 0
github.com/ebogdum/filemanager/internal/resources/azure_service/resource.go:233.113,237.33 3 0
github.com/ebogdum/filemanager/internal/resources/azure_service/resource.go:237.33,239.3 1 0
github.com/ebogdum/filemanager/internal/resources/azure_service/resource.go:241.2,243.16 3 0
github.com/ebogdum/filemanager/internal/resources/azure_service/resource.go:243.16,245.3 1 0
github.com/ebogdum/filemanager/internal/resources/azure_service/resource.go:245.8,246.43 1 0
github.com/ebogdum/filemanager/internal/resources/azure_service/resource.go:246.43,248.4 1 0
github.com/ebogdum/filemanager/internal/resources/azure_service/resource.go:248.9,250.4 1 0
github.com/ebogdum/filemanager/internal/resources/azure_service/resource.go:253.2,253.56 1 0
github.com/ebogdum/filemanager/internal/resources/azure_service/resource.go:257.119,261.33 3 0
github.com/ebogdum/filemanager/internal/resources/azure_service/resource.go:261.33,263.3 1 0
github.com/ebogdum/filemanager/internal/resources/azure_service/resource.go:266.2,270.16 2 0
github.com/ebogdum/filemanager/internal/resources/azure_service/resource.go:270.16,273.3 2 0
github.com/ebogdum/filemanager/internal/resources/azure_service/resource.go:275.2,279.16 2 0
github.com/ebogdum/filemanager/internal/resources/azure_service/resource.go:279.16,282.3 2 0
github.com/ebogdum/filemanager/internal/resources/azure_service/resource.go:284.2,288.16 2 0
github.com/ebogdum/filemanager/internal/resources/azure_service/resource.go:288.16,291.3 2 0
github.com/ebogdum/filemanager/internal/resources/azure_service/resource.go:293.2,305.60 3 0
github.com/ebogdum/filemanager/internal/resources/azure_service/resource.go:305.60,308.3 2 0
github.com/ebogdum/filemanager/internal/resources/azure_service/resource.go:310.2,312.80 3 0
github.com/ebogdum/filemanager/internal/resources/azure_service/resource.go:312.80,315.3 2 0
github.com/ebogdum/filemanager/internal/resources/azure_service/resource.go:317.2,318.56 2 0
github.com/ebogdum/filemanager/internal/resources/azure_service/resource.go:322.119,326.33 3 0
github.com/ebogdum/filemanager/internal/resources/azure_service/resource.go:326.33,328.3 1 0
github.com/ebogdum/filemanager/internal/resources/azure_service/resource.go:330.2,332.16 3 0
github.com/ebogdum/filemanager/internal/resources/azure_service/resource.go:332.16,334.3 1 0
github.com/ebogdum/filemanager/internal/resources/azure_service/resource.go:335.2,339.4 2 0
github.com/ebogdum/filemanager/internal/resources/azure_service/resource.go:343.134,345.2 1 0
github.com/ebogdum/filemanager/internal/resources/azure_operation/resource.go:33.52,35.2 1 0
github.com/ebogdum/filemanager/internal/resources/azure_operation/resource.go:74.127,76.2 1 0
github.com/ebogdum/filemanager/internal/resources/azure_operation/resource.go:79.121,211.2 1 0
github.com/ebogdum/filemanager/internal/resources/azure_operation/resource.go:214.130,215.29 1 0
github.com/ebogdum/filemanager/internal/resources/azure_operation/resource.go:215.29,217.3 1 0
github.com/ebogdum/filemanager/internal/resources/azure_operation/resource.go:219.2,220.9 2 0
github.com/ebogdum/filemanager/internal/resources/azure_operation/resource.go:220.9,226.3 2 0
github.com/ebogdum/filemanager/internal/resources/azure_operation/resource.go:228.2,228.19 1 0
github.com/ebogdum/filemanager/internal/resources/azure_operation/resource.go:232.121,236.33 3 0
github.com/ebogdum/filemanager/internal/resources/azure_operation/resource.go:236.33,238.3 1 0
github.com/ebogdum/filemanager/internal/resources/azure_operation/resource.go:240.2,246.55 2 0
github.com/ebogdum/filemanager/internal/resources/azure_operation/resource.go:246.55,249.3 2 0
github.com/ebogdum/filemanager/internal/resources/azure_operation/resource.go:251.2,256.56 2 0
github.com/ebogdum/filemanager/internal/resources/azure_operation/resource.go:260.115,264.33 3 0
github.com/ebogdum/filemanager/internal/resources/azure_operation/resource.go:264.33,266.3 1 0
github.com/ebogdum/filemanager/internal/resources/azure_operation/resource.go:269.2,269.60 1 0
github.com/ebogdum/filemanager/internal/resources/azure_operation/resource.go:269.60,271.36 1 0
github.com/ebogdum/filemanager/internal/resources/azure_operation/resource.go:271.36,274.4 2 0
github.com/ebogdum/filemanager/internal/resources/azure_operation/resource.go:275.3,276.9 2 0
github.com/ebogdum/filemanager/internal/resources/azure_operation/resource.go:279.2,279.56 1 0
github.com/ebogdum/filemanager/internal/resources/azure_operation/resource.go:283.121,287.33 3 0
github.com/ebogdum/filemanager/internal/resources/azure_operation/resource.go:287.33,289.3 1 0
github.com/ebogdum/filemanager/internal/resources/azure_operation/resource.go:291.2,297.55 2 0
github.com/ebogdum/filemanager/internal/resources/azure_operation/resource.go:297.55,300.3 2 0
github.com/ebogdum/filemanager/internal/resources/azure_operation/resource.go:302.2,302.56 1 0
github.com/ebogdum/filemanager/internal/resources/azure_operation/resource.go:306.121,310.33 3 0
github.com/ebogdum/filemanager/internal/resources/azure_operation/resource.go:310.33,312.3 1 0
github.com/ebogdum/filemanager/internal/resources/azure_operation/resource.go:316.2,316.79 1 0
github.com/ebogdum/filemanager/internal/resources/azure_operation/resource.go:316.79,322.3 1 0
github.com/ebogdum/filemanager/internal/resources/azure_operation/resource.go:328.136,330.2 1 0
github.com/ebogdum/filemanager/internal/resources/azure_operation/resource.go:333.113,335.16 2 0
github.com/ebogdum/filemanager/internal/resources/azure_operation/resource.go:335.16,337.3 1 0
github.com/ebogdum/filemanager/internal/resources/azure_operation/resource.go:339.2,347.19 4 0
github.com/ebogdum/filemanager/internal/resources/azure_operation/resource.go:348.14,349.45 1 0
github.com/ebogdum/filemanager/internal/resources/azure_operation/resource.go:350.14,351.45 1 0
github.com/ebogdum/filemanager/internal/resources/azure_operation/resource.go:352.22,353.52 1 0
github.com/ebogdum/filemanager/internal/resources/azure_operation/resource.go:354.18,355.48 1 0
github.com/ebogdum/filemanager/internal/resources/azure_operation/resource.go:356.25,357.54 1 0
github.com/ebogdum/filemanager/internal/resources/azure_operation/resource.go:358.23,359.53 1 0
github.com/ebogdum/filemanager/internal/resources/azure_operation/resource.go:360.23,361.53 1 0
github.com/ebogdum/filemanager/internal/resources/azure_operation/resource.go:362.10,363.56 1 0
github.com/ebogdum/filemanager/internal/resources/azure_operation/resource.go:368.134,370.2 1 0
github.com/ebogdum/filemanager/internal/resources/azure_operation/resource.go:373.134,374.79 1 0
github.com/ebogdum/filemanager/internal/resources/azure_operation/resource.go:374.79,376.3 1 0
github.com/ebogdum/filemanager/internal/resources/azure_operation/resource.go:378.2,379.9 2 0
github.com/ebogdum/filemanager/internal/resources/azure_operation/resource.go:379.9,381.3 1 0
github.com/ebogdum/filemanager/internal/resources/azure_operation/resource.go:383.2,388.113 2 0
github.com/ebogdum/filemanager/internal/resources/azure_operation/resource.go:388.113,390.3 1 0
github.com/ebogdum/filemanager/internal/resources/azure_operation/resource.go:392.2,392.43 1 0
github.com/ebogdum/filemanager/internal/resources/azure_operation/resource.go:396.141,397.28 1 0
github.com/ebogdum/filemanager/internal/resources/azure_operation/resource.go:397.28,399.3 1 0
github.com/ebogdum/filemanager/internal/resources/azure_operation/resource.go:401.2,402.9 2 0
github.com/ebogdum/filemanager/internal/resources/azure_operation/resource.go:402.9,404.3 1 0
github.com/ebogdum/filemanager/internal/resources/azure_operation/resource.go:406.2,412.45 3 0
github.com/ebogdum/filemanager/internal/resources/azure_operation/resource.go:412.45,413.41 1 0
github.com/ebogdum/filemanager/internal/resources/azure_operation/resource.go:413.41,416.4 2 0
github.com/ebogdum/filemanager/internal/resources/azure_operation/resource.go:419.2,419.90 1 0
github.com/ebogdum/filemanager/internal/resources/azure_operation/resource.go:419.90,421.3 1 0
github.com/ebogdum/filemanager/internal/resources/azure_operation/resource.go:424.2,426.43 2 0
github.com/ebogdum/filemanager/internal/resources/azure_operation/resource.go:430.137,431.24 1 0
github.com/ebogdum/filemanager/internal/resources/azure_operation/resource.go:431.24,433.3 1 0
github.com/ebogdum/filemanager/internal/resources/azure_operation/resource.go:435.2,436.9 2 0
github.com/ebogdum/filemanager/internal/resources/azure_operation/resource.go:436.9,438.3 1 0
github.com/ebogdum/filemanager/internal/resources/azure_operation/resource.go:440.2,446.41 3 0
github.com/ebogdum/filemanager/internal/resources/azure_operation/resource.go:446.41,447.41 1 0
github.com/ebogdum/filemanager/internal/resources/azure_operation/resource.go:447.41,449.4 1 0
github.com/ebogdum/filemanager/internal/resources/azure_operation/resource.go:452.2,452.82 1 0
github.com/ebogdum/filemanager/internal/resources/azure_operation/resource.go:452.82,454.3 1 0
github.com/ebogdum/filemanager/internal/resources/azure_operation/resource.go:457.2,459.43 2 0
github.com/ebogdum/filemanager/internal/resources/azure_operation/resource.go:463.143,464.69 1 0
github.com/ebogdum/filemanager/internal/resources/azure_operation/resource.go:464.69,466.3 1 0
github.com/ebogdum/filemanager/internal/resources/azure_operation/resource.go:468.2,469.9 2 0
github.com/ebogdum/filemanager/internal/resources/azure_operation/resource.go:469.9,471.3 1 0
github.com/ebogdum/filemanager/internal/resources/azure_operation/resource.go:473.2,478.113 2 0
github.com/ebogdum/filemanager/internal/resources/azure_operation/resource.go:478.113,480.3 1 0
github.com/ebogdum/filemanager/internal/resources/azure_operation/resource.go:483.2,485.43 2 0
github.com/ebogdum/filemanager/internal/resources/azure_operation/resource.go:489.142,491.56 2 0
github.com/ebogdum/filemanager/internal/resources/azure_operation/resource.go:491.56,493.3 1 0
github.com/ebogdum/filemanager/internal/resources/azure_operation/resource.go:495.2,496.9 2 0
github.com/ebogdum/filemanager/internal/resources/azure_operation/resource.go:496.9,498.3 1 0
github.com/ebogdum/filemanager/internal/resources/azure_operation/resource.go:500.2,506.16 3 0
github.com/ebogdum/filemanager/internal/resources/azure_operation/resource.go:506.16,508.3 1 0
github.com/ebogdum/filemanager/internal/resources/azure_operation/resource.go:510.2,513.43 3 0
github.com/ebogdum/filemanager/internal/resources/azure_operation/resource.go:517.142,518.63 1 0
github.com/ebogdum/filemanager/internal/resources/azure_operation/resource.go:518.63,520.3 1 0
github.com/ebogdum/filemanager/internal/resources/azure_operation/resource.go:522.2,523.9 2 0
github.com/ebogdum/filemanager/internal/resources/azure_operation/resource.go:523.9,525.3 1 0
github.com/ebogdum/filemanager/internal/resources/azure_operation/resource.go:527.2,531.109 2 0
github.com/ebogdum/filemanager/internal/resources/azure_operation/resource.go:531.109,533.3 1 0
github.com/ebogdum/filemanager/internal/resources/azure_operation/resource.go:535.2,538.43 3 0
github.com/ebogdum/filemanager/internal/resources/azure_operation/resource.go:542.118,544.16 2 0
github.com/ebogdum/filemanager/internal/resources/azure_operation/resource.go:544.16,546.3 1 0
github.com/ebogdum/filemanager/internal/resources/azure_operation/resource.go:549.2,549.62 1 0
github.com/ebogdum/filemanager/internal/resources/azure_operation/resource.go:549.62,551.3 1 0
github.com/ebogdum/filemanager/internal/resources/azure_operation/resource.go:554.2,555.16 2 0
github.com/ebogdum/filemanager/internal/resources/azure_operation/resource.go:555.16,556.36 1 0
github.com/ebogdum/filemanager/internal/resources/azure_operation/resource.go:556.36,558.4 1 0
github.com/ebogdum/filemanager/internal/resources/azure_operation/resource.go:559.3,562.44 2 0
github.com/ebogdum/filemanager/internal/resources/azure_operation/resource.go:566.2,574.26 7 0
github.com/ebogdum/filemanager/internal/resources/azure_operation/resource.go:574.26,576.3 1 0
github.com/ebogdum/filemanager/internal/resources/azure_operation/resource.go:576.8,578.3 1 0
github.com/ebogdum/filemanager/internal/resources/azure_operation/resource.go:580.2,580.22 1 0
github.com/ebogdum/filemanager/internal/resources/azure_operation/resource.go:580.22,582.3 1 0
github.com/ebogdum/filemanager/internal/resources/azure_operation/resource.go:582.8,584.3 1 0
github.com/ebogdum/filemanager/internal/resources/azure_operation/resource.go:587.2,594.12 7 0
github.com/ebogdum/filemanager/internal/resources/azure_operation/resource.go:598.157,600.16 2 0
github.com/ebogdum/filemanager/internal/resources/azure_operation/resource.go:600.16,601.36 1 0
github.com/ebogdum/filemanager/internal/resources/azure_operation/resource.go:601.36,603.4 1 0
github.com/ebogdum/filemanager/internal/resources/azure_operation/resource.go:604.3,604.62 1 0
github.com/ebogdum/filemanager/internal/resources/azure_operation/resource.go:608.2,616.35 7 0
github.com/ebogdum/filemanager/internal/resources/azure_operation/resource.go:616.35,618.3 1 0
github.com/ebogdum/filemanager/internal/resources/azure_operation/resource.go:618.8,620.3 1 0
github.com/ebogdum/filemanager/internal/resources/azure_operation/resource.go:623.2,623.31 1 0
github.com/ebogdum/filemanager/internal/resources/azure_operation/resource.go:623.31,625.3 1 0
github.com/ebogdum/filemanager/internal/resources/azure_operation/resource.go:625.8,627.3 1 0
github.com/ebogdum/filemanager/internal/resources/azure_operation/resource.go:630.2,637.12 7 0
github.com/ebogdum/filemanager/internal/resources/azure_operation/resource.go:641.118,645.24 2 0
github.com/ebogdum/filemanager/internal/resources/azure_operation/resource.go:645.24,647.3 1 0
github.com/ebogdum/filemanager/internal/resources/azure_operation/resource.go:648.2,648.31 1 0
github.com/ebogdum/filemanager/internal/resources/azure_operation/resource.go:648.31,650.3 1 0
github.com/ebogdum/filemanager/internal/resources/azure_operation/resource.go:651.2,651.30 1 0
github.com/ebogdum/filemanager/internal/resources/azure_operation/resource.go:651.30,653.3 1 0
github.com/ebogdum/filemanager/internal/resources/azure_operation/resource.go:654.2,654.28 1 0
github.com/ebogdum/filemanager/internal/resources/azure_operation/resource.go:654.28,656.3 1 0
github.com/ebogdum/filemanager/internal/resources/azure_operation/resource.go:657.2,657.37 1 0
github.com/ebogdum/filemanager/internal/resources/azure_operation/resource.go:657.37,658.32 1 0
github.com/ebogdum/filemanager/internal/resources/azure_operation/resource.go:658.32,660.4 1 0
github.com/ebogdum/filemanager/internal/resources/azure_operation/resource.go:660.9,662.4 1 0
github.com/ebogdum/filemanager/internal/resources/azure_operation/resource.go:664.2,664.31 1 0
github.com/ebogdum/filemanager/internal/resources/azure_operation/resource.go:664.31,666.3 1 0
github.com/ebogdum/filemanager/internal/resources/azure_operation/resource.go:667.2,667.32 1 0
github.com/ebogdum/filemanager/internal/resources/azure_operation/resource.go:667.32,669.3 1 0
github.com/ebogdum/filemanager/internal/resources/azure_operation/resource.go:670.2,670.32 1 0
github.com/ebogdum/filemanager/internal/resources/azure_operation/resource.go:670.32,672.3 1 0
github.com/ebogdum/filemanager/internal/resources/azure_operation/resource.go:673.2,673.29 1 0
github.com/ebogdum/filemanager/internal/resources/azure_operation/resource.go:673.29,675.3 1 0
github.com/ebogdum/filemanager/internal/resources/azure_operation/resource.go:676.2,676.36 1 0
github.com/ebogdum/filemanager/internal/resources/azure_operation/resource.go:676.36,678.3 1 0
github.com/ebogdum/filemanager/internal/resources/azure_operation/resource.go:679.2,679.35 1 0
github.com/ebogdum/filemanager/internal/resources/azure_operation/resource.go:679.35,681.3 1 0
github.com/ebogdum/filemanager/internal/resources/azure_operation/resource.go:682.2,682.33 1 0
github.com/ebogdum/filemanager/internal/resources/azure_operation/resource.go:682.33,684.3 1 0
github.com/ebogdum/filemanager/internal/resources/azure_operation/resource.go:687.2,687.29 1 0
github.com/ebogdum/filemanager/internal/resources/azure_operation/resource.go:687.29,689.3 1 0
github.com/ebogdum/filemanager/internal/resources/azure_operation/resource.go:689.8,689.42 1 0
github.com/ebogdum/filemanager/internal/resources/azure_operation/resource.go:689.42,691.3 1 0
github.com/ebogdum/filemanager/internal/resources/azure_operation/resource.go:694.2,694.25 1 0
github.com/ebogdum/filemanager/internal/resources/azure_operation/resource.go:694.25,696.3 1 0
github.com/ebogdum/filemanager/internal/resources/azure_operation/resource.go:696.8,696.38 1 0
github.com/ebogdum/filemanager/internal/resources/azure_operation/resource.go:696.38,698.3 1 0
github.com/ebogdum/filemanager/internal/resources/azure_operation/resource.go:700.2,700.12 1 0
github.com/ebogdum/filemanager/internal/resources/azure_operation/resource.go:704.110,705.49 1 0
github.com/ebogdum/filemanager/internal/resources/azure_operation/resource.go:705.49,707.3 1 0
github.com/ebogdum/filemanager/internal/resources/azure_operation/resource.go:708.2,708.57 1 0
github.com/ebogdum/filemanager/internal/resources/azure_operation/resource.go:712.106,713.14 1 0
github.com/ebogdum/filemanager/internal/resources/azure_operation/resource.go:713.14,715.3 1 0
github.com/ebogdum/filemanager/internal/resources/azure_operation/resource.go:717.2,718.22 2 0
github.com/ebogdum/filemanager/internal/resources/azure_operation/resource.go:718.22,720.3 1 0
github.com/ebogdum/filemanager/internal/resources/azure_operation/resource.go:722.2,723.15 2 0
github.com/ebogdum/filemanager/internal/resources/ftp_operation/resource.go:40.50,42.2 1 0
github.com/ebogdum/filemanager/internal/resources/ftp_operation/resource.go:66.125,68.2 1 0
github.com/ebogdum/filemanager/internal/resources/ftp_operation/resource.go:71.119,144.2 1 0
github.com/ebogdum/filemanager/internal/resources/ftp_operation/resource.go:147.128,148.29 1 0
github.com/ebogdum/filemanager/internal/resources/ftp_operation/resource.go:148.29,150.3 1 0
github.com/ebogdum/filemanager/internal/resources/ftp_operation/resource.go:152.2,153.9 2 0
github.com/ebogdum/filemanager/internal/resources/ftp_operation/resource.go:153.9,159.3 2 0
github.com/ebogdum/filemanager/internal/resources/ftp_operation/resource.go:161.2,161.19 1 0
github.com/ebogdum/filemanager/internal/resources/ftp_operation/resource.go:165.119,169.33 3 0
github.com/ebogdum/filemanager/internal/resources/ftp_operation/resource.go:169.33,171.3 1 0
github.com/ebogdum/filemanager/internal/resources/ftp_operation/resource.go:173.2,180.56 2 0
github.com/ebogdum/filemanager/internal/resources/ftp_operation/resource.go:180.56,183.3 2 0
github.com/ebogdum/filemanager/internal/resources/ftp_operation/resource.go:186.2,186.55 1 0
github.com/ebogdum/filemanager/internal/resources/ftp_operation/resource.go:186.55,189.3 2 0
github.com/ebogdum/filemanager/internal/resources/ftp_operation/resource.go:192.2,195.56 2 0
github.com/ebogdum/filemanager/internal/resources/ftp_operation/resource.go:199.113,203.33 3 0
github.com/ebogdum/filemanager/internal/resources/ftp_operation/resource.go:203.33,205.3 1 0
github.com/ebogdum/filemanager/internal/resources/ftp_operation/resource.go:208.2,209.16 2 0
github.com/ebogdum/filemanager/internal/resources/ftp_operation/resource.go:209.16,212.3 2 0
github.com/ebogdum/filemanager/internal/resources/ftp_operation/resource.go:215.2,216.80 2 0
github.com/ebogdum/filemanager/internal/resources/ftp_operation/resource.go:216.80,218.3 1 0
github.com/ebogdum/filemanager/internal/resources/ftp_operation/resource.go:221.2,222.16 2 0
github.com/ebogdum/filemanager/internal/resources/ftp_operation/resource.go:222.16,225.3 2 0
github.com/ebogdum/filemanager/internal/resources/ftp_operation/resource.go:227.2,227.13 1 0
github.com/ebogdum/filemanager/internal/resources/ftp_operation/resource.go:227.13,230.3 2 0
github.com/ebogdum/filemanager/internal/resources/ftp_operation/resource.go:233.2,233.76 1 0
github.com/ebogdum/filemanager/internal/resources/ftp_operation/resource.go:233.76,236.3 2 0
github.com/ebogdum/filemanager/internal/resources/ftp_operation/resource.go:238.2,238.56 1 0
github.com/ebogdum/filemanager/internal/resources/ftp_operation/resource.go:242.119,246.33 3 0
github.com/ebogdum/filemanager/internal/resources/ftp_operation/resource.go:246.33,248.3 1 0
github.com/ebogdum/filemanager/internal/resources/ftp_operation/resource.go:250.2,257.56 2 0
github.com/ebogdum/filemanager/internal/resources/ftp_operation/resource.go:257.56,260.3 2 0
github.com/ebogdum/filemanager/internal/resources/ftp_operation/resource.go:263.2,263.55 1 0
github.com/ebogdum/filemanager/internal/resources/ftp_operation/resource.go:263.55,266.3 2 0
github.com/ebogdum/filemanager/internal/resources/ftp_operation/resource.go:268.2,268.56 1 0
github.com/ebogdum/filemanager/internal/resources/ftp_operation/resource.go:272.119,276.33 3 0
github.com/ebogdum/filemanager/internal/resources/ftp_operation/resource.go:276.33,278.3 1 0
github.com/ebogdum/filemanager/internal/resources/ftp_operation/resource.go:281.2,285.4 1 0
github.com/ebogdum/filemanager/internal/resources/ftp_operation/resource.go:289.134,291.2 1 0
github.com/ebogdum/filemanager/internal/resources/ftp_operation/resource.go:294.110,297.12 2 0
github.com/ebogdum/filemanager/internal/resources/ftp_operation/resource.go:298.24,299.80 1 0
github.com/ebogdum/filemanager/internal/resources/ftp_operation/resource.go:299.80,301.4 1 0
github.com/ebogdum/filemanager/internal/resources/ftp_operation/resource.go:302.14,302.14 0 0
github.com/ebogdum/filemanager/internal/resources/ftp_operation/resource.go:306.2,306.12 1 0
github.com/ebogdum/filemanager/internal/resources/ftp_operation/resource.go:310.109,312.16 2 0
github.com/ebogdum/filemanager/internal/resources/ftp_operation/resource.go:312.16,314.3 1 0
github.com/ebogdum/filemanager/internal/resources/ftp_operation/resource.go:316.2,323.12 3 0
github.com/ebogdum/filemanager/internal/resources/ftp_operation/resource.go:324.14,325.43 1 0
github.com/ebogdum/filemanager/internal/resources/ftp_operation/resource.go:326.14,327.43 1 0
github.com/ebogdum/filemanager/internal/resources/ftp_operation/resource.go:328.16,329.45 1 0
github.com/ebogdum/filemanager/internal/resources/ftp_operation/resource.go:330.10,331.53 1 0
github.com/ebogdum/filemanager/internal/resources/ftp_operation/resource.go:336.128,338.2 1 0
github.com/ebogdum/filemanager/internal/resources/ftp_operation/resource.go:341.128,343.9 2 0
github.com/ebogdum/filemanager/internal/resources/ftp_operation/resource.go:343.9,345.3 1 0
github.com/ebogdum/filemanager/internal/resources/ftp_operation/resource.go:347.2,357.113 3 0
github.com/ebogdum/filemanager/internal/resources/ftp_operation/resource.go:357.113,359.3 1 0
github.com/ebogdum/filemanager/internal/resources/ftp_operation/resource.go:361.2,361.82 1 0
github.com/ebogdum/filemanager/internal/resources/ftp_operation/resource.go:365.130,367.9 2 0
github.com/ebogdum/filemanager/internal/resources/ftp_operation/resource.go:367.9,369.3 1 0
github.com/ebogdum/filemanager/internal/resources/ftp_operation/resource.go:371.2,376.105 2 0
github.com/ebogdum/filemanager/internal/resources/ftp_operation/resource.go:376.105,378.3 1 0
github.com/ebogdum/filemanager/internal/resources/ftp_operation/resource.go:380.2,380.82 1 0
github.com/ebogdum/filemanager/internal/resources/ftp_operation/resource.go:384.149,386.16 2 0
github.com/ebogdum/filemanager/internal/resources/ftp_operation/resource.go:386.16,387.36 1 0
github.com/ebogdum/filemanager/internal/resources/ftp_operation/resource.go:387.36,390.4 2 0
github.com/ebogdum/filemanager/internal/resources/ftp_operation/resource.go:391.3,391.52 1 0
github.com/ebogdum/filemanager/internal/resources/ftp_operation/resource.go:395.2,401.12 6 0
github.com/ebogdum/filemanager/internal/resources/ftp_operation/resource.go:405.86,411.2 5 0
github.com/ebogdum/filemanager/internal/resources/ftp_operation/resource.go:414.108,415.49 1 0
github.com/ebogdum/filemanager/internal/resources/ftp_operation/resource.go:415.49,417.3 1 0
github.com/ebogdum/filemanager/internal/resources/ftp_operation/resource.go:418.2,418.57 1 0
github.com/ebogdum/filemanager/internal/resources/copy/resource.go:37.42,39.2 1 0
github.com/ebogdum/filemanager/internal/resources/copy/resource.go:70.117,72.2 1 0
github.com/ebogdum/filemanager/internal/resources/copy/resource.go:75.111,166.2 1 0
github.com/ebogdum/filemanager/internal/resources/copy/resource.go:169.120,170.29 1 0
github.com/ebogdum/filemanager/internal/resources/copy/resource.go:170.29,172.3 1 0
github.com/ebogdum/filemanager/internal/resources/copy/resource.go:174.2,175.9 2 0
github.com/ebogdum/filemanager/internal/resources/copy/resource.go:175.9,181.3 2 0
github.com/ebogdum/filemanager/internal/resources/copy/resource.go:183.2,183.19 1 0
github.com/ebogdum/filemanager/internal/resources/copy/resource.go:187.111,191.33 3 0
github.com/ebogdum/filemanager/internal/resources/copy/resource.go:191.33,193.3 1 0
github.com/ebogdum/filemanager/internal/resources/copy/resource.go:195.2,201.16 3 0
github.com/ebogdum/filemanager/internal/resources/copy/resource.go:201.16,204.3 2 0
github.com/ebogdum/filemanager/internal/resources/copy/resource.go:206.2,209.56 3 0
github.com/ebogdum/filemanager/internal/resources/copy/resource.go:213.105,217.33 3 0
github.com/ebogdum/filemanager/internal/resources/copy/resource.go:217.33,219.3 1 0
github.com/ebogdum/filemanager/internal/resources/copy/resource.go:222.2,223.16 2 0
github.com/ebogdum/filemanager/internal/resources/copy/resource.go:223.16,224.25 1 0
github.com/ebogdum/filemanager/internal/resources/copy/resource.go:224.25,227.4 2 0
github.com/ebogdum/filemanager/internal/resources/copy/resource.go:228.3,229.9 2 0
github.com/ebogdum/filemanager/internal/resources/copy/resource.go:233.2,234.34 2 0
github.com/ebogdum/filemanager/internal/resources/copy/resource.go:234.34,236.17 2 0
github.com/ebogdum/filemanager/internal/resources/copy/resource.go:236.17,241.4 3 0
github.com/ebogdum/filemanager/internal/resources/copy/resource.go:245.2,251.56 6 0
github.com/ebogdum/filemanager/internal/resources/copy/resource.go:255.111,259.33 3 0
github.com/ebogdum/filemanager/internal/resources/copy/resource.go:259.33,261.3 1 0
github.com/ebogdum/filemanager/internal/resources/copy/resource.go:263.2,269.16 3 0
github.com/ebogdum/filemanager/internal/resources/copy/resource.go:269.16,272.3 2 0
github.com/ebogdum/filemanager/internal/resources/copy/resource.go:274.2,276.56 2 0
github.com/ebogdum/filemanager/internal/resources/copy/resource.go:280.111,284.33 3 0
github.com/ebogdum/filemanager/internal/resources/copy/resource.go:284.33,286.3 1 0
github.com/ebogdum/filemanager/internal/resources/copy/resource.go:289.2,289.92 1 0
github.com/ebogdum/filemanager/internal/resources/copy/resource.go:289.92,292.3 2 0
github.com/ebogdum/filemanager/internal/resources/copy/resource.go:296.126,298.2 1 0
github.com/ebogdum/filemanager/internal/resources/copy/resource.go:301.102,307.59 4 0
github.com/ebogdum/filemanager/internal/resources/copy/resource.go:307.59,309.30 2 0
github.com/ebogdum/filemanager/internal/resources/copy/resource.go:309.30,310.42 1 0
github.com/ebogdum/filemanager/internal/resources/copy/resource.go:310.42,312.5 1 0
github.com/ebogdum/filemanager/internal/resources/copy/resource.go:317.2,318.16 2 0
github.com/ebogdum/filemanager/internal/resources/copy/resource.go:318.16,320.3 1 0
github.com/ebogdum/filemanager/internal/resources/copy/resource.go:322.2,322.21 1 0
github.com/ebogdum/filemanager/internal/resources/copy/resource.go:322.21,324.3 1 0
github.com/ebogdum/filemanager/internal/resources/copy/resource.go:325.2,325.51 1 0
github.com/ebogdum/filemanager/internal/resources/copy/resource.go:329.116,331.16 2 0
github.com/ebogdum/filemanager/internal/resources/copy/resource.go:331.16,333.3 1 0
github.com/ebogdum/filemanager/internal/resources/copy/resource.go:336.2,336.33 1 0
github.com/ebogdum/filemanager/internal/resources/copy/resource.go:336.33,337.41 1 0
github.com/ebogdum/filemanager/internal/resources/copy/resource.go:337.41,339.4 1 0
github.com/ebogdum/filemanager/internal/resources/copy/resource.go:343.2,345.53 3 0
github.com/ebogdum/filemanager/internal/resources/copy/resource.go:345.53,347.3 1 0
github.com/ebogdum/filemanager/internal/resources/copy/resource.go:350.2,351.16 2 0
github.com/ebogdum/filemanager/internal/resources/copy/resource.go:351.16,353.3 1 0
github.com/ebogdum/filemanager/internal/resources/copy/resource.go:354.2,358.42 3 0
github.com/ebogdum/filemanager/internal/resources/copy/resource.go:358.42,360.3 1 0
github.com/ebogdum/filemanager/internal/resources/copy/resource.go:360.8,362.3 1 0
github.com/ebogdum/filemanager/internal/resources/copy/resource.go:365.2,366.16 2 0
github.com/ebogdum/filemanager/internal/resources/copy/resource.go:366.16,368.3 1 0
github.com/ebogdum/filemanager/internal/resources/copy/resource.go:369.2,373.16 3 0
github.com/ebogdum/filemanager/internal/resources/copy/resource.go:373.16,375.3 1 0
github.com/ebogdum/filemanager/internal/resources/copy/resource.go:377.2,377.24 1 0
github.com/ebogdum/filemanager/internal/resources/copy/resource.go:381.134,382.33 1 0
github.com/ebogdum/filemanager/internal/resources/copy/resource.go:382.33,384.3 1 0
github.com/ebogdum/filemanager/internal/resources/copy/resource.go:386.2,389.88 3 0
github.com/ebogdum/filemanager/internal/resources/copy/resource.go:389.88,390.21 1 0
github.com/ebogdum/filemanager/internal/resources/copy/resource.go:390.21,392.4 1 0
github.com/ebogdum/filemanager/internal/resources/copy/resource.go:394.3,395.17 2 0
github.com/ebogdum/filemanager/internal/resources/copy/resource.go:395.17,397.4 1 0
github.com/ebogdum/filemanager/internal/resources/copy/resource.go:399.3,399.57 1 0
github.com/ebogdum/filemanager/internal/resources/copy/resource.go:399.57,400.20 1 0
github.com/ebogdum/filemanager/internal/resources/copy/resource.go:400.20,402.5 1 0
github.com/ebogdum/filemanager/internal/resources/copy/resource.go:403.4,403.14 1 0
github.com/ebogdum/filemanager/internal/resources/copy/resource.go:406.3,407.19 2 0
github.com/ebogdum/filemanager/internal/resources/copy/resource.go:407.19,409.4 1 0
github.com/ebogdum/filemanager/internal/resources/copy/resource.go:411.3,412.17 2 0
github.com/ebogdum/filemanager/internal/resources/copy/resource.go:412.17,414.4 1 0
github.com/ebogdum/filemanager/internal/resources/copy/resource.go:415.3,417.13 3 0
github.com/ebogdum/filemanager/internal/resources/copy/resource.go:420.2,420.38 1 0
github.com/ebogdum/filemanager/internal/resources/copy/resource.go:423.71,424.35 1 0
github.com/ebogdum/filemanager/internal/resources/copy/resource.go:424.35,425.80 1 0
github.com/ebogdum/filemanager/internal/resources/copy/resource.go:425.80,427.4 1 0
github.com/ebogdum/filemanager/internal/resources/copy/resource.go:429.2,429.14 1 0
github.com/ebogdum/filemanager/internal/resources/copy/resource.go:432.53,435.2 2 0
github.com/ebogdum/filemanager/internal/resources/copy/resource.go:437.85,439.42 2 0
github.com/ebogdum/filemanager/internal/resources/copy/resource.go:439.42,441.3 1 0
github.com/ebogdum/filemanager/internal/resources/copy/resource.go:442.2,442.38 1 0
github.com/ebogdum/filemanager/internal/resources/copy/resource.go:446.106,452.33 4 0
github.com/ebogdum/filemanager/internal/resources/copy/resource.go:452.33,454.17 2 0
github.com/ebogdum/filemanager/internal/resources/copy/resource.go:454.17,459.4 3 0
github.com/ebogdum/filemanager/internal/resources/copy/resource.go:460.8,463.3 2 0
github.com/ebogdum/filemanager/internal/resources/copy/resource.go:466.2,470.46 5 0
github.com/ebogdum/filemanager/internal/resources/file/resource.go:43.42,45.2 1 0
github.com/ebogdum/filemanager/internal/resources/file/resource.go:87.117,89.2 1 0
github.com/ebogdum/filemanager/internal/resources/file/resource.go:92.111,258.2 1 0
github.com/ebogdum/filemanager/internal/resources/file/resource.go:261.120,262.29 1 0
github.com/ebogdum/filemanager/internal/resources/file/resource.go:262.29,264.3 1 0
github.com/ebogdum/filemanager/internal/resources/file/resource.go:266.2,267.9 2 0
github.com/ebogdum/filemanager/internal/resources/file/resource.go:267.9,273.3 2 0
github.com/ebogdum/filemanager/internal/resources/file/resource.go:275.2,275.19 1 0
github.com/ebogdum/filemanager/internal/resources/file/resource.go:279.111,283.33 3 0
github.com/ebogdum/filemanager/internal/resources/file/resource.go:283.33,285.3 1 0
github.com/ebogdum/filemanager/internal/resources/file/resource.go:287.2,293.16 3 0
github.com/ebogdum/filemanager/internal/resources/file/resource.go:293.16,296.3 2 0
github.com/ebogdum/filemanager/internal/resources/file/resource.go:299.2,303.16 3 0
github.com/ebogdum/filemanager/internal/resources/file/resource.go:303.16,306.3 2 0
github.com/ebogdum/filemanager/internal/resources/file/resource.go:309.2,310.16 2 0
github.com/ebogdum/filemanager/internal/resources/file/resource.go:310.16,313.3 2 0
github.com/ebogdum/filemanager/internal/resources/file/resource.go:315.2,315.39 1 0
github.com/ebogdum/filemanager/internal/resources/file/resource.go:315.39,321.3 2 0
github.com/ebogdum/filemanager/internal/resources/file/resource.go:324.2,333.115 2 0
github.com/ebogdum/filemanager/internal/resources/file/resource.go:333.115,336.3 2 0
github.com/ebogdum/filemanager/internal/resources/file/resource.go:339.2,339.85 1 0
github.com/ebogdum/filemanager/internal/resources/file/resource.go:339.85,342.3 2 0
github.com/ebogdum/filemanager/internal/resources/file/resource.go:345.2,363.56 10 0
github.com/ebogdum/filemanager/internal/resources/file/resource.go:367.105,371.33 3 0
github.com/ebogdum/filemanager/internal/resources/file/resource.go:371.33,373.3 1 0
github.com/ebogdum/filemanager/internal/resources/file/resource.go:376.2,377.16 2 0
github.com/ebogdum/filemanager/internal/resources/file/resource.go:377.16,380.3 2 0
github.com/ebogdum/filemanager/internal/resources/file/resource.go:383.2,384.16 2 0
github.com/ebogdum/filemanager/internal/resources/file/resource.go:384.16,387.3 2 0
github.com/ebogdum/filemanager/internal/resources/file/resource.go:389.2,389.13 1 0
github.com/ebogdum/filemanager/internal/resources/file/resource.go:389.13,393.3 2 0
github.com/ebogdum/filemanager/internal/resources/file/resource.go:396.2,397.16 2 0
github.com/ebogdum/filemanager/internal/resources/file/resource.go:397.16,400.3 2 0
github.com/ebogdum/filemanager/internal/resources/file/resource.go:401.2,404.16 3 0
github.com/ebogdum/filemanager/internal/resources/file/resource.go:404.16,407.3 2 0
github.com/ebogdum/filemanager/internal/resources/file/resource.go:410.2,411.16 2 0
github.com/ebogdum/filemanager/internal/resources/file/resource.go:411.16,413.3 1 0
github.com/ebogdum/filemanager/internal/resources/file/resource.go:416.2,426.28 7 0
github.com/ebogdum/filemanager/internal/resources/file/resource.go:426.28,428.3 1 0
github.com/ebogdum/filemanager/internal/resources/file/resource.go:430.2,430.56 1 0
github.com/ebogdum/filemanager/internal/resources/file/resource.go:434.111,438.33 3 0
github.com/ebogdum/filemanager/internal/resources/file/resource.go:438.33,440.3 1 0
github.com/ebogdum/filemanager/internal/resources/file/resource.go:442.2,448.16 3 0
github.com/ebogdum/filemanager/internal/resources/file/resource.go:448.16,451.3 2 0
github.com/ebogdum/filemanager/internal/resources/file/resource.go:454.2,458.16 3 0
github.com/ebogdum/filemanager/internal/resources/file/resource.go:458.16,461.3 2 0
github.com/ebogdum/filemanager/internal/resources/file/resource.go:464.2,464.29 1 0
github.com/ebogdum/filemanager/internal/resources/file/resource.go:464.29,466.105 1 0
github.com/ebogdum/filemanager/internal/resources/file/resource.go:466.105,469.18 2 0
github.com/ebogdum/filemanager/internal/resources/file/resource.go:469.18,471.5 1 0
github.com/ebogdum/filemanager/internal/resources/file/resource.go:471.10,471.21 1 0
github.com/ebogdum/filemanager/internal/resources/file/resource.go:471.21,479.19 4 0
github.com/ebogdum/filemanager/internal/resources/file/resource.go:479.19,481.6 1 0
github.com/ebogdum/filemanager/internal/resources/file/resource.go:481.11,486.6 1 0
github.com/ebogdum/filemanager/internal/resources/file/resource.go:488.9,492.4 1 0
github.com/ebogdum/filemanager/internal/resources/file/resource.go:496.2,505.115 2 0
github.com/ebogdum/filemanager/internal/resources/file/resource.go:505.115,508.3 2 0
github.com/ebogdum/filemanager/internal/resources/file/resource.go:511.2,511.85 1 0
github.com/ebogdum/filemanager/internal/resources/file/resource.go:511.85,514.3 2 0
github.com/ebogdum/filemanager/internal/resources/file/resource.go:517.2,534.56 9 0
github.com/ebogdum/filemanager/internal/resources/file/resource.go:538.111,542.33 3 0
github.com/ebogdum/filemanager/internal/resources/file/resource.go:542.33,544.3 1 0
github.com/ebogdum/filemanager/internal/resources/file/resource.go:546.2,552.16 3 0
github.com/ebogdum/filemanager/internal/resources/file/resource.go:552.16,555.3 2 0
github.com/ebogdum/filemanager/internal/resources/file/resource.go:558.2,558.69 1 0
github.com/ebogdum/filemanager/internal/resources/file/resource.go:558.69,560.36 1 0
github.com/ebogdum/filemanager/internal/resources/file/resource.go:560.36,563.4 2 0
github.com/ebogdum/filemanager/internal/resources/file/resource.go:566.2,568.4 1 0
github.com/ebogdum/filemanager/internal/resources/file/resource.go:572.126,574.2 1 0
github.com/ebogdum/filemanager/internal/resources/file/resource.go:577.97,579.64 1 0
github.com/ebogdum/filemanager/internal/resources/file/resource.go:579.64,581.3 1 0
github.com/ebogdum/filemanager/internal/resources/file/resource.go:583.2,583.76 1 0
github.com/ebogdum/filemanager/internal/resources/file/resource.go:583.76,585.17 2 0
github.com/ebogdum/filemanager/internal/resources/file/resource.go:585.17,587.4 1 0
github.com/ebogdum/filemanager/internal/resources/file/resource.go:588.3,588.22 1 0
github.com/ebogdum/filemanager/internal/resources/file/resource.go:591.2,591.62 1 0
github.com/ebogdum/filemanager/internal/resources/file/resource.go:591.62,593.17 2 0
github.com/ebogdum/filemanager/internal/resources/file/resource.go:593.17,595.4 1 0
github.com/ebogdum/filemanager/internal/resources/file/resource.go:596.3,596.22 1 0
github.com/ebogdum/filemanager/internal/resources/file/resource.go:600.2,600.22 1 0
github.com/ebogdum/filemanager/internal/resources/file/resource.go:604.77,605.34 1 0
github.com/ebogdum/filemanager/internal/resources/file/resource.go:605.34,607.3 1 0
github.com/ebogdum/filemanager/internal/resources/file/resource.go:609.2,614.15 4 0
github.com/ebogdum/filemanager/internal/resources/file/resource.go:615.14,616.42 1 0
github.com/ebogdum/filemanager/internal/resources/file/resource.go:617.12,618.40 1 0
github.com/ebogdum/filemanager/internal/resources/file/resource.go:621.2,621.18 1 0
github.com/ebogdum/filemanager/internal/resources/file/resource.go:625.100,626.49 1 0
github.com/ebogdum/filemanager/internal/resources/file/resource.go:626.49,628.3 1 0
github.com/ebogdum/filemanager/internal/resources/file/resource.go:630.2,630.57 1 0
github.com/ebogdum/filemanager/internal/resources/file/resource.go:634.126,639.24 3 0
github.com/ebogdum/filemanager/internal/resources/file/resource.go:639.24,641.3 1 0
github.com/ebogdum/filemanager/internal/resources/file/resource.go:641.8,641.67 1 0
github.com/ebogdum/filemanager/internal/resources/file/resource.go:641.67,644.17 2 0
github.com/ebogdum/filemanager/internal/resources/file/resource.go:644.17,646.4 1 0
github.com/ebogdum/filemanager/internal/resources/file/resource.go:647.3,648.15 2 0
github.com/ebogdum/filemanager/internal/resources/file/resource.go:652.2,652.24 1 0
github.com/ebogdum/filemanager/internal/resources/file/resource.go:652.24,654.3 1 0
github.com/ebogdum/filemanager/internal/resources/file/resource.go:654.8,654.67 1 0
github.com/ebogdum/filemanager/internal/resources/file/resource.go:654.67,657.17 2 0
github.com/ebogdum/filemanager/internal/resources/file/resource.go:657.17,659.4 1 0
github.com/ebogdum/filemanager/internal/resources/file/resource.go:660.3,661.15 2 0
github.com/ebogdum/filemanager/internal/resources/file/resource.go:664.2,664.26 1 0
github.com/ebogdum/filemanager/internal/resources/file/resource.go:664.26,665.60 1 0
github.com/ebogdum/filemanager/internal/resources/file/resource.go:665.60,666.37 1 0
github.com/ebogdum/filemanager/internal/resources/file/resource.go:666.37,668.5 1 0
github.com/ebogdum/filemanager/internal/resources/file/resource.go:672.2,672.12 1 0
github.com/ebogdum/filemanager/internal/resources/file/resource.go:676.82,684.2 5 0
github.com/ebogdum/filemanager/internal/resources/env_file/resource.go:36.45,40.2 1 0
github.com/ebogdum/filemanager/internal/resources/env_file/resource.go:73.120,75.2 1 0
github.com/ebogdum/filemanager/internal/resources/env_file/resource.go:78.114,178.2 1 0
github.com/ebogdum/filemanager/internal/resources/env_file/resource.go:181.123,182.29 1 0
github.com/ebogdum/filemanager/internal/resources/env_file/resource.go:182.29,184.3 1 0
github.com/ebogdum/filemanager/internal/resources/env_file/resource.go:186.2,187.9 2 0
github.com/ebogdum/filemanager/internal/resources/env_file/resource.go:187.9,193.3 2 0
github.com/ebogdum/filemanager/internal/resources/env_file/resource.go:195.2,195.19 1 0
github.com/ebogdum/filemanager/internal/resources/env_file/resource.go:199.114,203.33 3 0
github.com/ebogdum/filemanager/internal/resources/env_file/resource.go:203.33,205.3 1 0
github.com/ebogdum/filemanager/internal/resources/env_file/resource.go:207.2,212.16 3 0
github.com/ebogdum/filemanager/internal/resources/env_file/resource.go:212.16,215.3 2 0
github.com/ebogdum/filemanager/internal/resources/env_file/resource.go:217.2,218.16 2 0
github.com/ebogdum/filemanager/internal/resources/env_file/resource.go:218.16,221.3 2 0
github.com/ebogdum/filemanager/internal/resources/env_file/resource.go:223.2,231.115 2 0
github.com/ebogdum/filemanager/internal/resources/env_file/resource.go:231.115,234.3 2 0
github.com/ebogdum/filemanager/internal/resources/env_file/resource.go:236.2,239.56 3 0
github.com/ebogdum/filemanager/internal/resources/env_file/resource.go:243.108,247.33 3 0
github.com/ebogdum/filemanager/internal/resources/env_file/resource.go:247.33,249.3 1 0
github.com/ebogdum/filemanager/internal/resources/env_file/resource.go:251.2,252.16 2 0
github.com/ebogdum/filemanager/internal/resources/env_file/resource.go:252.16,255.3 2 0
github.com/ebogdum/filemanager/internal/resources/env_file/resource.go:257.2,258.16 2 0
github.com/ebogdum/filemanager/internal/resources/env_file/resource.go:258.16,261.3 2 0
github.com/ebogdum/filemanager/internal/resources/env_file/resource.go:263.2,263.13 1 0
github.com/ebogdum/filemanager/internal/resources/env_file/resource.go:263.13,266.3 2 0
github.com/ebogdum/filemanager/internal/resources/env_file/resource.go:268.2,269.16 2 0
github.com/ebogdum/filemanager/internal/resources/env_file/resource.go:269.16,272.3 2 0
github.com/ebogdum/filemanager/internal/resources/env_file/resource.go:273.2,276.16 3 0
github.com/ebogdum/filemanager/internal/resources/env_file/resource.go:276.16,279.3 2 0
github.com/ebogdum/filemanager/internal/resources/env_file/resource.go:281.2,283.56 2 0
github.com/ebogdum/filemanager/internal/resources/env_file/resource.go:287.114,291.33 3 0
github.com/ebogdum/filemanager/internal/resources/env_file/resource.go:291.33,293.3 1 0
github.com/ebogdum/filemanager/internal/resources/env_file/resource.go:295.2,300.16 3 0
github.com/ebogdum/filemanager/internal/resources/env_file/resource.go:300.16,303.3 2 0
github.com/ebogdum/filemanager/internal/resources/env_file/resource.go:305.2,306.16 2 0
github.com/ebogdum/filemanager/internal/resources/env_file/resource.go:306.16,309.3 2 0
github.com/ebogdum/filemanager/internal/resources/env_file/resource.go:311.2,319.115 2 0
github.com/ebogdum/filemanager/internal/resources/env_file/resource.go:319.115,322.3 2 0
github.com/ebogdum/filemanager/internal/resources/env_file/resource.go:324.2,326.56 2 0
github.com/ebogdum/filemanager/internal/resources/env_file/resource.go:330.114,334.33 3 0
github.com/ebogdum/filemanager/internal/resources/env_file/resource.go:334.33,336.3 1 0
github.com/ebogdum/filemanager/internal/resources/env_file/resource.go:338.2,339.16 2 0
github.com/ebogdum/filemanager/internal/resources/env_file/resource.go:339.16,342.3 2 0
github.com/ebogdum/filemanager/internal/resources/env_file/resource.go:344.2,344.69 1 0
github.com/ebogdum/filemanager/internal/resources/env_file/resource.go:344.69,345.36 1 0
github.com/ebogdum/filemanager/internal/resources/env_file/resource.go:345.36,348.4 2 0
github.com/ebogdum/filemanager/internal/resources/env_file/resource.go:353.129,355.2 1 0
github.com/ebogdum/filemanager/internal/resources/env_file/resource.go:358.108,361.61 2 0
github.com/ebogdum/filemanager/internal/resources/env_file/resource.go:361.61,363.30 2 0
github.com/ebogdum/filemanager/internal/resources/env_file/resource.go:363.30,364.42 1 0
github.com/ebogdum/filemanager/internal/resources/env_file/resource.go:364.42,366.5 1 0
github.com/ebogdum/filemanager/internal/resources/env_file/resource.go:370.2,373.61 2 0
github.com/ebogdum/filemanager/internal/resources/env_file/resource.go:373.61,376.30 3 0
github.com/ebogdum/filemanager/internal/resources/env_file/resource.go:376.30,377.42 1 0
github.com/ebogdum/filemanager/internal/resources/env_file/resource.go:377.42,379.5 1 0
github.com/ebogdum/filemanager/internal/resources/env_file/resource.go:382.3,384.17 3 0
github.com/ebogdum/filemanager/internal/resources/env_file/resource.go:384.17,386.4 1 0
github.com/ebogdum/filemanager/internal/resources/env_file/resource.go:390.2,395.42 2 0
github.com/ebogdum/filemanager/internal/resources/env_file/resource.go:399.103,400.49 1 0
github.com/ebogdum/filemanager/internal/resources/env_file/resource.go:400.49,402.3 1 0
github.com/ebogdum/filemanager/internal/resources/env_file/resource.go:403.2,403.57 1 0
github.com/ebogdum/filemanager/internal/resources/env_file/resource.go:407.92,422.2 10 0
github.com/ebogdum/filemanager/internal/resources/download/resource.go:41.46,43.2 1 0
github.com/ebogdum/filemanager/internal/resources/download/resource.go:81.121,83.2 1 0
github.com/ebogdum/filemanager/internal/resources/download/resource.go:86.115,213.2 1 0
github.com/ebogdum/filemanager/internal/resources/download/resource.go:216.124,217.29 1 0
github.com/ebogdum/filemanager/internal/resources/download/resource.go:217.29,219.3 1 0
github.com/ebogdum/filemanager/internal/resources/download/resource.go:221.2,222.9 2 0
github.com/ebogdum/filemanager/internal/resources/download/resource.go:222.9,228.3 2 0
github.com/ebogdum/filemanager/internal/resources/download/resource.go:230.2,230.19 1 0
github.com/ebogdum/filemanager/internal/resources/download/resource.go:234.115,238.33 3 0
github.com/ebogdum/filemanager/internal/resources/download/resource.go:238.33,240.3 1 0
github.com/ebogdum/filemanager/internal/resources/download/resource.go:242.2,248.16 3 0
github.com/ebogdum/filemanager/internal/resources/download/resource.go:248.16,251.3 2 0
github.com/ebogdum/filemanager/internal/resources/download/resource.go:253.2,258.56 3 0
github.com/ebogdum/filemanager/internal/resources/download/resource.go:262.109,266.33 3 0
github.com/ebogdum/filemanager/internal/resources/download/resource.go:266.33,268.3 1 0
github.com/ebogdum/filemanager/internal/resources/download/resource.go:271.2,272.16 2 0
github.com/ebogdum/filemanager/internal/resources/download/resource.go:272.16,275.3 2 0
github.com/ebogdum/filemanager/internal/resources/download/resource.go:277.2,278.16 2 0
github.com/ebogdum/filemanager/internal/resources/download/resource.go:278.16,281.3 2 0
github.com/ebogdum/filemanager/internal/resources/download/resource.go:283.2,283.13 1 0
github.com/ebogdum/filemanager/internal/resources/download/resource.go:283.13,286.3 2 0
github.com/ebogdum/filemanager/internal/resources/download/resource.go:289.2,290.31 2 0
github.com/ebogdum/filemanager/internal/resources/download/resource.go:290.31,292.3 1 0
github.com/ebogdum/filemanager/internal/resources/download/resource.go:295.2,301.56 6 0
github.com/ebogdum/filemanager/internal/resources/download/resource.go:305.115,309.33 3 0
github.com/ebogdum/filemanager/internal/resources/download/resource.go:309.33,311.3 1 0
github.com/ebogdum/filemanager/internal/resources/download/resource.go:313.2,319.16 3 0
github.com/ebogdum/filemanager/internal/resources/download/resource.go:319.16,322.3 2 0
github.com/ebogdum/filemanager/internal/resources/download/resource.go:324.2,326.56 2 0
github.com/ebogdum/filemanager/internal/resources/download/resource.go:330.115,334.33 3 0
github.com/ebogdum/filemanager/internal/resources/download/resource.go:334.33,336.3 1 0
github.com/ebogdum/filemanager/internal/resources/download/resource.go:339.2,340.16 2 0
github.com/ebogdum/filemanager/internal/resources/download/resource.go:340.16,343.3 2 0
github.com/ebogdum/filemanager/internal/resources/download/resource.go:346.2,346.80 1 0
github.com/ebogdum/filemanager/internal/resources/download/resource.go:346.80,347.36 1 0
github.com/ebogdum/filemanager/internal/resources/download/resource.go:347.36,350.4 2 0
github.com/ebogdum/filemanager/internal/resources/download/resource.go:355.130,357.2 1 0
github.com/ebogdum/filemanager/internal/resources/download/resource.go:368.119,370.16 2 0
github.com/ebogdum/filemanager/internal/resources/download/resource.go:370.16,372.3 1 0
github.com/ebogdum/filemanager/internal/resources/download/resource.go:374.2,375.16 2 0
github.com/ebogdum/filemanager/internal/resources/download/resource.go:375.16,377.3 1 0
github.com/ebogdum/filemanager/internal/resources/download/resource.go:380.2,388.16 6 0
github.com/ebogdum/filemanager/internal/resources/download/resource.go:388.16,390.3 1 0
github.com/ebogdum/filemanager/internal/resources/download/resource.go:392.2,395.19 3 0
github.com/ebogdum/filemanager/internal/resources/download/resource.go:395.19,396.34 1 0
github.com/ebogdum/filemanager/internal/resources/download/resource.go:396.34,398.4 1 0
github.com/ebogdum/filemanager/internal/resources/download/resource.go:401.3,402.17 2 0
github.com/ebogdum/filemanager/internal/resources/download/resource.go:402.17,404.4 1 0
github.com/ebogdum/filemanager/internal/resources/download/resource.go:406.3,406.30 1 0
github.com/ebogdum/filemanager/internal/resources/download/resource.go:406.30,407.18 1 0
github.com/ebogdum/filemanager/internal/resources/download/resource.go:407.18,408.13 1 0
github.com/ebogdum/filemanager/internal/resources/download/resource.go:412.4,412.56 1 0
github.com/ebogdum/filemanager/internal/resources/download/resource.go:412.56,413.13 1 0
github.com/ebogdum/filemanager/internal/resources/download/resource.go:417.4,424.18 5 0
github.com/ebogdum/filemanager/internal/resources/download/resource.go:424.18,426.5 1 0
github.com/ebogdum/filemanager/internal/resources/download/resource.go:428.4,429.29 2 0
github.com/ebogdum/filemanager/internal/resources/download/resource.go:431.8,434.17 2 0
github.com/ebogdum/filemanager/internal/resources/download/resource.go:434.17,436.4 1 0
github.com/ebogdum/filemanager/internal/resources/download/resource.go:437.3,444.83 4 0
github.com/ebogdum/filemanager/internal/resources/download/resource.go:444.83,445.88 1 0
github.com/ebogdum/filemanager/internal/resources/download/resource.go:445.88,447.5 1 0
github.com/ebogdum/filemanager/internal/resources/download/resource.go:451.2,452.20 2 0
github.com/ebogdum/filemanager/internal/resources/download/resource.go:456.194,459.16 2 0
github.com/ebogdum/filemanager/internal/resources/download/resource.go:459.16,461.3 1 0
github.com/ebogdum/filemanager/internal/resources/download/resource.go:462.2,476.70 4 0
github.com/ebogdum/filemanager/internal/resources/download/resource.go:476.70,478.3 1 0
github.com/ebogdum/filemanager/internal/resources/download/resource.go:480.2,480.22 1 0
github.com/ebogdum/filemanager/internal/resources/download/resource.go:484.149,486.16 2 0
github.com/ebogdum/filemanager/internal/resources/download/resource.go:486.16,488.3 1 0
github.com/ebogdum/filemanager/internal/resources/download/resource.go:489.2,492.16 3 0
github.com/ebogdum/filemanager/internal/resources/download/resource.go:492.16,494.3 1 0
github.com/ebogdum/filemanager/internal/resources/download/resource.go:496.2,497.50 2 0
github.com/ebogdum/filemanager/internal/resources/download/resource.go:501.122,503.16 2 0
github.com/ebogdum/filemanager/internal/resources/download/resource.go:503.16,505.3 1 0
github.com/ebogdum/filemanager/internal/resources/download/resource.go:506.2,509.16 3 0
github.com/ebogdum/filemanager/internal/resources/download/resource.go:509.16,511.3 1 0
github.com/ebogdum/filemanager/internal/resources/download/resource.go:513.2,516.67 3 0
github.com/ebogdum/filemanager/internal/resources/download/resource.go:520.90,522.21 2 0
github.com/ebogdum/filemanager/internal/resources/download/resource.go:522.21,524.3 1 0
github.com/ebogdum/filemanager/internal/resources/download/resource.go:526.2,530.14 4 0
github.com/ebogdum/filemanager/internal/resources/download/resource.go:531.16,532.29 1 0
github.com/ebogdum/filemanager/internal/resources/download/resource.go:533.10,534.64 1 0
github.com/ebogdum/filemanager/internal/resources/download/resource.go:537.2,537.32 1 0
github.com/ebogdum/filemanager/internal/resources/download/resource.go:537.32,539.3 1 0
github.com/ebogdum/filemanager/internal/resources/download/resource.go:541.2,541.12 1 0
github.com/ebogdum/filemanager/internal/resources/download/resource.go:545.104,546.49 1 0
github.com/ebogdum/filemanager/internal/resources/download/resource.go:546.49,548.3 1 0
github.com/ebogdum/filemanager/internal/resources/download/resource.go:549.2,549.57 1 0
github.com/ebogdum/filemanager/internal/resources/download/resource.go:553.68,554.39 1 0
github.com/ebogdum/filemanager/internal/resources/download/resource.go:554.39,556.3 1 0
github.com/ebogdum/filemanager/internal/resources/download/resource.go:557.2,559.29 3 0
github.com/ebogdum/filemanager/internal/resources/download/resource.go:559.29,560.41 1 0
github.com/ebogdum/filemanager/internal/resources/download/resource.go:560.41,562.4 1 0
github.com/ebogdum/filemanager/internal/resources/download/resource.go:564.2,564.15 1 0
github.com/ebogdum/filemanager/internal/resources/download/resource.go:568.90,570.23 1 0
github.com/ebogdum/filemanager/internal/resources/download/resource.go:570.23,572.36 2 0
github.com/ebogdum/filemanager/internal/resources/download/resource.go:572.36,573.48 1 0
github.com/ebogdum/filemanager/internal/resources/download/resource.go:573.48,575.10 2 0
github.com/ebogdum/filemanager/internal/resources/download/resource.go:577.4,577.63 1 0
github.com/ebogdum/filemanager/internal/resources/download/resource.go:577.63,579.10 2 0
github.com/ebogdum/filemanager/internal/resources/download/resource.go:582.3,582.15 1 0
github.com/ebogdum/filemanager/internal/resources/download/resource.go:582.15,584.4 1 0
github.com/ebogdum/filemanager/internal/resources/download/resource.go:588.2,588.35 1 0
github.com/ebogdum/filemanager/internal/resources/download/resource.go:588.35,589.47 1 0
github.com/ebogdum/filemanager/internal/resources/download/resource.go:589.47,591.4 1 0
github.com/ebogdum/filemanager/internal/resources/download/resource.go:592.3,592.62 1 0
github.com/ebogdum/filemanager/internal/resources/download/resource.go:592.62,594.4 1 0
github.com/ebogdum/filemanager/internal/resources/download/resource.go:597.2,597.13 1 0
github.com/ebogdum/filemanager/internal/resources/download/resource.go:601.102,608.25 5 0
github.com/ebogdum/filemanager/internal/resources/download/resource.go:608.25,610.3 1 0
github.com/ebogdum/filemanager/internal/resources/download/resource.go:610.8,612.3 1 0
github.com/ebogdum/filemanager/internal/resources/download/resource.go:615.2,619.46 5 0
github.com/ebogdum/filemanager/internal/resources/gcs_operation/resource.go:34.50,36.2 1 0
github.com/ebogdum/filemanager/internal/resources/gcs_operation/resource.go:74.125,76.2 1 0
github.com/ebogdum/filemanager/internal/resources/gcs_operation/resource.go:79.119,191.2 1 0
github.com/ebogdum/filemanager/internal/resources/gcs_operation/resource.go:194.128,195.29 1 0
github.com/ebogdum/filemanager/internal/resources/gcs_operation/resource.go:195.29,197.3 1 0
github.com/ebogdum/filemanager/internal/resources/gcs_operation/resource.go:199.2,200.9 2 0
github.com/ebogdum/filemanager/internal/resources/gcs_operation/resource.go:200.9,206.3 2 0
github.com/ebogdum/filemanager/internal/resources/gcs_operation/resource.go:208.2,208.19 1 0
github.com/ebogdum/filemanager/internal/resources/gcs_operation/resource.go:212.119,216.33 3 0
github.com/ebogdum/filemanager/internal/resources/gcs_operation/resource.go:216.33,218.3 1 0
github.com/ebogdum/filemanager/internal/resources/gcs_operation/resource.go:220.2,226.55 2 0
github.com/ebogdum/filemanager/internal/resources/gcs_operation/resource.go:226.55,229.3 2 0
github.com/ebogdum/filemanager/internal/resources/gcs_operation/resource.go:231.2,234.56 2 0
github.com/ebogdum/filemanager/internal/resources/gcs_operation/resource.go:238.113,242.33 3 0
github.com/ebogdum/filemanager/internal/resources/gcs_operation/resource.go:242.33,244.3 1 0
github.com/ebogdum/filemanager/internal/resources/gcs_operation/resource.go:247.2,248.16 2 0
github.com/ebogdum/filemanager/internal/resources/gcs_operation/resource.go:248.16,251.3 2 0
github.com/ebogdum/filemanager/internal/resources/gcs_operation/resource.go:253.2,254.16 2 0
github.com/ebogdum/filemanager/internal/resources/gcs_operation/resource.go:254.16,257.3 2 0
github.com/ebogdum/filemanager/internal/resources/gcs_operation/resource.go:259.2,259.13 1 0
github.com/ebogdum/filemanager/internal/resources/gcs_operation/resource.go:259.13,262.3 2 0
github.com/ebogdum/filemanager/internal/resources/gcs_operation/resource.go:265.2,265.56 1 0
github.com/ebogdum/filemanager/internal/resources/gcs_operation/resource.go:265.56,269.3 1 0
github.com/ebogdum/filemanager/internal/resources/gcs_operation/resource.go:271.2,271.56 1 0
github.com/ebogdum/filemanager/internal/resources/gcs_operation/resource.go:275.119,279.33 3 0
github.com/ebogdum/filemanager/internal/resources/gcs_operation/resource.go:279.33,281.3 1 0
github.com/ebogdum/filemanager/internal/resources/gcs_operation/resource.go:283.2,289.55 2 0
github.com/ebogdum/filemanager/internal/resources/gcs_operation/resource.go:289.55,292.3 2 0
github.com/ebogdum/filemanager/internal/resources/gcs_operation/resource.go:294.2,294.56 1 0
github.com/ebogdum/filemanager/internal/resources/gcs_operation/resource.go:298.119,302.33 3 0
github.com/ebogdum/filemanager/internal/resources/gcs_operation/resource.go:302.33,304.3 1 0
github.com/ebogdum/filemanager/internal/resources/gcs_operation/resource.go:308.2,312.4 1 0
github.com/ebogdum/filemanager/internal/resources/gcs_operation/resource.go:316.134,318.2 1 0
github.com/ebogdum/filemanager/internal/resources/gcs_operation/resource.go:321.109,324.19 2 0
github.com/ebogdum/filemanager/internal/resources/gcs_operation/resource.go:325.14,326.34 1 0
github.com/ebogdum/filemanager/internal/resources/gcs_operation/resource.go:327.14,328.34 1 0
github.com/ebogdum/filemanager/internal/resources/gcs_operation/resource.go:329.22,330.41 1 0
github.com/ebogdum/filemanager/internal/resources/gcs_operation/resource.go:331.27,332.45 1 0
github.com/ebogdum/filemanager/internal/resources/gcs_operation/resource.go:333.28,334.46 1 0
github.com/ebogdum/filemanager/internal/resources/gcs_operation/resource.go:335.10,336.137 1 0
github.com/ebogdum/filemanager/internal/resources/gcs_operation/resource.go:341.104,343.2 1 0
github.com/ebogdum/filemanager/internal/resources/gcs_operation/resource.go:346.104,347.79 1 0
github.com/ebogdum/filemanager/internal/resources/gcs_operation/resource.go:347.79,349.3 1 0
github.com/ebogdum/filemanager/internal/resources/gcs_operation/resource.go:351.2,352.16 2 0
github.com/ebogdum/filemanager/internal/resources/gcs_operation/resource.go:352.16,354.3 1 0
github.com/ebogdum/filemanager/internal/resources/gcs_operation/resource.go:356.2,357.9 2 0
github.com/ebogdum/filemanager/internal/resources/gcs_operation/resource.go:357.9,359.3 1 0
github.com/ebogdum/filemanager/internal/resources/gcs_operation/resource.go:361.2,361.118 1 0
github.com/ebogdum/filemanager/internal/resources/gcs_operation/resource.go:361.118,363.3 1 0
github.com/ebogdum/filemanager/internal/resources/gcs_operation/resource.go:365.2,370.39 2 0
github.com/ebogdum/filemanager/internal/resources/gcs_operation/resource.go:374.111,375.28 1 0
github.com/ebogdum/filemanager/internal/resources/gcs_operation/resource.go:375.28,377.3 1 0
github.com/ebogdum/filemanager/internal/resources/gcs_operation/resource.go:379.2,380.16 2 0
github.com/ebogdum/filemanager/internal/resources/gcs_operation/resource.go:380.16,382.3 1 0
github.com/ebogdum/filemanager/internal/resources/gcs_operation/resource.go:384.2,385.9 2 0
github.com/ebogdum/filemanager/internal/resources/gcs_operation/resource.go:385.9,387.3 1 0
github.com/ebogdum/filemanager/internal/resources/gcs_operation/resource.go:390.2,392.29 3 0
github.com/ebogdum/filemanager/internal/resources/gcs_operation/resource.go:392.29,393.41 1 0
github.com/ebogdum/filemanager/internal/resources/gcs_operation/resource.go:393.41,395.4 1 0
github.com/ebogdum/filemanager/internal/resources/gcs_operation/resource.go:398.2,398.93 1 0
github.com/ebogdum/filemanager/internal/resources/gcs_operation/resource.go:398.93,400.3 1 0
github.com/ebogdum/filemanager/internal/resources/gcs_operation/resource.go:402.2,406.39 2 0
github.com/ebogdum/filemanager/internal/resources/gcs_operation/resource.go:410.115,411.73 1 0
github.com/ebogdum/filemanager/internal/resources/gcs_operation/resource.go:411.73,413.3 1 0
github.com/ebogdum/filemanager/internal/resources/gcs_operation/resource.go:415.2,423.33 3 0
github.com/ebogdum/filemanager/internal/resources/gcs_operation/resource.go:423.33,425.3 1 0
github.com/ebogdum/filemanager/internal/resources/gcs_operation/resource.go:427.2,428.16 2 0
github.com/ebogdum/filemanager/internal/resources/gcs_operation/resource.go:428.16,430.3 1 0
github.com/ebogdum/filemanager/internal/resources/gcs_operation/resource.go:432.2,433.9 2 0
github.com/ebogdum/filemanager/internal/resources/gcs_operation/resource.go:433.9,435.3 1 0
github.com/ebogdum/filemanager/internal/resources/gcs_operation/resource.go:437.2,437.101 1 0
github.com/ebogdum/filemanager/internal/resources/gcs_operation/resource.go:437.101,439.3 1 0
github.com/ebogdum/filemanager/internal/resources/gcs_operation/resource.go:441.2,446.39 2 0
github.com/ebogdum/filemanager/internal/resources/gcs_operation/resource.go:450.116,452.16 2 0
github.com/ebogdum/filemanager/internal/resources/gcs_operation/resource.go:452.16,454.3 1 0
github.com/ebogdum/filemanager/internal/resources/gcs_operation/resource.go:456.2,457.9 2 0
github.com/ebogdum/filemanager/internal/resources/gcs_operation/resource.go:457.9,459.3 1 0
github.com/ebogdum/filemanager/internal/resources/gcs_operation/resource.go:461.2,461.120 1 0
github.com/ebogdum/filemanager/internal/resources/gcs_operation/resource.go:461.120,463.3 1 0
github.com/ebogdum/filemanager/internal/resources/gcs_operation/resource.go:465.2,470.39 2 0
github.com/ebogdum/filemanager/internal/resources/gcs_operation/resource.go:474.110,476.16 2 0
github.com/ebogdum/filemanager/internal/resources/gcs_operation/resource.go:476.16,478.3 1 0
github.com/ebogdum/filemanager/internal/resources/gcs_operation/resource.go:481.2,481.59 1 0
github.com/ebogdum/filemanager/internal/resources/gcs_operation/resource.go:481.59,483.3 1 0
github.com/ebogdum/filemanager/internal/resources/gcs_operation/resource.go:486.2,487.16 2 0
github.com/ebogdum/filemanager/internal/resources/gcs_operation/resource.go:487.16,489.36 1 0
github.com/ebogdum/filemanager/internal/resources/gcs_operation/resource.go:489.36,492.4 2 0
github.com/ebogdum/filemanager/internal/resources/gcs_operation/resource.go:493.3,493.54 1 0
github.com/ebogdum/filemanager/internal/resources/gcs_operation/resource.go:497.2,514.26 16 0
github.com/ebogdum/filemanager/internal/resources/gcs_operation/resource.go:514.26,516.35 2 0
github.com/ebogdum/filemanager/internal/resources/gcs_operation/resource.go:516.35,518.4 1 0
github.com/ebogdum/filemanager/internal/resources/gcs_operation/resource.go:519.3,520.24 2 0
github.com/ebogdum/filemanager/internal/resources/gcs_operation/resource.go:520.24,522.4 1 0
github.com/ebogdum/filemanager/internal/resources/gcs_operation/resource.go:522.9,524.4 1 0
github.com/ebogdum/filemanager/internal/resources/gcs_operation/resource.go:525.8,527.3 1 0
github.com/ebogdum/filemanager/internal/resources/gcs_operation/resource.go:529.2,529.12 1 0
github.com/ebogdum/filemanager/internal/resources/gcs_operation/resource.go:533.148,535.16 2 0
github.com/ebogdum/filemanager/internal/resources/gcs_operation/resource.go:535.16,536.36 1 0
github.com/ebogdum/filemanager/internal/resources/gcs_operation/resource.go:536.36,539.4 2 0
github.com/ebogdum/filemanager/internal/resources/gcs_operation/resource.go:540.3,540.64 1 0
github.com/ebogdum/filemanager/internal/resources/gcs_operation/resource.go:544.2,561.26 16 0
github.com/ebogdum/filemanager/internal/resources/gcs_operation/resource.go:561.26,563.35 2 0
github.com/ebogdum/filemanager/internal/resources/gcs_operation/resource.go:563.35,565.4 1 0
github.com/ebogdum/filemanager/internal/resources/gcs_operation/resource.go:566.3,567.24 2 0
github.com/ebogdum/filemanager/internal/resources/gcs_operation/resource.go:567.24,569.4 1 0
github.com/ebogdum/filemanager/internal/resources/gcs_operation/resource.go:569.9,571.4 1 0
github.com/ebogdum/filemanager/internal/resources/gcs_operation/resource.go:572.8,574.3 1 0
github.com/ebogdum/filemanager/internal/resources/gcs_operation/resource.go:576.2,576.12 1 0
github.com/ebogdum/filemanager/internal/resources/gcs_operation/resource.go:580.87,599.2 17 0
github.com/ebogdum/filemanager/internal/resources/gcs_operation/resource.go:602.108,603.49 1 0
github.com/ebogdum/filemanager/internal/resources/gcs_operation/resource.go:603.49,605.3 1 0
github.com/ebogdum/filemanager/internal/resources/gcs_operation/resource.go:606.2,606.57 1 0
github.com/ebogdum/filemanager/internal/resources/ftp_service/resource.go:34.48,36.2 1 0
github.com/ebogdum/filemanager/internal/resources/ftp_service/resource.go:66.123,68.2 1 0
github.com/ebogdum/filemanager/internal/resources/ftp_service/resource.go:71.117,159.2 1 0
github.com/ebogdum/filemanager/internal/resources/ftp_service/resource.go:162.126,163.29 1 0
github.com/ebogdum/filemanager/internal/resources/ftp_service/resource.go:163.29,165.3 1 0
github.com/ebogdum/filemanager/internal/resources/ftp_service/resource.go:167.2,168.9 2 0
github.com/ebogdum/filemanager/internal/resources/ftp_service/resource.go:168.9,174.3 2 0
github.com/ebogdum/filemanager/internal/resources/ftp_service/resource.go:176.2,176.19 1 0
github.com/ebogdum/filemanager/internal/resources/ftp_service/resource.go:180.117,184.33 3 0
github.com/ebogdum/filemanager/internal/resources/ftp_service/resource.go:184.33,186.3 1 0
github.com/ebogdum/filemanager/internal/resources/ftp_service/resource.go:188.2,201.16 5 0
github.com/ebogdum/filemanager/internal/resources/ftp_service/resource.go:201.16,204.3 2 0
github.com/ebogdum/filemanager/internal/resources/ftp_service/resource.go:207.2,208.16 2 0
github.com/ebogdum/filemanager/internal/resources/ftp_service/resource.go:208.16,210.3 1 0
github.com/ebogdum/filemanager/internal/resources/ftp_service/resource.go:213.2,229.60 3 0
github.com/ebogdum/filemanager/internal/resources/ftp_service/resource.go:229.60,232.3 2 0
github.com/ebogdum/filemanager/internal/resources/ftp_service/resource.go:235.2,239.80 3 0
github.com/ebogdum/filemanager/internal/resources/ftp_service/resource.go:239.80,242.3 2 0
github.com/ebogdum/filemanager/internal/resources/ftp_service/resource.go:245.2,254.56 6 0
github.com/ebogdum/filemanager/internal/resources/ftp_service/resource.go:258.111,262.33 3 0
github.com/ebogdum/filemanager/internal/resources/ftp_service/resource.go:262.33,264.3 1 0
github.com/ebogdum/filemanager/internal/resources/ftp_service/resource.go:266.2,268.16 3 0
github.com/ebogdum/filemanager/internal/resources/ftp_service/resource.go:268.16,270.3 1 0
github.com/ebogdum/filemanager/internal/resources/ftp_service/resource.go:270.8,271.43 1 0
github.com/ebogdum/filemanager/internal/resources/ftp_service/resource.go:271.43,273.4 1 0
github.com/ebogdum/filemanager/internal/resources/ftp_service/resource.go:273.9,275.4 1 0
github.com/ebogdum/filemanager/internal/resources/ftp_service/resource.go:278.2,278.56 1 0
github.com/ebogdum/filemanager/internal/resources/ftp_service/resource.go:282.117,286.33 3 0
github.com/ebogdum/filemanager/internal/resources/ftp_service/resource.go:286.33,288.3 1 0
github.com/ebogdum/filemanager/internal/resources/ftp_service/resource.go:290.2,297.16 4 0
github.com/ebogdum/filemanager/internal/resources/ftp_service/resource.go:297.16,300.3 2 0
github.com/ebogdum/filemanager/internal/resources/ftp_service/resource.go:302.2,303.16 2 0
github.com/ebogdum/filemanager/internal/resources/ftp_service/resource.go:303.16,305.3 1 0
github.com/ebogdum/filemanager/internal/resources/ftp_service/resource.go:307.2,323.60 3 0
github.com/ebogdum/filemanager/internal/resources/ftp_service/resource.go:323.60,326.3 2 0
github.com/ebogdum/filemanager/internal/resources/ftp_service/resource.go:328.2,333.19 4 0
github.com/ebogdum/filemanager/internal/resources/ftp_service/resource.go:333.19,335.3 1 0
github.com/ebogdum/filemanager/internal/resources/ftp_service/resource.go:337.2,338.80 2 0
github.com/ebogdum/filemanager/internal/resources/ftp_service/resource.go:338.80,341.3 2 0
github.com/ebogdum/filemanager/internal/resources/ftp_service/resource.go:343.2,345.56 3 0
github.com/ebogdum/filemanager/internal/resources/ftp_service/resource.go:349.117,353.33 3 0
github.com/ebogdum/filemanager/internal/resources/ftp_service/resource.go:353.33,355.3 1 0
github.com/ebogdum/filemanager/internal/resources/ftp_service/resource.go:357.2,359.16 3 0
github.com/ebogdum/filemanager/internal/resources/ftp_service/resource.go:359.16,361.3 1 0
github.com/ebogdum/filemanager/internal/resources/ftp_service/resource.go:362.2,366.4 2 0
github.com/ebogdum/filemanager/internal/resources/ftp_service/resource.go:370.132,372.2 1 0
github.com/ebogdum/filemanager/internal/resources/gcs_service/resource.go:30.48,32.2 1 0
github.com/ebogdum/filemanager/internal/resources/gcs_service/resource.go:56.123,58.2 1 0
github.com/ebogdum/filemanager/internal/resources/gcs_service/resource.go:61.117,111.2 1 0
github.com/ebogdum/filemanager/internal/resources/gcs_service/resource.go:114.126,115.29 1 0
github.com/ebogdum/filemanager/internal/resources/gcs_service/resource.go:115.29,117.3 1 0
github.com/ebogdum/filemanager/internal/resources/gcs_service/resource.go:119.2,120.9 2 0
github.com/ebogdum/filemanager/internal/resources/gcs_service/resource.go:120.9,126.3 2 0
github.com/ebogdum/filemanager/internal/resources/gcs_service/resource.go:128.2,128.19 1 0
github.com/ebogdum/filemanager/internal/resources/gcs_service/resource.go:132.117,136.33 3 0
github.com/ebogdum/filemanager/internal/resources/gcs_service/resource.go:136.33,138.3 1 0
github.com/ebogdum/filemanager/internal/resources/gcs_service/resource.go:140.2,149.16 3 0
github.com/ebogdum/filemanager/internal/resources/gcs_service/resource.go:149.16,152.3 2 0
github.com/ebogdum/filemanager/internal/resources/gcs_service/resource.go:155.2,156.16 2 0
github.com/ebogdum/filemanager/internal/resources/gcs_service/resource.go:156.16,159.3 2 0
github.com/ebogdum/filemanager/internal/resources/gcs_service/resource.go:162.2,173.60 3 0
github.com/ebogdum/filemanager/internal/resources/gcs_service/resource.go:173.60,176.3 2 0
github.com/ebogdum/filemanager/internal/resources/gcs_service/resource.go:179.2,182.80 2 0
github.com/ebogdum/filemanager/internal/resources/gcs_service/resource.go:182.80,185.3 2 0
github.com/ebogdum/filemanager/internal/resources/gcs_service/resource.go:188.2,196.56 5 0
github.com/ebogdum/filemanager/internal/resources/gcs_service/resource.go:200.111,204.33 3 0
github.com/ebogdum/filemanager/internal/resources/gcs_service/resource.go:204.33,206.3 1 0
github.com/ebogdum/filemanager/internal/resources/gcs_service/resource.go:208.2,210.16 3 0
github.com/ebogdum/filemanager/internal/resources/gcs_service/resource.go:210.16,212.3 1 0
github.com/ebogdum/filemanager/internal/resources/gcs_service/resource.go:212.8,213.43 1 0
github.com/ebogdum/filemanager/internal/resources/gcs_service/resource.go:213.43,215.4 1 0
github.com/ebogdum/filemanager/internal/resources/gcs_service/resource.go:215.9,217.4 1 0
github.com/ebogdum/filemanager/internal/resources/gcs_service/resource.go:220.2,220.56 1 0
github.com/ebogdum/filemanager/internal/resources/gcs_service/resource.go:224.117,228.33 3 0
github.com/ebogdum/filemanager/internal/resources/gcs_service/resource.go:228.33,230.3 1 0
github.com/ebogdum/filemanager/internal/resources/gcs_service/resource.go:232.2,236.16 2 0
github.com/ebogdum/filemanager/internal/resources/gcs_service/resource.go:236.16,239.3 2 0
github.com/ebogdum/filemanager/internal/resources/gcs_service/resource.go:241.2,242.16 2 0
github.com/ebogdum/filemanager/internal/resources/gcs_service/resource.go:242.16,245.3 2 0
github.com/ebogdum/filemanager/internal/resources/gcs_service/resource.go:247.2,258.60 3 0
github.com/ebogdum/filemanager/internal/resources/gcs_service/resource.go:258.60,261.3 2 0
github.com/ebogdum/filemanager/internal/resources/gcs_service/resource.go:263.2,265.80 3 0
github.com/ebogdum/filemanager/internal/resources/gcs_service/resource.go:265.80,268.3 2 0
github.com/ebogdum/filemanager/internal/resources/gcs_service/resource.go:270.2,271.56 2 0
github.com/ebogdum/filemanager/internal/resources/gcs_service/resource.go:275.117,279.33 3 0
github.com/ebogdum/filemanager/internal/resources/gcs_service/resource.go:279.33,281.3 1 0
github.com/ebogdum/filemanager/internal/resources/gcs_service/resource.go:283.2,285.16 3 0
github.com/ebogdum/filemanager/internal/resources/gcs_service/resource.go:285.16,287.3 1 0
github.com/ebogdum/filemanager/internal/resources/gcs_service/resource.go:288.2,292.4 2 0
github.com/ebogdum/filemanager/internal/resources/gcs_service/resource.go:296.132,298.2 1 0
github.com/ebogdum/filemanager/internal/resources/directory/resource.go:33.47,35.2 1 0
github.com/ebogdum/filemanager/internal/resources/directory/resource.go:64.122,66.2 1 0
github.com/ebogdum/filemanager/internal/resources/directory/resource.go:69.116,150.2 1 0
github.com/ebogdum/filemanager/internal/resources/directory/resource.go:153.125,154.29 1 0
github.com/ebogdum/filemanager/internal/resources/directory/resource.go:154.29,156.3 1 0
github.com/ebogdum/filemanager/internal/resources/directory/resource.go:158.2,159.9 2 0
github.com/ebogdum/filemanager/internal/resources/directory/resource.go:159.9,165.3 2 0
github.com/ebogdum/filemanager/internal/resources/directory/resource.go:167.2,167.19 1 0
github.com/ebogdum/filemanager/internal/resources/directory/resource.go:171.116,175.33 3 0
github.com/ebogdum/filemanager/internal/resources/directory/resource.go:175.33,177.3 1 0
github.com/ebogdum/filemanager/internal/resources/directory/resource.go:179.2,184.16 3 0
github.com/ebogdum/filemanager/internal/resources/directory/resource.go:184.16,187.3 2 0
github.com/ebogdum/filemanager/internal/resources/directory/resource.go:190.2,195.79 2 0
github.com/ebogdum/filemanager/internal/resources/directory/resource.go:195.79,196.34 1 0
github.com/ebogdum/filemanager/internal/resources/directory/resource.go:196.34,199.4 2 0
github.com/ebogdum/filemanager/internal/resources/directory/resource.go:203.2,203.85 1 0
github.com/ebogdum/filemanager/internal/resources/directory/resource.go:203.85,206.3 2 0
github.com/ebogdum/filemanager/internal/resources/directory/resource.go:209.2,210.74 2 0
github.com/ebogdum/filemanager/internal/resources/directory/resource.go:210.74,211.36 1 0
github.com/ebogdum/filemanager/internal/resources/directory/resource.go:211.36,213.4 1 0
github.com/ebogdum/filemanager/internal/resources/directory/resource.go:216.2,230.56 9 0
github.com/ebogdum/filemanager/internal/resources/directory/resource.go:234.110,238.33 3 0
github.com/ebogdum/filemanager/internal/resources/directory/resource.go:238.33,240.3 1 0
github.com/ebogdum/filemanager/internal/resources/directory/resource.go:242.2,243.16 2 0
github.com/ebogdum/filemanager/internal/resources/directory/resource.go:243.16,246.3 2 0
github.com/ebogdum/filemanager/internal/resources/directory/resource.go:248.2,249.16 2 0
github.com/ebogdum/filemanager/internal/resources/directory/resource.go:249.16,252.3 2 0
github.com/ebogdum/filemanager/internal/resources/directory/resource.go:254.2,254.13 1 0
github.com/ebogdum/filemanager/internal/resources/directory/resource.go:254.13,257.3 2 0
github.com/ebogdum/filemanager/internal/resources/directory/resource.go:260.2,261.16 2 0
github.com/ebogdum/filemanager/internal/resources/directory/resource.go:261.16,264.3 2 0
github.com/ebogdum/filemanager/internal/resources/directory/resource.go:266.2,266.17 1 0
github.com/ebogdum/filemanager/internal/resources/directory/resource.go:266.17,272.3 2 0
github.com/ebogdum/filemanager/internal/resources/directory/resource.go:274.2,283.56 7 0
github.com/ebogdum/filemanager/internal/resources/directory/resource.go:287.116,291.33 3 0
github.com/ebogdum/filemanager/internal/resources/directory/resource.go:291.33,293.3 1 0
github.com/ebogdum/filemanager/internal/resources/directory/resource.go:295.2,300.16 3 0
github.com/ebogdum/filemanager/internal/resources/directory/resource.go:300.16,303.3 2 0
github.com/ebogdum/filemanager/internal/resources/directory/resource.go:306.2,307.74 2 0
github.com/ebogdum/filemanager/internal/resources/directory/resource.go:307.74,308.36 1 0
github.com/ebogdum/filemanager/internal/resources/directory/resource.go:308.36,310.4 1 0
github.com/ebogdum/filemanager/internal/resources/directory/resource.go:314.2,314.85 1 0
github.com/ebogdum/filemanager/internal/resources/directory/resource.go:314.85,317.3 2 0
github.com/ebogdum/filemanager/internal/resources/directory/resource.go:319.2,328.56 7 0
github.com/ebogdum/filemanager/internal/resources/directory/resource.go:332.116,336.33 3 0
github.com/ebogdum/filemanager/internal/resources/directory/resource.go:336.33,338.3 1 0
github.com/ebogdum/filemanager/internal/resources/directory/resource.go:340.2,346.16 3 0
github.com/ebogdum/filemanager/internal/resources/directory/resource.go:346.16,349.3 2 0
github.com/ebogdum/filemanager/internal/resources/directory/resource.go:351.2,351.98 1 0
github.com/ebogdum/filemanager/internal/resources/directory/resource.go:351.98,352.36 1 0
github.com/ebogdum/filemanager/internal/resources/directory/resource.go:352.36,355.4 2 0
github.com/ebogdum/filemanager/internal/resources/directory/resource.go:358.2,360.4 1 0
github.com/ebogdum/filemanager/internal/resources/directory/resource.go:364.131,366.2 1 0
github.com/ebogdum/filemanager/internal/resources/directory/resource.go:369.105,370.49 1 0
github.com/ebogdum/filemanager/internal/resources/directory/resource.go:370.49,372.3 1 0
github.com/ebogdum/filemanager/internal/resources/directory/resource.go:373.2,373.57 1 0
github.com/ebogdum/filemanager/internal/resources/directory/resource.go:377.136,382.24 3 0
github.com/ebogdum/filemanager/internal/resources/directory/resource.go:382.24,384.3 1 0
github.com/ebogdum/filemanager/internal/resources/directory/resource.go:384.8,384.67 1 0
github.com/ebogdum/filemanager/internal/resources/directory/resource.go:384.67,387.17 2 0
github.com/ebogdum/filemanager/internal/resources/directory/resource.go:387.17,389.4 1 0
github.com/ebogdum/filemanager/internal/resources/directory/resource.go:390.3,391.15 2 0
github.com/ebogdum/filemanager/internal/resources/directory/resource.go:395.2,395.24 1 0
github.com/ebogdum/filemanager/internal/resources/directory/resource.go:395.24,397.3 1 0
github.com/ebogdum/filemanager/internal/resources/directory/resource.go:397.8,397.67 1 0
github.com/ebogdum/filemanager/internal/resources/directory/resource.go:397.67,400.17 2 0
github.com/ebogdum/filemanager/internal/resources/directory/resource.go:400.17,402.4 1 0
github.com/ebogdum/filemanager/internal/resources/directory/resource.go:403.3,404.15 2 0
github.com/ebogdum/filemanager/internal/resources/directory/resource.go:407.2,407.26 1 0
github.com/ebogdum/filemanager/internal/resources/directory/resource.go:407.26,408.60 1 0
github.com/ebogdum/filemanager/internal/resources/directory/resource.go:408.60,409.37 1 0
github.com/ebogdum/filemanager/internal/resources/directory/resource.go:409.37,411.5 1 0
github.com/ebogdum/filemanager/internal/resources/directory/resource.go:415.2,415.12 1 0
github.com/ebogdum/filemanager/internal/resources/ini_file/resource.go:37.45,41.2 1 0
github.com/ebogdum/filemanager/internal/resources/ini_file/resource.go:75.120,77.2 1 0
github.com/ebogdum/filemanager/internal/resources/ini_file/resource.go:80.114,186.2 1 0
github.com/ebogdum/filemanager/internal/resources/ini_file/resource.go:189.123,190.29 1 0
github.com/ebogdum/filemanager/internal/resources/ini_file/resource.go:190.29,192.3 1 0
github.com/ebogdum/filemanager/internal/resources/ini_file/resource.go:194.2,195.9 2 0
github.com/ebogdum/filemanager/internal/resources/ini_file/resource.go:195.9,201.3 2 0
github.com/ebogdum/filemanager/internal/resources/ini_file/resource.go:203.2,203.19 1 0
github.com/ebogdum/filemanager/internal/resources/ini_file/resource.go:207.114,211.33 3 0
github.com/ebogdum/filemanager/internal/resources/ini_file/resource.go:211.33,213.3 1 0
github.com/ebogdum/filemanager/internal/resources/ini_file/resource.go:215.2,220.16 3 0
github.com/ebogdum/filemanager/internal/resources/ini_file/resource.go:220.16,223.3 2 0
github.com/ebogdum/filemanager/internal/resources/ini_file/resource.go:225.2,226.16 2 0
github.com/ebogdum/filemanager/internal/resources/ini_file/resource.go:226.16,229.3 2 0
github.com/ebogdum/filemanager/internal/resources/ini_file/resource.go:231.2,239.115 2 0
github.com/ebogdum/filemanager/internal/resources/ini_file/resource.go:239.115,242.3 2 0
github.com/ebogdum/filemanager/internal/resources/ini_file/resource.go:244.2,247.56 3 0
github.com/ebogdum/filemanager/internal/resources/ini_file/resource.go:251.108,255.33 3 0
github.com/ebogdum/filemanager/internal/resources/ini_file/resource.go:255.33,257.3 1 0
github.com/ebogdum/filemanager/internal/resources/ini_file/resource.go:259.2,260.16 2 0
github.com/ebogdum/filemanager/internal/resources/ini_file/resource.go:260.16,263.3 2 0
github.com/ebogdum/filemanager/internal/resources/ini_file/resource.go:265.2,266.16 2 0
github.com/ebogdum/filemanager/internal/resources/ini_file/resource.go:266.16,269.3 2 0
github.com/ebogdum/filemanager/internal/resources/ini_file/resource.go:271.2,271.13 1 0
github.com/ebogdum/filemanager/internal/resources/ini_file/resource.go:271.13,274.3 2 0
github.com/ebogdum/filemanager/internal/resources/ini_file/resource.go:276.2,277.16 2 0
github.com/ebogdum/filemanager/internal/resources/ini_file/resource.go:277.16,280.3 2 0
github.com/ebogdum/filemanager/internal/resources/ini_file/resource.go:281.2,284.16 3 0
github.com/ebogdum/filemanager/internal/resources/ini_file/resource.go:284.16,287.3 2 0
github.com/ebogdum/filemanager/internal/resources/ini_file/resource.go:289.2,291.56 2 0
github.com/ebogdum/filemanager/internal/resources/ini_file/resource.go:295.114,299.33 3 0
github.com/ebogdum/filemanager/internal/resources/ini_file/resource.go:299.33,301.3 1 0
github.com/ebogdum/filemanager/internal/resources/ini_file/resource.go:303.2,308.16 3 0
github.com/ebogdum/filemanager/internal/resources/ini_file/resource.go:308.16,311.3 2 0
github.com/ebogdum/filemanager/internal/resources/ini_file/resource.go:313.2,314.16 2 0
github.com/ebogdum/filemanager/internal/resources/ini_file/resource.go:314.16,317.3 2 0
github.com/ebogdum/filemanager/internal/resources/ini_file/resource.go:319.2,327.115 2 0
github.com/ebogdum/filemanager/internal/resources/ini_file/resource.go:327.115,330.3 2 0
github.com/ebogdum/filemanager/internal/resources/ini_file/resource.go:332.2,334.56 2 0
github.com/ebogdum/filemanager/internal/resources/ini_file/resource.go:338.114,342.33 3 0
github.com/ebogdum/filemanager/internal/resources/ini_file/resource.go:342.33,344.3 1 0
github.com/ebogdum/filemanager/internal/resources/ini_file/resource.go:346.2,347.16 2 0
github.com/ebogdum/filemanager/internal/resources/ini_file/resource.go:347.16,350.3 2 0
github.com/ebogdum/filemanager/internal/resources/ini_file/resource.go:352.2,352.69 1 0
github.com/ebogdum/filemanager/internal/resources/ini_file/resource.go:352.69,353.36 1 0
github.com/ebogdum/filemanager/internal/resources/ini_file/resource.go:353.36,356.4 2 0
github.com/ebogdum/filemanager/internal/resources/ini_file/resource.go:361.129,363.2 1 0
github.com/ebogdum/filemanager/internal/resources/ini_file/resource.go:366.108,369.59 2 0
github.com/ebogdum/filemanager/internal/resources/ini_file/resource.go:369.59,371.51 2 0
github.com/ebogdum/filemanager/internal/resources/ini_file/resource.go:371.51,372.53 1 0
github.com/ebogdum/filemanager/internal/resources/ini_file/resource.go:372.53,375.73 2 0
github.com/ebogdum/filemanager/internal/resources/ini_file/resource.go:375.73,377.6 1 0
github.com/ebogdum/filemanager/internal/resources/ini_file/resource.go:378.5,378.42 1 0
github.com/ebogdum/filemanager/internal/resources/ini_file/resource.go:383.2,386.61 2 0
github.com/ebogdum/filemanager/internal/resources/ini_file/resource.go:386.61,389.51 3 0
github.com/ebogdum/filemanager/internal/resources/ini_file/resource.go:389.51,390.53 1 0
github.com/ebogdum/filemanager/internal/resources/ini_file/resource.go:390.53,392.73 2 0
github.com/ebogdum/filemanager/internal/resources/ini_file/resource.go:392.73,394.6 1 0
github.com/ebogdum/filemanager/internal/resources/ini_file/resource.go:395.5,395.40 1 0
github.com/ebogdum/filemanager/internal/resources/ini_file/resource.go:399.3,402.17 4 0
github.com/ebogdum/filemanager/internal/resources/ini_file/resource.go:402.17,404.4 1 0
github.com/ebogdum/filemanager/internal/resources/ini_file/resource.go:408.2,413.42 2 0
github.com/ebogdum/filemanager/internal/resources/ini_file/resource.go:417.103,418.49 1 0
github.com/ebogdum/filemanager/internal/resources/ini_file/resource.go:418.49,420.3 1 0
github.com/ebogdum/filemanager/internal/resources/ini_file/resource.go:421.2,421.57 1 0
github.com/ebogdum/filemanager/internal/resources/ini_file/resource.go:425.92,440.2 10 0
github.com/ebogdum/filemanager/internal/resources/ini_file/resource.go:443.51,444.13 1 0
github.com/ebogdum/filemanager/internal/resources/ini_file/resource.go:444.13,447.3 2 0
github.com/ebogdum/filemanager/internal/resources/ini_file/resource.go:449.2,450.26 2 0
github.com/ebogdum/filemanager/internal/resources/hcl_file/resource.go:37.45,41.2 1 0
github.com/ebogdum/filemanager/internal/resources/hcl_file/resource.go:75.120,77.2 1 0
github.com/ebogdum/filemanager/internal/resources/hcl_file/resource.go:80.114,193.2 1 0
github.com/ebogdum/filemanager/internal/resources/hcl_file/resource.go:196.123,197.29 1 0
github.com/ebogdum/filemanager/internal/resources/hcl_file/resource.go:197.29,199.3 1 0
github.com/ebogdum/filemanager/internal/resources/hcl_file/resource.go:201.2,202.9 2 0
github.com/ebogdum/filemanager/internal/resources/hcl_file/resource.go:202.9,208.3 2 0
github.com/ebogdum/filemanager/internal/resources/hcl_file/resource.go:210.2,210.19 1 0
github.com/ebogdum/filemanager/internal/resources/hcl_file/resource.go:214.114,218.33 3 0
github.com/ebogdum/filemanager/internal/resources/hcl_file/resource.go:218.33,220.3 1 0
github.com/ebogdum/filemanager/internal/resources/hcl_file/resource.go:222.2,228.16 3 0
github.com/ebogdum/filemanager/internal/resources/hcl_file/resource.go:228.16,231.3 2 0
github.com/ebogdum/filemanager/internal/resources/hcl_file/resource.go:234.2,235.16 2 0
github.com/ebogdum/filemanager/internal/resources/hcl_file/resource.go:235.16,238.3 2 0
github.com/ebogdum/filemanager/internal/resources/hcl_file/resource.go:241.2,249.115 2 0
github.com/ebogdum/filemanager/internal/resources/hcl_file/resource.go:249.115,252.3 2 0
github.com/ebogdum/filemanager/internal/resources/hcl_file/resource.go:255.2,258.56 3 0
github.com/ebogdum/filemanager/internal/resources/hcl_file/resource.go:262.108,266.33 3 0
github.com/ebogdum/filemanager/internal/resources/hcl_file/resource.go:266.33,268.3 1 0
github.com/ebogdum/filemanager/internal/resources/hcl_file/resource.go:270.2,271.16 2 0
github.com/ebogdum/filemanager/internal/resources/hcl_file/resource.go:271.16,274.3 2 0
github.com/ebogdum/filemanager/internal/resources/hcl_file/resource.go:276.2,277.16 2 0
github.com/ebogdum/filemanager/internal/resources/hcl_file/resource.go:277.16,280.3 2 0
github.com/ebogdum/filemanager/internal/resources/hcl_file/resource.go:282.2,282.13 1 0
github.com/ebogdum/filemanager/internal/resources/hcl_file/resource.go:282.13,285.3 2 0
github.com/ebogdum/filemanager/internal/resources/hcl_file/resource.go:287.2,288.16 2 0
github.com/ebogdum/filemanager/internal/resources/hcl_file/resource.go:288.16,291.3 2 0
github.com/ebogdum/filemanager/internal/resources/hcl_file/resource.go:292.2,295.16 3 0
github.com/ebogdum/filemanager/internal/resources/hcl_file/resource.go:295.16,298.3 2 0
github.com/ebogdum/filemanager/internal/resources/hcl_file/resource.go:300.2,302.56 2 0
github.com/ebogdum/filemanager/internal/resources/hcl_file/resource.go:306.114,310.33 3 0
github.com/ebogdum/filemanager/internal/resources/hcl_file/resource.go:310.33,312.3 1 0
github.com/ebogdum/filemanager/internal/resources/hcl_file/resource.go:314.2,319.16 3 0
github.com/ebogdum/filemanager/internal/resources/hcl_file/resource.go:319.16,322.3 2 0
github.com/ebogdum/filemanager/internal/resources/hcl_file/resource.go:324.2,325.16 2 0
github.com/ebogdum/filemanager/internal/resources/hcl_file/resource.go:325.16,328.3 2 0
github.com/ebogdum/filemanager/internal/resources/hcl_file/resource.go:330.2,338.115 2 0
github.com/ebogdum/filemanager/internal/resources/hcl_file/resource.go:338.115,341.3 2 0
github.com/ebogdum/filemanager/internal/resources/hcl_file/resource.go:343.2,345.56 2 0
github.com/ebogdum/filemanager/internal/resources/hcl_file/resource.go:349.114,353.33 3 0
github.com/ebogdum/filemanager/internal/resources/hcl_file/resource.go:353.33,355.3 1 0
github.com/ebogdum/filemanager/internal/resources/hcl_file/resource.go:357.2,358.16 2 0
github.com/ebogdum/filemanager/internal/resources/hcl_file/resource.go:358.16,361.3 2 0
github.com/ebogdum/filemanager/internal/resources/hcl_file/resource.go:363.2,363.69 1 0
github.com/ebogdum/filemanager/internal/resources/hcl_file/resource.go:363.69,364.36 1 0
github.com/ebogdum/filemanager/internal/resources/hcl_file/resource.go:364.36,367.4 2 0
github.com/ebogdum/filemanager/internal/resources/hcl_file/resource.go:372.129,374.2 1 0
github.com/ebogdum/filemanager/internal/resources/hcl_file/resource.go:377.108,380.85 2 0
github.com/ebogdum/filemanager/internal/resources/hcl_file/resource.go:380.85,382.3 1 0
github.com/ebogdum/filemanager/internal/resources/hcl_file/resource.go:385.2,385.99 1 0
github.com/ebogdum/filemanager/internal/resources/hcl_file/resource.go:385.99,387.90 2 0
github.com/ebogdum/filemanager/internal/resources/hcl_file/resource.go:387.90,389.4 1 0
github.com/ebogdum/filemanager/internal/resources/hcl_file/resource.go:391.3,394.17 4 0
github.com/ebogdum/filemanager/internal/resources/hcl_file/resource.go:394.17,396.4 1 0
github.com/ebogdum/filemanager/internal/resources/hcl_file/resource.go:400.2,405.42 2 0
github.com/ebogdum/filemanager/internal/resources/hcl_file/resource.go:409.103,410.49 1 0
github.com/ebogdum/filemanager/internal/resources/hcl_file/resource.go:410.49,412.3 1 0
github.com/ebogdum/filemanager/internal/resources/hcl_file/resource.go:413.2,413.57 1 0
github.com/ebogdum/filemanager/internal/resources/hcl_file/resource.go:417.92,432.2 10 0
github.com/ebogdum/filemanager/internal/resources/s3_service/resource.go:31.47,33.2 1 0
github.com/ebogdum/filemanager/internal/resources/s3_service/resource.go:60.122,62.2 1 0
github.com/ebogdum/filemanager/internal/resources/s3_service/resource.go:65.116,131.2 1 0
github.com/ebogdum/filemanager/internal/resources/s3_service/resource.go:134.125,135.29 1 0
github.com/ebogdum/filemanager/internal/resources/s3_service/resource.go:135.29,137.3 1 0
github.com/ebogdum/filemanager/internal/resources/s3_service/resource.go:139.2,140.9 2 0
github.com/ebogdum/filemanager/internal/resources/s3_service/resource.go:140.9,146.3 2 0
github.com/ebogdum/filemanager/internal/resources/s3_service/resource.go:148.2,148.19 1 0
github.com/ebogdum/filemanager/internal/resources/s3_service/resource.go:152.116,156.33 3 0
github.com/ebogdum/filemanager/internal/resources/s3_service/resource.go:156.33,158.3 1 0
github.com/ebogdum/filemanager/internal/resources/s3_service/resource.go:160.2,170.16 3 0
github.com/ebogdum/filemanager/internal/resources/s3_service/resource.go:170.16,173.3 2 0
github.com/ebogdum/filemanager/internal/resources/s3_service/resource.go:175.2,179.16 2 0
github.com/ebogdum/filemanager/internal/resources/s3_service/resource.go:179.16,182.3 2 0
github.com/ebogdum/filemanager/internal/resources/s3_service/resource.go:185.2,198.60 3 0
github.com/ebogdum/filemanager/internal/resources/s3_service/resource.go:198.60,201.3 2 0
github.com/ebogdum/filemanager/internal/resources/s3_service/resource.go:204.2,207.80 2 0
github.com/ebogdum/filemanager/internal/resources/s3_service/resource.go:207.80,210.3 2 0
github.com/ebogdum/filemanager/internal/resources/s3_service/resource.go:213.2,221.56 5 0
github.com/ebogdum/filemanager/internal/resources/s3_service/resource.go:225.110,229.33 3 0
github.com/ebogdum/filemanager/internal/resources/s3_service/resource.go:229.33,231.3 1 0
github.com/ebogdum/filemanager/internal/resources/s3_service/resource.go:234.2,236.16 3 0
github.com/ebogdum/filemanager/internal/resources/s3_service/resource.go:236.16,239.3 1 0
github.com/ebogdum/filemanager/internal/resources/s3_service/resource.go:239.8,241.43 1 0
github.com/ebogdum/filemanager/internal/resources/s3_service/resource.go:241.43,243.4 1 0
github.com/ebogdum/filemanager/internal/resources/s3_service/resource.go:243.9,245.4 1 0
github.com/ebogdum/filemanager/internal/resources/s3_service/resource.go:248.2,248.56 1 0
github.com/ebogdum/filemanager/internal/resources/s3_service/resource.go:252.116,256.33 3 0
github.com/ebogdum/filemanager/internal/resources/s3_service/resource.go:256.33,258.3 1 0
github.com/ebogdum/filemanager/internal/resources/s3_service/resource.go:260.2,269.16 3 0
github.com/ebogdum/filemanager/internal/resources/s3_service/resource.go:269.16,272.3 2 0
github.com/ebogdum/filemanager/internal/resources/s3_service/resource.go:274.2,278.16 2 0
github.com/ebogdum/filemanager/internal/resources/s3_service/resource.go:278.16,281.3 2 0
github.com/ebogdum/filemanager/internal/resources/s3_service/resource.go:284.2,297.60 3 0
github.com/ebogdum/filemanager/internal/resources/s3_service/resource.go:297.60,300.3 2 0
github.com/ebogdum/filemanager/internal/resources/s3_service/resource.go:303.2,305.80 3 0
github.com/ebogdum/filemanager/internal/resources/s3_service/resource.go:305.80,308.3 2 0
github.com/ebogdum/filemanager/internal/resources/s3_service/resource.go:310.2,312.56 2 0
github.com/ebogdum/filemanager/internal/resources/s3_service/resource.go:316.116,320.33 3 0
github.com/ebogdum/filemanager/internal/resources/s3_service/resource.go:320.33,322.3 1 0
github.com/ebogdum/filemanager/internal/resources/s3_service/resource.go:324.2,332.16 4 0
github.com/ebogdum/filemanager/internal/resources/s3_service/resource.go:332.16,334.3 1 0
github.com/ebogdum/filemanager/internal/resources/s3_service/resource.go:337.2,341.4 2 0
github.com/ebogdum/filemanager/internal/resources/s3_service/resource.go:345.131,347.2 1 0
github.com/ebogdum/filemanager/internal/resources/json_file/resource.go:38.46,42.2 1 0
github.com/ebogdum/filemanager/internal/resources/json_file/resource.go:78.121,80.2 1 0
github.com/ebogdum/filemanager/internal/resources/json_file/resource.go:83.115,199.2 1 0
github.com/ebogdum/filemanager/internal/resources/json_file/resource.go:202.124,203.29 1 0
github.com/ebogdum/filemanager/internal/resources/json_file/resource.go:203.29,205.3 1 0
github.com/ebogdum/filemanager/internal/resources/json_file/resource.go:207.2,208.9 2 0
github.com/ebogdum/filemanager/internal/resources/json_file/resource.go:208.9,214.3 2 0
github.com/ebogdum/filemanager/internal/resources/json_file/resource.go:216.2,216.19 1 0
github.com/ebogdum/filemanager/internal/resources/json_file/resource.go:220.115,224.33 3 0
github.com/ebogdum/filemanager/internal/resources/json_file/resource.go:224.33,226.3 1 0
github.com/ebogdum/filemanager/internal/resources/json_file/resource.go:228.2,234.16 3 0
github.com/ebogdum/filemanager/internal/resources/json_file/resource.go:234.16,237.3 2 0
github.com/ebogdum/filemanager/internal/resources/json_file/resource.go:240.2,241.16 2 0
github.com/ebogdum/filemanager/internal/resources/json_file/resource.go:241.16,244.3 2 0
github.com/ebogdum/filemanager/internal/resources/json_file/resource.go:247.2,255.115 2 0
github.com/ebogdum/filemanager/internal/resources/json_file/resource.go:255.115,258.3 2 0
github.com/ebogdum/filemanager/internal/resources/json_file/resource.go:261.2,264.56 3 0
github.com/ebogdum/filemanager/internal/resources/json_file/resource.go:268.109,272.33 3 0
github.com/ebogdum/filemanager/internal/resources/json_file/resource.go:272.33,274.3 1 0
github.com/ebogdum/filemanager/internal/resources/json_file/resource.go:276.2,277.16 2 0
github.com/ebogdum/filemanager/internal/resources/json_file/resource.go:277.16,280.3 2 0
github.com/ebogdum/filemanager/internal/resources/json_file/resource.go:282.2,283.16 2 0
github.com/ebogdum/filemanager/internal/resources/json_file/resource.go:283.16,286.3 2 0
github.com/ebogdum/filemanager/internal/resources/json_file/resource.go:288.2,288.13 1 0
github.com/ebogdum/filemanager/internal/resources/json_file/resource.go:288.13,291.3 2 0
github.com/ebogdum/filemanager/internal/resources/json_file/resource.go:293.2,294.16 2 0
github.com/ebogdum/filemanager/internal/resources/json_file/resource.go:294.16,297.3 2 0
github.com/ebogdum/filemanager/internal/resources/json_file/resource.go:298.2,301.16 3 0
github.com/ebogdum/filemanager/internal/resources/json_file/resource.go:301.16,304.3 2 0
github.com/ebogdum/filemanager/internal/resources/json_file/resource.go:306.2,308.56 2 0
github.com/ebogdum/filemanager/internal/resources/json_file/resource.go:312.115,316.33 3 0
github.com/ebogdum/filemanager/internal/resources/json_file/resource.go:316.33,318.3 1 0
github.com/ebogdum/filemanager/internal/resources/json_file/resource.go:320.2,325.16 3 0
github.com/ebogdum/filemanager/internal/resources/json_file/resource.go:325.16,328.3 2 0
github.com/ebogdum/filemanager/internal/resources/json_file/resource.go:330.2,331.16 2 0
github.com/ebogdum/filemanager/internal/resources/json_file/resource.go:331.16,334.3 2 0
github.com/ebogdum/filemanager/internal/resources/json_file/resource.go:336.2,344.115 2 0
github.com/ebogdum/filemanager/internal/resources/json_file/resource.go:344.115,347.3 2 0
github.com/ebogdum/filemanager/internal/resources/json_file/resource.go:349.2,351.56 2 0
github.com/ebogdum/filemanager/internal/resources/json_file/resource.go:355.115,359.33 3 0
github.com/ebogdum/filemanager/internal/resources/json_file/resource.go:359.33,361.3 1 0
github.com/ebogdum/filemanager/internal/resources/json_file/resource.go:363.2,364.16 2 0
github.com/ebogdum/filemanager/internal/resources/json_file/resource.go:364.16,367.3 2 0
github.com/ebogdum/filemanager/internal/resources/json_file/resource.go:369.2,369.69 1 0
github.com/ebogdum/filemanager/internal/resources/json_file/resource.go:369.69,370.36 1 0
github.com/ebogdum/filemanager/internal/resources/json_file/resource.go:370.36,373.4 2 0
github.com/ebogdum/filemanager/internal/resources/json_file/resource.go:378.130,380.2 1 0
github.com/ebogdum/filemanager/internal/resources/json_file/resource.go:383.110,386.85 2 0
github.com/ebogdum/filemanager/internal/resources/json_file/resource.go:386.85,388.3 1 0
github.com/ebogdum/filemanager/internal/resources/json_file/resource.go:391.2,391.99 1 0
github.com/ebogdum/filemanager/internal/resources/json_file/resource.go:391.99,393.90 2 0
github.com/ebogdum/filemanager/internal/resources/json_file/resource.go:393.90,395.4 1 0
github.com/ebogdum/filemanager/internal/resources/json_file/resource.go:397.3,400.17 4 0
github.com/ebogdum/filemanager/internal/resources/json_file/resource.go:400.17,402.4 1 0
github.com/ebogdum/filemanager/internal/resources/json_file/resource.go:406.2,413.42 2 0
github.com/ebogdum/filemanager/internal/resources/json_file/resource.go:417.104,418.49 1 0
github.com/ebogdum/filemanager/internal/resources/json_file/resource.go:418.49,420.3 1 0
github.com/ebogdum/filemanager/internal/resources/json_file/resource.go:421.2,421.57 1 0
github.com/ebogdum/filemanager/internal/resources/json_file/resource.go:425.94,440.2 10 0
github.com/ebogdum/filemanager/internal/resources/ssh_service/resource.go:33.48,35.2 1 0
github.com/ebogdum/filemanager/internal/resources/ssh_service/resource.go:67.123,69.2 1 0
github.com/ebogdum/filemanager/internal/resources/ssh_service/resource.go:72.117,160.2 1 0
github.com/ebogdum/filemanager/internal/resources/ssh_service/resource.go:163.126,164.29 1 0
github.com/ebogdum/filemanager/internal/resources/ssh_service/resource.go:164.29,166.3 1 0
github.com/ebogdum/filemanager/internal/resources/ssh_service/resource.go:168.2,169.9 2 0
github.com/ebogdum/filemanager/internal/resources/ssh_service/resource.go:169.9,175.3 2 0
github.com/ebogdum/filemanager/internal/resources/ssh_service/resource.go:177.2,177.19 1 0
github.com/ebogdum/filemanager/internal/resources/ssh_service/resource.go:181.117,185.33 3 0
github.com/ebogdum/filemanager/internal/resources/ssh_service/resource.go:185.33,187.3 1 0
github.com/ebogdum/filemanager/internal/resources/ssh_service/resource.go:189.2,202.16 5 0
github.com/ebogdum/filemanager/internal/resources/ssh_service/resource.go:202.16,205.3 2 0
github.com/ebogdum/filemanager/internal/resources/ssh_service/resource.go:207.2,211.16 2 0
github.com/ebogdum/filemanager/internal/resources/ssh_service/resource.go:211.16,214.3 2 0
github.com/ebogdum/filemanager/internal/resources/ssh_service/resource.go:216.2,220.16 2 0
github.com/ebogdum/filemanager/internal/resources/ssh_service/resource.go:220.16,223.3 2 0
github.com/ebogdum/filemanager/internal/resources/ssh_service/resource.go:226.2,227.16 2 0
github.com/ebogdum/filemanager/internal/resources/ssh_service/resource.go:227.16,229.3 1 0
github.com/ebogdum/filemanager/internal/resources/ssh_service/resource.go:232.2,248.60 3 0
github.com/ebogdum/filemanager/internal/resources/ssh_service/resource.go:248.60,251.3 2 0
github.com/ebogdum/filemanager/internal/resources/ssh_service/resource.go:254.2,258.80 3 0
github.com/ebogdum/filemanager/internal/resources/ssh_service/resource.go:258.80,261.3 2 0
github.com/ebogdum/filemanager/internal/resources/ssh_service/resource.go:264.2,273.56 6 0
github.com/ebogdum/filemanager/internal/resources/ssh_service/resource.go:277.111,281.33 3 0
github.com/ebogdum/filemanager/internal/resources/ssh_service/resource.go:281.33,283.3 1 0
github.com/ebogdum/filemanager/internal/resources/ssh_service/resource.go:285.2,287.16 3 0
github.com/ebogdum/filemanager/internal/resources/ssh_service/resource.go:287.16,289.3 1 0
github.com/ebogdum/filemanager/internal/resources/ssh_service/resource.go:289.8,290.43 1 0
github.com/ebogdum/filemanager/internal/resources/ssh_service/resource.go:290.43,292.4 1 0
github.com/ebogdum/filemanager/internal/resources/ssh_service/resource.go:292.9,294.4 1 0
github.com/ebogdum/filemanager/internal/resources/ssh_service/resource.go:297.2,297.56 1 0
github.com/ebogdum/filemanager/internal/resources/ssh_service/resource.go:301.117,305.33 3 0
github.com/ebogdum/filemanager/internal/resources/ssh_service/resource.go:305.33,307.3 1 0
github.com/ebogdum/filemanager/internal/resources/ssh_service/resource.go:309.2,316.16 4 0
github.com/ebogdum/filemanager/internal/resources/ssh_service/resource.go:316.16,319.3 2 0
github.com/ebogdum/filemanager/internal/resources/ssh_service/resource.go:321.2,325.16 2 0
github.com/ebogdum/filemanager/internal/resources/ssh_service/resource.go:325.16,328.3 2 0
github.com/ebogdum/filemanager/internal/resources/ssh_service/resource.go:330.2,334.16 2 0
github.com/ebogdum/filemanager/internal/resources/ssh_service/resource.go:334.16,337.3 2 0
github.com/ebogdum/filemanager/internal/resources/ssh_service/resource.go:339.2,340.16 2 0
github.com/ebogdum/filemanager/internal/resources/ssh_service/resource.go:340.16,342.3 1 0
github.com/ebogdum/filemanager/internal/resources/ssh_service/resource.go:344.2,360.60 3 0
github.com/ebogdum/filemanager/internal/resources/ssh_service/resource.go:360.60,363.3 2 0
github.com/ebogdum/filemanager/internal/resources/ssh_service/resource.go:365.2,370.19 4 0
github.com/ebogdum/filemanager/internal/resources/ssh_service/resource.go:370.19,372.3 1 0
github.com/ebogdum/filemanager/internal/resources/ssh_service/resource.go:374.2,375.80 2 0
github.com/ebogdum/filemanager/internal/resources/ssh_service/resource.go:375.80,378.3 2 0
github.com/ebogdum/filemanager/internal/resources/ssh_service/resource.go:380.2,382.56 3 0
github.com/ebogdum/filemanager/internal/resources/ssh_service/resource.go:386.117,390.33 3 0
github.com/ebogdum/filemanager/internal/resources/ssh_service/resource.go:390.33,392.3 1 0
github.com/ebogdum/filemanager/internal/resources/ssh_service/resource.go:394.2,396.16 3 0
github.com/ebogdum/filemanager/internal/resources/ssh_service/resource.go:396.16,398.3 1 0
github.com/ebogdum/filemanager/internal/resources/ssh_service/resource.go:399.2,403.4 2 0
github.com/ebogdum/filemanager/internal/resources/ssh_service/resource.go:407.132,409.2 1 0
github.com/ebogdum/filemanager/internal/resources/sensitive_file/resource.go:40.51,42.2 1 0
github.com/ebogdum/filemanager/internal/resources/sensitive_file/resource.go:75.126,77.2 1 0
github.com/ebogdum/filemanager/internal/resources/sensitive_file/resource.go:80.120,195.2 1 0
github.com/ebogdum/filemanager/internal/resources/sensitive_file/resource.go:198.129,199.29 1 0
github.com/ebogdum/filemanager/internal/resources/sensitive_file/resource.go:199.29,201.3 1 0
github.com/ebogdum/filemanager/internal/resources/sensitive_file/resource.go:203.2,204.9 2 0
github.com/ebogdum/filemanager/internal/resources/sensitive_file/resource.go:204.9,210.3 2 0
github.com/ebogdum/filemanager/internal/resources/sensitive_file/resource.go:212.2,212.19 1 0
github.com/ebogdum/filemanager/internal/resources/sensitive_file/resource.go:216.120,220.33 3 0
github.com/ebogdum/filemanager/internal/resources/sensitive_file/resource.go:220.33,222.3 1 0
github.com/ebogdum/filemanager/internal/resources/sensitive_file/resource.go:225.2,231.16 3 0
github.com/ebogdum/filemanager/internal/resources/sensitive_file/resource.go:231.16,234.3 2 0
github.com/ebogdum/filemanager/internal/resources/sensitive_file/resource.go:237.2,238.16 2 0
github.com/ebogdum/filemanager/internal/resources/sensitive_file/resource.go:238.16,241.3 2 0
github.com/ebogdum/filemanager/internal/resources/sensitive_file/resource.go:244.2,252.115 2 0
github.com/ebogdum/filemanager/internal/resources/sensitive_file/resource.go:252.115,255.3 2 0
github.com/ebogdum/filemanager/internal/resources/sensitive_file/resource.go:258.2,261.56 3 0
github.com/ebogdum/filemanager/internal/resources/sensitive_file/resource.go:265.114,269.33 3 0
github.com/ebogdum/filemanager/internal/resources/sensitive_file/resource.go:269.33,271.3 1 0
github.com/ebogdum/filemanager/internal/resources/sensitive_file/resource.go:273.2,274.16 2 0
github.com/ebogdum/filemanager/internal/resources/sensitive_file/resource.go:274.16,277.3 2 0
github.com/ebogdum/filemanager/internal/resources/sensitive_file/resource.go:279.2,280.16 2 0
github.com/ebogdum/filemanager/internal/resources/sensitive_file/resource.go:280.16,283.3 2 0
github.com/ebogdum/filemanager/internal/resources/sensitive_file/resource.go:285.2,285.13 1 0
github.com/ebogdum/filemanager/internal/resources/sensitive_file/resource.go:285.13,288.3 2 0
github.com/ebogdum/filemanager/internal/resources/sensitive_file/resource.go:290.2,291.16 2 0
github.com/ebogdum/filemanager/internal/resources/sensitive_file/resource.go:291.16,294.3 2 0
github.com/ebogdum/filemanager/internal/resources/sensitive_file/resource.go:295.2,298.16 3 0
github.com/ebogdum/filemanager/internal/resources/sensitive_file/resource.go:298.16,301.3 2 0
github.com/ebogdum/filemanager/internal/resources/sensitive_file/resource.go:303.2,305.56 2 0
github.com/ebogdum/filemanager/internal/resources/sensitive_file/resource.go:309.120,313.33 3 0
github.com/ebogdum/filemanager/internal/resources/sensitive_file/resource.go:313.33,315.3 1 0
github.com/ebogdum/filemanager/internal/resources/sensitive_file/resource.go:317.2,322.16 3 0
github.com/ebogdum/filemanager/internal/resources/sensitive_file/resource.go:322.16,325.3 2 0
github.com/ebogdum/filemanager/internal/resources/sensitive_file/resource.go:327.2,328.16 2 0
github.com/ebogdum/filemanager/internal/resources/sensitive_file/resource.go:328.16,331.3 2 0
github.com/ebogdum/filemanager/internal/resources/sensitive_file/resource.go:333.2,341.115 2 0
github.com/ebogdum/filemanager/internal/resources/sensitive_file/resource.go:341.115,344.3 2 0
github.com/ebogdum/filemanager/internal/resources/sensitive_file/resource.go:346.2,348.56 2 0
github.com/ebogdum/filemanager/internal/resources/sensitive_file/resource.go:352.120,356.33 3 0
github.com/ebogdum/filemanager/internal/resources/sensitive_file/resource.go:356.33,358.3 1 0
github.com/ebogdum/filemanager/internal/resources/sensitive_file/resource.go:360.2,361.16 2 0
github.com/ebogdum/filemanager/internal/resources/sensitive_file/resource.go:361.16,364.3 2 0
github.com/ebogdum/filemanager/internal/resources/sensitive_file/resource.go:366.2,366.69 1 0
github.com/ebogdum/filemanager/internal/resources/sensitive_file/resource.go:366.69,367.36 1 0
github.com/ebogdum/filemanager/internal/resources/sensitive_file/resource.go:367.36,370.4 2 0
github.com/ebogdum/filemanager/internal/resources/sensitive_file/resource.go:375.135,377.2 1 0
github.com/ebogdum/filemanager/internal/resources/sensitive_file/resource.go:380.94,382.111 1 0
github.com/ebogdum/filemanager/internal/resources/sensitive_file/resource.go:382.111,384.17 2 0
github.com/ebogdum/filemanager/internal/resources/sensitive_file/resource.go:384.17,386.4 1 0
github.com/ebogdum/filemanager/internal/resources/sensitive_file/resource.go:387.3,387.22 1 0
github.com/ebogdum/filemanager/internal/resources/sensitive_file/resource.go:390.2,390.57 1 0
github.com/ebogdum/filemanager/internal/resources/sensitive_file/resource.go:390.57,394.39 2 0
github.com/ebogdum/filemanager/internal/resources/sensitive_file/resource.go:394.39,396.18 2 0
github.com/ebogdum/filemanager/internal/resources/sensitive_file/resource.go:396.18,398.5 1 0
github.com/ebogdum/filemanager/internal/resources/sensitive_file/resource.go:399.4,399.25 1 0
github.com/ebogdum/filemanager/internal/resources/sensitive_file/resource.go:402.3,402.22 1 0
github.com/ebogdum/filemanager/internal/resources/sensitive_file/resource.go:405.2,405.78 1 0
github.com/ebogdum/filemanager/internal/resources/sensitive_file/resource.go:409.110,412.56 2 0
github.com/ebogdum/filemanager/internal/resources/sensitive_file/resource.go:412.56,414.3 1 0
github.com/ebogdum/filemanager/internal/resources/sensitive_file/resource.go:417.2,417.31 1 0
github.com/ebogdum/filemanager/internal/resources/sensitive_file/resource.go:417.31,419.3 1 0
github.com/ebogdum/filemanager/internal/resources/sensitive_file/resource.go:422.2,427.17 5 0
github.com/ebogdum/filemanager/internal/resources/sensitive_file/resource.go:427.17,429.3 1 0
github.com/ebogdum/filemanager/internal/resources/sensitive_file/resource.go:430.2,432.46 2 0
github.com/ebogdum/filemanager/internal/resources/sensitive_file/resource.go:432.46,434.3 1 0
github.com/ebogdum/filemanager/internal/resources/sensitive_file/resource.go:436.2,436.25 1 0
github.com/ebogdum/filemanager/internal/resources/sensitive_file/resource.go:440.26,441.25 1 0
github.com/ebogdum/filemanager/internal/resources/sensitive_file/resource.go:442.22,445.22 3 0
github.com/ebogdum/filemanager/internal/resources/sensitive_file/resource.go:445.22,447.4 1 0
github.com/ebogdum/filemanager/internal/resources/sensitive_file/resource.go:448.3,449.26 2 0
github.com/ebogdum/filemanager/internal/resources/sensitive_file/resource.go:449.26,451.4 1 0
github.com/ebogdum/filemanager/internal/resources/sensitive_file/resource.go:452.3,452.16 1 0
github.com/ebogdum/filemanager/internal/resources/sensitive_file/resource.go:453.13,455.28 2 0
github.com/ebogdum/filemanager/internal/resources/sensitive_file/resource.go:455.28,457.4 1 0
github.com/ebogdum/filemanager/internal/resources/sensitive_file/resource.go:458.3,458.16 1 0
github.com/ebogdum/filemanager/internal/resources/sensitive_file/resource.go:459.10,460.11 1 0
github.com/ebogdum/filemanager/internal/resources/sensitive_file/resource.go:465.109,466.49 1 0
github.com/ebogdum/filemanager/internal/resources/sensitive_file/resource.go:466.49,468.3 1 0
github.com/ebogdum/filemanager/internal/resources/sensitive_file/resource.go:469.2,469.57 1 0
github.com/ebogdum/filemanager/internal/resources/sensitive_file/resource.go:473.104,487.2 9 0
github.com/ebogdum/filemanager/internal/resources/sync/resource.go:36.42,38.2 1 0
github.com/ebogdum/filemanager/internal/resources/sync/resource.go:69.117,71.2 1 0
github.com/ebogdum/filemanager/internal/resources/sync/resource.go:74.111,175.2 1 0
github.com/ebogdum/filemanager/internal/resources/sync/resource.go:178.120,179.29 1 0
github.com/ebogdum/filemanager/internal/resources/sync/resource.go:179.29,181.3 1 0
github.com/ebogdum/filemanager/internal/resources/sync/resource.go:183.2,184.9 2 0
github.com/ebogdum/filemanager/internal/resources/sync/resource.go:184.9,190.3 2 0
github.com/ebogdum/filemanager/internal/resources/sync/resource.go:192.2,192.19 1 0
github.com/ebogdum/filemanager/internal/resources/sync/resource.go:196.111,200.33 3 0
github.com/ebogdum/filemanager/internal/resources/sync/resource.go:200.33,202.3 1 0
github.com/ebogdum/filemanager/internal/resources/sync/resource.go:204.2,210.16 3 0
github.com/ebogdum/filemanager/internal/resources/sync/resource.go:210.16,213.3 2 0
github.com/ebogdum/filemanager/internal/resources/sync/resource.go:215.2,220.56 3 0
github.com/ebogdum/filemanager/internal/resources/sync/resource.go:224.105,228.33 3 0
github.com/ebogdum/filemanager/internal/resources/sync/resource.go:228.33,230.3 1 0
github.com/ebogdum/filemanager/internal/resources/sync/resource.go:233.2,234.16 2 0
github.com/ebogdum/filemanager/internal/resources/sync/resource.go:234.16,237.3 2 0
github.com/ebogdum/filemanager/internal/resources/sync/resource.go:239.2,240.16 2 0
github.com/ebogdum/filemanager/internal/resources/sync/resource.go:240.16,243.3 2 0
github.com/ebogdum/filemanager/internal/resources/sync/resource.go:245.2,245.13 1 0
github.com/ebogdum/filemanager/internal/resources/sync/resource.go:245.13,248.3 2 0
github.com/ebogdum/filemanager/internal/resources/sync/resource.go:250.2,250.56 1 0
github.com/ebogdum/filemanager/internal/resources/sync/resource.go:254.111,258.33 3 0
github.com/ebogdum/filemanager/internal/resources/sync/resource.go:258.33,260.3 1 0
github.com/ebogdum/filemanager/internal/resources/sync/resource.go:262.2,268.16 3 0
github.com/ebogdum/filemanager/internal/resources/sync/resource.go:268.16,271.3 2 0
github.com/ebogdum/filemanager/internal/resources/sync/resource.go:273.2,275.56 2 0
github.com/ebogdum/filemanager/internal/resources/sync/resource.go:279.111,283.33 3 0
github.com/ebogdum/filemanager/internal/resources/sync/resource.go:283.33,285.3 1 0
github.com/ebogdum/filemanager/internal/resources/sync/resource.go:288.2,289.16 2 0
github.com/ebogdum/filemanager/internal/resources/sync/resource.go:289.16,292.3 2 0
github.com/ebogdum/filemanager/internal/resources/sync/resource.go:295.2,295.80 1 0
github.com/ebogdum/filemanager/internal/resources/sync/resource.go:295.80,296.36 1 0
github.com/ebogdum/filemanager/internal/resources/sync/resource.go:296.36,299.4 2 0
github.com/ebogdum/filemanager/internal/resources/sync/resource.go:304.126,306.2 1 0
github.com/ebogdum/filemanager/internal/resources/sync/resource.go:318.103,320.16 2 0
github.com/ebogdum/filemanager/internal/resources/sync/resource.go:320.16,322.3 1 0
github.com/ebogdum/filemanager/internal/resources/sync/resource.go:324.2,325.16 2 0
github.com/ebogdum/filemanager/internal/resources/sync/resource.go:325.16,327.3 1 0
github.com/ebogdum/filemanager/internal/resources/sync/resource.go:330.2,338.16 6 0
github.com/ebogdum/filemanager/internal/resources/sync/resource.go:338.16,340.3 1 0
github.com/ebogdum/filemanager/internal/resources/sync/resource.go:343.2,344.49 2 0
github.com/ebogdum/filemanager/internal/resources/sync/resource.go:344.49,346.3 1 0
github.com/ebogdum/filemanager/internal/resources/sync/resource.go:349.2,350.29 2 0
github.com/ebogdum/filemanager/internal/resources/sync/resource.go:350.29,351.15 1 0
github.com/ebogdum/filemanager/internal/resources/sync/resource.go:351.15,353.4 1 0
github.com/ebogdum/filemanager/internal/resources/sync/resource.go:357.2,357.35 1 0
github.com/ebogdum/filemanager/internal/resources/sync/resource.go:357.35,358.20 1 0
github.com/ebogdum/filemanager/internal/resources/sync/resource.go:358.20,359.12 1 0
github.com/ebogdum/filemanager/internal/resources/sync/resource.go:363.3,363.58 1 0
github.com/ebogdum/filemanager/internal/resources/sync/resource.go:363.58,365.12 2 0
github.com/ebogdum/filemanager/internal/resources/sync/resource.go:368.3,372.13 3 0
github.com/ebogdum/filemanager/internal/resources/sync/resource.go:372.13,374.4 1 0
github.com/ebogdum/filemanager/internal/resources/sync/resource.go:376.3,376.20 1 0
github.com/ebogdum/filemanager/internal/resources/sync/resource.go:376.20,381.18 4 0
github.com/ebogdum/filemanager/internal/resources/sync/resource.go:381.18,383.5 1 0
github.com/ebogdum/filemanager/internal/resources/sync/resource.go:385.4,386.29 2 0
github.com/ebogdum/filemanager/internal/resources/sync/resource.go:387.9,389.4 1 0
github.com/ebogdum/filemanager/internal/resources/sync/resource.go:392.3,392.31 1 0
github.com/ebogdum/filemanager/internal/resources/sync/resource.go:396.2,396.36 1 0
github.com/ebogdum/filemanager/internal/resources/sync/resource.go:396.36,397.28 1 0
github.com/ebogdum/filemanager/internal/resources/sync/resource.go:397.28,399.58 2 0
github.com/ebogdum/filemanager/internal/resources/sync/resource.go:399.58,405.5 1 0
github.com/ebogdum/filemanager/internal/resources/sync/resource.go:405.10,407.5 1 0
github.com/ebogdum/filemanager/internal/resources/sync/resource.go:411.2,412.20 2 0
github.com/ebogdum/filemanager/internal/resources/sync/resource.go:416.80,417.14 1 0
github.com/ebogdum/filemanager/internal/resources/sync/resource.go:418.18,419.34 1 0
github.com/ebogdum/filemanager/internal/resources/sync/resource.go:420.19,421.30 1 0
github.com/ebogdum/filemanager/internal/resources/sync/resource.go:422.10,423.64 1 0
github.com/ebogdum/filemanager/internal/resources/sync/resource.go:428.159,431.16 2 0
github.com/ebogdum/filemanager/internal/resources/sync/resource.go:431.16,433.3 1 0
github.com/ebogdum/filemanager/internal/resources/sync/resource.go:434.2,446.70 4 0
github.com/ebogdum/filemanager/internal/resources/sync/resource.go:446.70,448.3 1 0
github.com/ebogdum/filemanager/internal/resources/sync/resource.go:450.2,450.22 1 0
github.com/ebogdum/filemanager/internal/resources/sync/resource.go:454.100,455.49 1 0
github.com/ebogdum/filemanager/internal/resources/sync/resource.go:455.49,457.3 1 0
github.com/ebogdum/filemanager/internal/resources/sync/resource.go:458.2,458.57 1 0
github.com/ebogdum/filemanager/internal/resources/sync/resource.go:462.64,463.39 1 0
github.com/ebogdum/filemanager/internal/resources/sync/resource.go:463.39,465.3 1 0
github.com/ebogdum/filemanager/internal/resources/sync/resource.go:466.2,468.29 3 0
github.com/ebogdum/filemanager/internal/resources/sync/resource.go:468.29,469.41 1 0
github.com/ebogdum/filemanager/internal/resources/sync/resource.go:469.41,471.4 1 0
github.com/ebogdum/filemanager/internal/resources/sync/resource.go:473.2,473.15 1 0
github.com/ebogdum/filemanager/internal/resources/sync/resource.go:477.86,479.23 1 0
github.com/ebogdum/filemanager/internal/resources/sync/resource.go:479.23,481.36 2 0
github.com/ebogdum/filemanager/internal/resources/sync/resource.go:481.36,482.48 1 0
github.com/ebogdum/filemanager/internal/resources/sync/resource.go:482.48,484.10 2 0
github.com/ebogdum/filemanager/internal/resources/sync/resource.go:486.4,486.63 1 0
github.com/ebogdum/filemanager/internal/resources/sync/resource.go:486.63,488.10 2 0
github.com/ebogdum/filemanager/internal/resources/sync/resource.go:491.3,491.15 1 0
github.com/ebogdum/filemanager/internal/resources/sync/resource.go:491.15,493.4 1 0
github.com/ebogdum/filemanager/internal/resources/sync/resource.go:497.2,497.35 1 0
github.com/ebogdum/filemanager/internal/resources/sync/resource.go:497.35,498.47 1 0
github.com/ebogdum/filemanager/internal/resources/sync/resource.go:498.47,500.4 1 0
github.com/ebogdum/filemanager/internal/resources/sync/resource.go:501.3,501.62 1 0
github.com/ebogdum/filemanager/internal/resources/sync/resource.go:501.62,503.4 1 0
github.com/ebogdum/filemanager/internal/resources/sync/resource.go:506.2,506.13 1 0
github.com/ebogdum/filemanager/internal/resources/sync/resource.go:510.90,516.2 5 0
github.com/ebogdum/filemanager/internal/resources/symlink/resource.go:33.45,35.2 1 0
github.com/ebogdum/filemanager/internal/resources/symlink/resource.go:62.120,64.2 1 0
github.com/ebogdum/filemanager/internal/resources/symlink/resource.go:67.114,140.2 1 0
github.com/ebogdum/filemanager/internal/resources/symlink/resource.go:143.123,144.29 1 0
github.com/ebogdum/filemanager/internal/resources/symlink/resource.go:144.29,146.3 1 0
github.com/ebogdum/filemanager/internal/resources/symlink/resource.go:148.2,149.9 2 0
github.com/ebogdum/filemanager/internal/resources/symlink/resource.go:149.9,155.3 2 0
github.com/ebogdum/filemanager/internal/resources/symlink/resource.go:157.2,157.19 1 0
github.com/ebogdum/filemanager/internal/resources/symlink/resource.go:161.114,165.33 3 0
github.com/ebogdum/filemanager/internal/resources/symlink/resource.go:165.33,167.3 1 0
github.com/ebogdum/filemanager/internal/resources/symlink/resource.go:169.2,176.16 3 0
github.com/ebogdum/filemanager/internal/resources/symlink/resource.go:176.16,179.3 2 0
github.com/ebogdum/filemanager/internal/resources/symlink/resource.go:182.2,182.39 1 0
github.com/ebogdum/filemanager/internal/resources/symlink/resource.go:182.39,184.42 2 0
github.com/ebogdum/filemanager/internal/resources/symlink/resource.go:184.42,189.98 2 0
github.com/ebogdum/filemanager/internal/resources/symlink/resource.go:189.98,192.5 2 0
github.com/ebogdum/filemanager/internal/resources/symlink/resource.go:197.2,197.28 1 0
github.com/ebogdum/filemanager/internal/resources/symlink/resource.go:197.28,199.13 2 0
github.com/ebogdum/filemanager/internal/resources/symlink/resource.go:199.13,200.71 1 0
github.com/ebogdum/filemanager/internal/resources/symlink/resource.go:200.71,203.5 2 0
github.com/ebogdum/filemanager/internal/resources/symlink/resource.go:208.2,209.80 2 0
github.com/ebogdum/filemanager/internal/resources/symlink/resource.go:209.80,211.17 2 0
github.com/ebogdum/filemanager/internal/resources/symlink/resource.go:211.17,214.4 2 0
github.com/ebogdum/filemanager/internal/resources/symlink/resource.go:215.3,215.25 1 0
github.com/ebogdum/filemanager/internal/resources/symlink/resource.go:219.2,219.82 1 0
github.com/ebogdum/filemanager/internal/resources/symlink/resource.go:219.82,220.36 1 0
github.com/ebogdum/filemanager/internal/resources/symlink/resource.go:220.36,226.4 2 0
github.com/ebogdum/filemanager/internal/resources/symlink/resource.go:227.3,228.9 2 0
github.com/ebogdum/filemanager/internal/resources/symlink/resource.go:232.2,243.56 9 0
github.com/ebogdum/filemanager/internal/resources/symlink/resource.go:247.108,251.33 3 0
github.com/ebogdum/filemanager/internal/resources/symlink/resource.go:251.33,253.3 1 0
github.com/ebogdum/filemanager/internal/resources/symlink/resource.go:255.2,256.16 2 0
github.com/ebogdum/filemanager/internal/resources/symlink/resource.go:256.16,259.3 2 0
github.com/ebogdum/filemanager/internal/resources/symlink/resource.go:262.2,263.16 2 0
github.com/ebogdum/filemanager/internal/resources/symlink/resource.go:263.16,264.36 1 0
github.com/ebogdum/filemanager/internal/resources/symlink/resource.go:264.36,267.4 2 0
github.com/ebogdum/filemanager/internal/resources/symlink/resource.go:268.3,269.9 2 0
github.com/ebogdum/filemanager/internal/resources/symlink/resource.go:273.2,273.35 1 0
github.com/ebogdum/filemanager/internal/resources/symlink/resource.go:273.35,279.3 1 0
github.com/ebogdum/filemanager/internal/resources/symlink/resource.go:282.2,283.80 2 0
github.com/ebogdum/filemanager/internal/resources/symlink/resource.go:283.80,284.61 1 0
github.com/ebogdum/filemanager/internal/resources/symlink/resource.go:284.61,286.4 1 0
github.com/ebogdum/filemanager/internal/resources/symlink/resource.go:289.2,299.56 8 0
github.com/ebogdum/filemanager/internal/resources/symlink/resource.go:303.114,307.33 3 0
github.com/ebogdum/filemanager/internal/resources/symlink/resource.go:307.33,309.3 1 0
github.com/ebogdum/filemanager/internal/resources/symlink/resource.go:311.2,317.16 3 0
github.com/ebogdum/filemanager/internal/resources/symlink/resource.go:317.16,320.3 2 0
github.com/ebogdum/filemanager/internal/resources/symlink/resource.go:323.2,323.69 1 0
github.com/ebogdum/filemanager/internal/resources/symlink/resource.go:323.69,324.36 1 0
github.com/ebogdum/filemanager/internal/resources/symlink/resource.go:324.36,327.4 2 0
github.com/ebogdum/filemanager/internal/resources/symlink/resource.go:331.2,332.80 2 0
github.com/ebogdum/filemanager/internal/resources/symlink/resource.go:332.80,334.17 2 0
github.com/ebogdum/filemanager/internal/resources/symlink/resource.go:334.17,337.4 2 0
github.com/ebogdum/filemanager/internal/resources/symlink/resource.go:338.3,338.25 1 0
github.com/ebogdum/filemanager/internal/resources/symlink/resource.go:342.2,342.82 1 0
github.com/ebogdum/filemanager/internal/resources/symlink/resource.go:342.82,345.3 2 0
github.com/ebogdum/filemanager/internal/resources/symlink/resource.go:347.2,357.56 8 0
github.com/ebogdum/filemanager/internal/resources/symlink/resource.go:361.114,365.33 3 0
github.com/ebogdum/filemanager/internal/resources/symlink/resource.go:365.33,367.3 1 0
github.com/ebogdum/filemanager/internal/resources/symlink/resource.go:369.2,370.16 2 0
github.com/ebogdum/filemanager/internal/resources/symlink/resource.go:370.16,373.3 2 0
github.com/ebogdum/filemanager/internal/resources/symlink/resource.go:375.2,375.69 1 0
github.com/ebogdum/filemanager/internal/resources/symlink/resource.go:375.69,376.36 1 0
github.com/ebogdum/filemanager/internal/resources/symlink/resource.go:376.36,379.4 2 0
github.com/ebogdum/filemanager/internal/resources/symlink/resource.go:384.129,386.2 1 0
github.com/ebogdum/filemanager/internal/resources/symlink/resource.go:389.103,390.49 1 0
github.com/ebogdum/filemanager/internal/resources/symlink/resource.go:390.49,392.3 1 0
github.com/ebogdum/filemanager/internal/resources/symlink/resource.go:393.2,393.57 1 0
github.com/ebogdum/filemanager/internal/resources/symlink/resource.go:397.31,398.35 1 0
github.com/ebogdum/filemanager/internal/resources/symlink/resource.go:398.35,399.34 1 0
github.com/ebogdum/filemanager/internal/resources/symlink/resource.go:399.34,401.4 1 0
github.com/ebogdum/filemanager/internal/resources/symlink/resource.go:403.2,403.11 1 0
github.com/ebogdum/filemanager/internal/resources/swift_operation/resource.go:40.52,42.2 1 0
github.com/ebogdum/filemanager/internal/resources/swift_operation/resource.go:69.127,71.2 1 0
github.com/ebogdum/filemanager/internal/resources/swift_operation/resource.go:74.121,164.2 1 0
github.com/ebogdum/filemanager/internal/resources/swift_operation/resource.go:167.130,168.29 1 0
github.com/ebogdum/filemanager/internal/resources/swift_operation/resource.go:168.29,170.3 1 0
github.com/ebogdum/filemanager/internal/resources/swift_operation/resource.go:172.2,173.9 2 0
github.com/ebogdum/filemanager/internal/resources/swift_operation/resource.go:173.9,179.3 2 0
github.com/ebogdum/filemanager/internal/resources/swift_operation/resource.go:181.2,181.19 1 0
github.com/ebogdum/filemanager/internal/resources/swift_operation/resource.go:185.121,189.33 3 0
github.com/ebogdum/filemanager/internal/resources/swift_operation/resource.go:189.33,191.3 1 0
github.com/ebogdum/filemanager/internal/resources/swift_operation/resource.go:193.2,200.56 2 0
github.com/ebogdum/filemanager/internal/resources/swift_operation/resource.go:200.56,203.3 2 0
github.com/ebogdum/filemanager/internal/resources/swift_operation/resource.go:206.2,206.55 1 0
github.com/ebogdum/filemanager/internal/resources/swift_operation/resource.go:206.55,209.3 2 0
github.com/ebogdum/filemanager/internal/resources/swift_operation/resource.go:212.2,215.56 2 0
github.com/ebogdum/filemanager/internal/resources/swift_operation/resource.go:219.115,223.33 3 0
github.com/ebogdum/filemanager/internal/resources/swift_operation/resource.go:223.33,225.3 1 0
github.com/ebogdum/filemanager/internal/resources/swift_operation/resource.go:228.2,229.16 2 0
github.com/ebogdum/filemanager/internal/resources/swift_operation/resource.go:229.16,232.3 2 0
github.com/ebogdum/filemanager/internal/resources/swift_operation/resource.go:235.2,236.78 2 0
github.com/ebogdum/filemanager/internal/resources/swift_operation/resource.go:236.78,238.3 1 0
github.com/ebogdum/filemanager/internal/resources/swift_operation/resource.go:241.2,242.16 2 0
github.com/ebogdum/filemanager/internal/resources/swift_operation/resource.go:242.16,245.3 2 0
github.com/ebogdum/filemanager/internal/resources/swift_operation/resource.go:247.2,247.13 1 0
github.com/ebogdum/filemanager/internal/resources/swift_operation/resource.go:247.13,250.3 2 0
github.com/ebogdum/filemanager/internal/resources/swift_operation/resource.go:253.2,253.78 1 0
github.com/ebogdum/filemanager/internal/resources/swift_operation/resource.go:253.78,256.3 2 0
github.com/ebogdum/filemanager/internal/resources/swift_operation/resource.go:258.2,258.56 1 0
github.com/ebogdum/filemanager/internal/resources/swift_operation/resource.go:262.121,266.33 3 0
github.com/ebogdum/filemanager/internal/resources/swift_operation/resource.go:266.33,268.3 1 0
github.com/ebogdum/filemanager/internal/resources/swift_operation/resource.go:270.2,277.56 2 0
github.com/ebogdum/filemanager/internal/resources/swift_operation/resource.go:277.56,280.3 2 0
github.com/ebogdum/filemanager/internal/resources/swift_operation/resource.go:283.2,283.55 1 0
github.com/ebogdum/filemanager/internal/resources/swift_operation/resource.go:283.55,286.3 2 0
github.com/ebogdum/filemanager/internal/resources/swift_operation/resource.go:288.2,288.56 1 0
github.com/ebogdum/filemanager/internal/resources/swift_operation/resource.go:292.121,296.33 3 0
github.com/ebogdum/filemanager/internal/resources/swift_operation/resource.go:296.33,298.3 1 0
github.com/ebogdum/filemanager/internal/resources/swift_operation/resource.go:301.2,305.4 1 0
github.com/ebogdum/filemanager/internal/resources/swift_operation/resource.go:309.136,311.2 1 0
github.com/ebogdum/filemanager/internal/resources/swift_operation/resource.go:314.114,317.12 2 0
github.com/ebogdum/filemanager/internal/resources/swift_operation/resource.go:318.14,319.80 1 0
github.com/ebogdum/filemanager/internal/resources/swift_operation/resource.go:319.80,321.4 1 0
github.com/ebogdum/filemanager/internal/resources/swift_operation/resource.go:322.21,323.29 1 0
github.com/ebogdum/filemanager/internal/resources/swift_operation/resource.go:323.29,325.4 1 0
github.com/ebogdum/filemanager/internal/resources/swift_operation/resource.go:326.14,326.14 0 0
github.com/ebogdum/filemanager/internal/resources/swift_operation/resource.go:330.2,330.12 1 0
github.com/ebogdum/filemanager/internal/resources/swift_operation/resource.go:334.113,336.16 2 0
github.com/ebogdum/filemanager/internal/resources/swift_operation/resource.go:336.16,338.3 1 0
github.com/ebogdum/filemanager/internal/resources/swift_operation/resource.go:340.2,347.12 3 0
github.com/ebogdum/filemanager/internal/resources/swift_operation/resource.go:348.14,349.43 1 0
github.com/ebogdum/filemanager/internal/resources/swift_operation/resource.go:350.14,351.43 1 0
github.com/ebogdum/filemanager/internal/resources/swift_operation/resource.go:352.21,353.50 1 0
github.com/ebogdum/filemanager/internal/resources/swift_operation/resource.go:354.10,355.53 1 0
github.com/ebogdum/filemanager/internal/resources/swift_operation/resource.go:360.132,362.2 1 0
github.com/ebogdum/filemanager/internal/resources/swift_operation/resource.go:365.132,367.9 2 0
github.com/ebogdum/filemanager/internal/resources/swift_operation/resource.go:367.9,369.3 1 0
github.com/ebogdum/filemanager/internal/resources/swift_operation/resource.go:371.2,381.121 3 0
github.com/ebogdum/filemanager/internal/resources/swift_operation/resource.go:381.121,383.3 1 0
github.com/ebogdum/filemanager/internal/resources/swift_operation/resource.go:385.2,385.84 1 0
github.com/ebogdum/filemanager/internal/resources/swift_operation/resource.go:389.139,391.9 2 0
github.com/ebogdum/filemanager/internal/resources/swift_operation/resource.go:391.9,393.3 1 0
github.com/ebogdum/filemanager/internal/resources/swift_operation/resource.go:395.2,401.29 3 0
github.com/ebogdum/filemanager/internal/resources/swift_operation/resource.go:401.29,403.34 2 0
github.com/ebogdum/filemanager/internal/resources/swift_operation/resource.go:403.34,404.44 1 0
github.com/ebogdum/filemanager/internal/resources/swift_operation/resource.go:404.44,406.5 1 0
github.com/ebogdum/filemanager/internal/resources/swift_operation/resource.go:410.2,410.92 1 0
github.com/ebogdum/filemanager/internal/resources/swift_operation/resource.go:410.92,412.3 1 0
github.com/ebogdum/filemanager/internal/resources/swift_operation/resource.go:414.2,414.79 1 0
github.com/ebogdum/filemanager/internal/resources/swift_operation/resource.go:418.157,420.16 2 0
github.com/ebogdum/filemanager/internal/resources/swift_operation/resource.go:420.16,421.36 1 0
github.com/ebogdum/filemanager/internal/resources/swift_operation/resource.go:421.36,424.4 2 0
github.com/ebogdum/filemanager/internal/resources/swift_operation/resource.go:425.3,425.54 1 0
github.com/ebogdum/filemanager/internal/resources/swift_operation/resource.go:429.2,438.8 8 0
github.com/ebogdum/filemanager/internal/resources/swift_operation/resource.go:438.8,440.36 2 0
github.com/ebogdum/filemanager/internal/resources/swift_operation/resource.go:440.36,442.37 2 0
github.com/ebogdum/filemanager/internal/resources/swift_operation/resource.go:442.37,444.5 1 0
github.com/ebogdum/filemanager/internal/resources/swift_operation/resource.go:445.4,446.25 2 0
github.com/ebogdum/filemanager/internal/resources/swift_operation/resource.go:446.25,448.5 1 0
github.com/ebogdum/filemanager/internal/resources/swift_operation/resource.go:448.10,450.5 1 0
github.com/ebogdum/filemanager/internal/resources/swift_operation/resource.go:451.9,453.4 1 0
github.com/ebogdum/filemanager/internal/resources/swift_operation/resource.go:454.8,456.3 1 0
github.com/ebogdum/filemanager/internal/resources/swift_operation/resource.go:458.2,458.12 1 0
github.com/ebogdum/filemanager/internal/resources/swift_operation/resource.go:462.111,470.2 7 0
github.com/ebogdum/filemanager/internal/resources/swift_operation/resource.go:473.110,474.49 1 0
github.com/ebogdum/filemanager/internal/resources/swift_operation/resource.go:474.49,476.3 1 0
github.com/ebogdum/filemanager/internal/resources/swift_operation/resource.go:477.2,477.57 1 0
github.com/ebogdum/filemanager/internal/resources/swift_service/resource.go:34.50,36.2 1 0
github.com/ebogdum/filemanager/internal/resources/swift_service/resource.go:73.125,75.2 1 0
github.com/ebogdum/filemanager/internal/resources/swift_service/resource.go:78.119,190.2 1 0
github.com/ebogdum/filemanager/internal/resources/swift_service/resource.go:193.128,194.29 1 0
github.com/ebogdum/filemanager/internal/resources/swift_service/resource.go:194.29,196.3 1 0
github.com/ebogdum/filemanager/internal/resources/swift_service/resource.go:198.2,199.9 2 0
github.com/ebogdum/filemanager/internal/resources/swift_service/resource.go:199.9,205.3 2 0
github.com/ebogdum/filemanager/internal/resources/swift_service/resource.go:207.2,207.19 1 0
github.com/ebogdum/filemanager/internal/resources/swift_service/resource.go:211.119,215.33 3 0
github.com/ebogdum/filemanager/internal/resources/swift_service/resource.go:215.33,217.3 1 0
github.com/ebogdum/filemanager/internal/resources/swift_service/resource.go:219.2,232.16 5 0
github.com/ebogdum/filemanager/internal/resources/swift_service/resource.go:232.16,235.3 2 0
github.com/ebogdum/filemanager/internal/resources/swift_service/resource.go:238.2,239.16 2 0
github.com/ebogdum/filemanager/internal/resources/swift_service/resource.go:239.16,241.3 1 0
github.com/ebogdum/filemanager/internal/resources/swift_service/resource.go:244.2,268.60 3 0
github.com/ebogdum/filemanager/internal/resources/swift_service/resource.go:268.60,271.3 2 0
github.com/ebogdum/filemanager/internal/resources/swift_service/resource.go:274.2,275.18 2 0
github.com/ebogdum/filemanager/internal/resources/swift_service/resource.go:275.18,277.3 1 0
github.com/ebogdum/filemanager/internal/resources/swift_service/resource.go:280.2,280.80 1 0
github.com/ebogdum/filemanager/internal/resources/swift_service/resource.go:280.80,283.3 2 0
github.com/ebogdum/filemanager/internal/resources/swift_service/resource.go:286.2,295.56 6 0
github.com/ebogdum/filemanager/internal/resources/swift_service/resource.go:299.113,303.33 3 0
github.com/ebogdum/filemanager/internal/resources/swift_service/resource.go:303.33,305.3 1 0
github.com/ebogdum/filemanager/internal/resources/swift_service/resource.go:307.2,309.16 3 0
github.com/ebogdum/filemanager/internal/resources/swift_service/resource.go:309.16,311.3 1 0
github.com/ebogdum/filemanager/internal/resources/swift_service/resource.go:311.8,312.43 1 0
github.com/ebogdum/filemanager/internal/resources/swift_service/resource.go:312.43,314.4 1 0
github.com/ebogdum/filemanager/internal/resources/swift_service/resource.go:314.9,316.4 1 0
github.com/ebogdum/filemanager/internal/resources/swift_service/resource.go:319.2,319.56 1 0
github.com/ebogdum/filemanager/internal/resources/swift_service/resource.go:323.119,327.33 3 0
github.com/ebogdum/filemanager/internal/resources/swift_service/resource.go:327.33,329.3 1 0
github.com/ebogdum/filemanager/internal/resources/swift_service/resource.go:331.2,338.16 4 0
github.com/ebogdum/filemanager/internal/resources/swift_service/resource.go:338.16,341.3 2 0
github.com/ebogdum/filemanager/internal/resources/swift_service/resource.go:343.2,344.16 2 0
github.com/ebogdum/filemanager/internal/resources/swift_service/resource.go:344.16,346.3 1 0
github.com/ebogdum/filemanager/internal/resources/swift_service/resource.go:348.2,372.60 3 0
github.com/ebogdum/filemanager/internal/resources/swift_service/resource.go:372.60,375.3 2 0
github.com/ebogdum/filemanager/internal/resources/swift_service/resource.go:377.2,381.19 3 0
github.com/ebogdum/filemanager/internal/resources/swift_service/resource.go:381.19,383.3 1 0
github.com/ebogdum/filemanager/internal/resources/swift_service/resource.go:385.2,386.80 2 0
github.com/ebogdum/filemanager/internal/resources/swift_service/resource.go:386.80,389.3 2 0
github.com/ebogdum/filemanager/internal/resources/swift_service/resource.go:391.2,393.56 3 0
github.com/ebogdum/filemanager/internal/resources/swift_service/resource.go:397.119,401.33 3 0
github.com/ebogdum/filemanager/internal/resources/swift_service/resource.go:401.33,403.3 1 0
github.com/ebogdum/filemanager/internal/resources/swift_service/resource.go:405.2,407.16 3 0
github.com/ebogdum/filemanager/internal/resources/swift_service/resource.go:407.16,409.3 1 0
github.com/ebogdum/filemanager/internal/resources/swift_service/resource.go:410.2,414.4 2 0
github.com/ebogdum/filemanager/internal/resources/swift_service/resource.go:418.134,420.2 1 0
github.com/ebogdum/filemanager/internal/resources/s3_operation/resource.go:48.49,50.2 1 0
github.com/ebogdum/filemanager/internal/resources/s3_operation/resource.go:88.124,90.2 1 0
github.com/ebogdum/filemanager/internal/resources/s3_operation/resource.go:93.118,259.2 1 0
github.com/ebogdum/filemanager/internal/resources/s3_operation/resource.go:262.127,263.29 1 0
github.com/ebogdum/filemanager/internal/resources/s3_operation/resource.go:263.29,265.3 1 0
github.com/ebogdum/filemanager/internal/resources/s3_operation/resource.go:267.2,268.9 2 0
github.com/ebogdum/filemanager/internal/resources/s3_operation/resource.go:268.9,274.3 2 0
github.com/ebogdum/filemanager/internal/resources/s3_operation/resource.go:276.2,276.19 1 0
github.com/ebogdum/filemanager/internal/resources/s3_operation/resource.go:280.118,284.33 3 0
github.com/ebogdum/filemanager/internal/resources/s3_operation/resource.go:284.33,286.3 1 0
github.com/ebogdum/filemanager/internal/resources/s3_operation/resource.go:288.2,295.56 2 0
github.com/ebogdum/filemanager/internal/resources/s3_operation/resource.go:295.56,298.3 2 0
github.com/ebogdum/filemanager/internal/resources/s3_operation/resource.go:301.2,301.55 1 0
github.com/ebogdum/filemanager/internal/resources/s3_operation/resource.go:301.55,304.3 2 0
github.com/ebogdum/filemanager/internal/resources/s3_operation/resource.go:307.2,310.56 2 0
github.com/ebogdum/filemanager/internal/resources/s3_operation/resource.go:314.112,318.33 3 0
github.com/ebogdum/filemanager/internal/resources/s3_operation/resource.go:318.33,320.3 1 0
github.com/ebogdum/filemanager/internal/resources/s3_operation/resource.go:323.2,324.16 2 0
github.com/ebogdum/filemanager/internal/resources/s3_operation/resource.go:324.16,327.3 2 0
github.com/ebogdum/filemanager/internal/resources/s3_operation/resource.go:330.2,331.16 2 0
github.com/ebogdum/filemanager/internal/resources/s3_operation/resource.go:331.16,334.3 2 0
github.com/ebogdum/filemanager/internal/resources/s3_operation/resource.go:336.2,336.13 1 0
github.com/ebogdum/filemanager/internal/resources/s3_operation/resource.go:336.13,339.3 2 0
github.com/ebogdum/filemanager/internal/resources/s3_operation/resource.go:342.2,342.65 1 0
github.com/ebogdum/filemanager/internal/resources/s3_operation/resource.go:342.65,345.3 2 0
github.com/ebogdum/filemanager/internal/resources/s3_operation/resource.go:347.2,347.56 1 0
github.com/ebogdum/filemanager/internal/resources/s3_operation/resource.go:351.118,355.33 3 0
github.com/ebogdum/filemanager/internal/resources/s3_operation/resource.go:355.33,357.3 1 0
github.com/ebogdum/filemanager/internal/resources/s3_operation/resource.go:359.2,366.56 2 0
github.com/ebogdum/filemanager/internal/resources/s3_operation/resource.go:366.56,369.3 2 0
github.com/ebogdum/filemanager/internal/resources/s3_operation/resource.go:372.2,372.55 1 0
github.com/ebogdum/filemanager/internal/resources/s3_operation/resource.go:372.55,375.3 2 0
github.com/ebogdum/filemanager/internal/resources/s3_operation/resource.go:377.2,377.56 1 0
github.com/ebogdum/filemanager/internal/resources/s3_operation/resource.go:381.118,385.33 3 0
github.com/ebogdum/filemanager/internal/resources/s3_operation/resource.go:385.33,387.3 1 0
github.com/ebogdum/filemanager/internal/resources/s3_operation/resource.go:391.2,395.4 1 0
github.com/ebogdum/filemanager/internal/resources/s3_operation/resource.go:399.133,401.2 1 0
github.com/ebogdum/filemanager/internal/resources/s3_operation/resource.go:404.108,407.12 2 0
github.com/ebogdum/filemanager/internal/resources/s3_operation/resource.go:408.14,409.78 1 0
github.com/ebogdum/filemanager/internal/resources/s3_operation/resource.go:409.78,411.4 1 0
github.com/ebogdum/filemanager/internal/resources/s3_operation/resource.go:412.21,413.67 1 0
github.com/ebogdum/filemanager/internal/resources/s3_operation/resource.go:413.67,415.4 1 0
github.com/ebogdum/filemanager/internal/resources/s3_operation/resource.go:416.17,417.59 1 0
github.com/ebogdum/filemanager/internal/resources/s3_operation/resource.go:417.59,419.4 1 0
github.com/ebogdum/filemanager/internal/resources/s3_operation/resource.go:420.25,421.74 1 0
github.com/ebogdum/filemanager/internal/resources/s3_operation/resource.go:421.74,423.4 1 0
github.com/ebogdum/filemanager/internal/resources/s3_operation/resource.go:424.17,425.70 1 0
github.com/ebogdum/filemanager/internal/resources/s3_operation/resource.go:425.70,427.4 1 0
github.com/ebogdum/filemanager/internal/resources/s3_operation/resource.go:428.3,428.58 1 0
github.com/ebogdum/filemanager/internal/resources/s3_operation/resource.go:428.58,430.4 1 0
github.com/ebogdum/filemanager/internal/resources/s3_operation/resource.go:431.28,431.28 0 0
github.com/ebogdum/filemanager/internal/resources/s3_operation/resource.go:435.2,435.12 1 0
github.com/ebogdum/filemanager/internal/resources/s3_operation/resource.go:439.107,441.16 2 0
github.com/ebogdum/filemanager/internal/resources/s3_operation/resource.go:441.16,443.3 1 0
github.com/ebogdum/filemanager/internal/resources/s3_operation/resource.go:445.2,452.12 3 0
github.com/ebogdum/filemanager/internal/resources/s3_operation/resource.go:453.14,454.43 1 0
github.com/ebogdum/filemanager/internal/resources/s3_operation/resource.go:455.14,456.43 1 0
github.com/ebogdum/filemanager/internal/resources/s3_operation/resource.go:457.21,458.50 1 0
github.com/ebogdum/filemanager/internal/resources/s3_operation/resource.go:459.17,460.46 1 0
github.com/ebogdum/filemanager/internal/resources/s3_operation/resource.go:461.20,462.49 1 0
github.com/ebogdum/filemanager/internal/resources/s3_operation/resource.go:463.25,464.54 1 0
github.com/ebogdum/filemanager/internal/resources/s3_operation/resource.go:465.17,466.46 1 0
github.com/ebogdum/filemanager/internal/resources/s3_operation/resource.go:467.10,468.53 1 0
github.com/ebogdum/filemanager/internal/resources/s3_operation/resource.go:473.126,475.2 1 0
github.com/ebogdum/filemanager/internal/resources/s3_operation/resource.go:478.126,480.9 2 0
github.com/ebogdum/filemanager/internal/resources/s3_operation/resource.go:480.9,482.3 1 0
github.com/ebogdum/filemanager/internal/resources/s3_operation/resource.go:484.2,489.109 2 0
github.com/ebogdum/filemanager/internal/resources/s3_operation/resource.go:489.109,491.3 1 0
github.com/ebogdum/filemanager/internal/resources/s3_operation/resource.go:493.2,493.48 1 0
github.com/ebogdum/filemanager/internal/resources/s3_operation/resource.go:497.133,499.9 2 0
github.com/ebogdum/filemanager/internal/resources/s3_operation/resource.go:499.9,501.3 1 0
github.com/ebogdum/filemanager/internal/resources/s3_operation/resource.go:503.2,509.45 3 0
github.com/ebogdum/filemanager/internal/resources/s3_operation/resource.go:509.45,510.41 1 0
github.com/ebogdum/filemanager/internal/resources/s3_operation/resource.go:510.41,512.4 1 0
github.com/ebogdum/filemanager/internal/resources/s3_operation/resource.go:515.2,515.85 1 0
github.com/ebogdum/filemanager/internal/resources/s3_operation/resource.go:515.85,517.3 1 0
github.com/ebogdum/filemanager/internal/resources/s3_operation/resource.go:520.2,522.48 2 0
github.com/ebogdum/filemanager/internal/resources/s3_operation/resource.go:526.129,528.9 2 0
github.com/ebogdum/filemanager/internal/resources/s3_operation/resource.go:528.9,530.3 1 0
github.com/ebogdum/filemanager/internal/resources/s3_operation/resource.go:532.2,538.41 3 0
github.com/ebogdum/filemanager/internal/resources/s3_operation/resource.go:538.41,539.41 1 0
github.com/ebogdum/filemanager/internal/resources/s3_operation/resource.go:539.41,541.4 1 0
github.com/ebogdum/filemanager/internal/resources/s3_operation/resource.go:544.2,544.77 1 0
github.com/ebogdum/filemanager/internal/resources/s3_operation/resource.go:544.77,546.3 1 0
github.com/ebogdum/filemanager/internal/resources/s3_operation/resource.go:549.2,551.48 2 0
github.com/ebogdum/filemanager/internal/resources/s3_operation/resource.go:555.132,557.9 2 0
github.com/ebogdum/filemanager/internal/resources/s3_operation/resource.go:557.9,559.3 1 0
github.com/ebogdum/filemanager/internal/resources/s3_operation/resource.go:561.2,565.74 2 0
github.com/ebogdum/filemanager/internal/resources/s3_operation/resource.go:565.74,567.3 1 0
github.com/ebogdum/filemanager/internal/resources/s3_operation/resource.go:570.2,572.48 2 0
github.com/ebogdum/filemanager/internal/resources/s3_operation/resource.go:576.137,578.9 2 0
github.com/ebogdum/filemanager/internal/resources/s3_operation/resource.go:578.9,580.3 1 0
github.com/ebogdum/filemanager/internal/resources/s3_operation/resource.go:582.2,587.112 2 0
github.com/ebogdum/filemanager/internal/resources/s3_operation/resource.go:587.112,589.3 1 0
github.com/ebogdum/filemanager/internal/resources/s3_operation/resource.go:592.2,594.48 2 0
github.com/ebogdum/filemanager/internal/resources/s3_operation/resource.go:598.129,600.9 2 0
github.com/ebogdum/filemanager/internal/resources/s3_operation/resource.go:600.9,602.3 1 0
github.com/ebogdum/filemanager/internal/resources/s3_operation/resource.go:604.2,612.16 4 0
github.com/ebogdum/filemanager/internal/resources/s3_operation/resource.go:612.16,614.3 1 0
github.com/ebogdum/filemanager/internal/resources/s3_operation/resource.go:616.2,616.96 1 0
github.com/ebogdum/filemanager/internal/resources/s3_operation/resource.go:616.96,618.3 1 0
github.com/ebogdum/filemanager/internal/resources/s3_operation/resource.go:620.2,620.48 1 0
github.com/ebogdum/filemanager/internal/resources/s3_operation/resource.go:623.49,624.39 1 0
github.com/ebogdum/filemanager/internal/resources/s3_operation/resource.go:624.39,626.3 1 0
github.com/ebogdum/filemanager/internal/resources/s3_operation/resource.go:628.2,628.22 1 0
github.com/ebogdum/filemanager/internal/resources/s3_operation/resource.go:632.132,634.56 1 0
github.com/ebogdum/filemanager/internal/resources/s3_operation/resource.go:634.56,636.3 1 0
github.com/ebogdum/filemanager/internal/resources/s3_operation/resource.go:639.2,640.16 2 0
github.com/ebogdum/filemanager/internal/resources/s3_operation/resource.go:640.16,641.36 1 0
github.com/ebogdum/filemanager/internal/resources/s3_operation/resource.go:641.36,644.4 2 0
github.com/ebogdum/filemanager/internal/resources/s3_operation/resource.go:645.3,645.54 1 0
github.com/ebogdum/filemanager/internal/resources/s3_operation/resource.go:649.2,656.29 6 0
github.com/ebogdum/filemanager/internal/resources/s3_operation/resource.go:656.29,658.3 1 0
github.com/ebogdum/filemanager/internal/resources/s3_operation/resource.go:658.8,658.46 1 0
github.com/ebogdum/filemanager/internal/resources/s3_operation/resource.go:658.46,660.3 1 0
github.com/ebogdum/filemanager/internal/resources/s3_operation/resource.go:663.2,668.28 4 0
github.com/ebogdum/filemanager/internal/resources/s3_operation/resource.go:668.28,670.35 2 0
github.com/ebogdum/filemanager/internal/resources/s3_operation/resource.go:670.35,672.4 1 0
github.com/ebogdum/filemanager/internal/resources/s3_operation/resource.go:673.3,674.24 2 0
github.com/ebogdum/filemanager/internal/resources/s3_operation/resource.go:674.24,676.4 1 0
github.com/ebogdum/filemanager/internal/resources/s3_operation/resource.go:677.8,677.42 1 0
github.com/ebogdum/filemanager/internal/resources/s3_operation/resource.go:677.42,679.3 1 0
github.com/ebogdum/filemanager/internal/resources/s3_operation/resource.go:682.2,682.24 1 0
github.com/ebogdum/filemanager/internal/resources/s3_operation/resource.go:682.24,684.31 2 0
github.com/ebogdum/filemanager/internal/resources/s3_operation/resource.go:684.31,686.4 1 0
github.com/ebogdum/filemanager/internal/resources/s3_operation/resource.go:687.3,688.24 2 0
github.com/ebogdum/filemanager/internal/resources/s3_operation/resource.go:688.24,690.4 1 0
github.com/ebogdum/filemanager/internal/resources/s3_operation/resource.go:691.8,691.38 1 0
github.com/ebogdum/filemanager/internal/resources/s3_operation/resource.go:691.38,693.3 1 0
github.com/ebogdum/filemanager/internal/resources/s3_operation/resource.go:696.2,701.12 5 0
github.com/ebogdum/filemanager/internal/resources/s3_operation/resource.go:705.142,707.16 2 0
github.com/ebogdum/filemanager/internal/resources/s3_operation/resource.go:707.16,708.36 1 0
github.com/ebogdum/filemanager/internal/resources/s3_operation/resource.go:708.36,711.4 2 0
github.com/ebogdum/filemanager/internal/resources/s3_operation/resource.go:712.3,712.54 1 0
github.com/ebogdum/filemanager/internal/resources/s3_operation/resource.go:716.2,723.38 6 0
github.com/ebogdum/filemanager/internal/resources/s3_operation/resource.go:723.38,725.3 1 0
github.com/ebogdum/filemanager/internal/resources/s3_operation/resource.go:725.8,727.3 1 0
github.com/ebogdum/filemanager/internal/resources/s3_operation/resource.go:730.2,735.37 4 0
github.com/ebogdum/filemanager/internal/resources/s3_operation/resource.go:735.37,737.24 2 0
github.com/ebogdum/filemanager/internal/resources/s3_operation/resource.go:737.24,739.4 1 0
github.com/ebogdum/filemanager/internal/resources/s3_operation/resource.go:740.8,742.3 1 0
github.com/ebogdum/filemanager/internal/resources/s3_operation/resource.go:745.2,745.33 1 0
github.com/ebogdum/filemanager/internal/resources/s3_operation/resource.go:745.33,747.24 2 0
github.com/ebogdum/filemanager/internal/resources/s3_operation/resource.go:747.24,749.4 1 0
github.com/ebogdum/filemanager/internal/resources/s3_operation/resource.go:750.8,752.3 1 0
github.com/ebogdum/filemanager/internal/resources/s3_operation/resource.go:755.2,757.39 3 0
github.com/ebogdum/filemanager/internal/resources/s3_operation/resource.go:757.39,759.3 1 0
github.com/ebogdum/filemanager/internal/resources/s3_operation/resource.go:759.8,761.3 1 0
github.com/ebogdum/filemanager/internal/resources/s3_operation/resource.go:762.2,764.12 2 0
github.com/ebogdum/filemanager/internal/resources/s3_operation/resource.go:768.84,784.2 15 0
github.com/ebogdum/filemanager/internal/resources/s3_operation/resource.go:787.107,788.49 1 0
github.com/ebogdum/filemanager/internal/resources/s3_operation/resource.go:788.49,790.3 1 0
github.com/ebogdum/filemanager/internal/resources/s3_operation/resource.go:791.2,791.57 1 0
github.com/ebogdum/filemanager/internal/resources/template_file/resource.go:43.50,45.2 1 0
github.com/ebogdum/filemanager/internal/resources/template_file/resource.go:88.125,90.2 1 0
github.com/ebogdum/filemanager/internal/resources/template_file/resource.go:93.119,289.2 1 0
github.com/ebogdum/filemanager/internal/resources/template_file/resource.go:292.128,293.29 1 0
github.com/ebogdum/filemanager/internal/resources/template_file/resource.go:293.29,295.3 1 0
github.com/ebogdum/filemanager/internal/resources/template_file/resource.go:297.2,298.9 2 0
github.com/ebogdum/filemanager/internal/resources/template_file/resource.go:298.9,304.3 2 0
github.com/ebogdum/filemanager/internal/resources/template_file/resource.go:306.2,306.19 1 0
github.com/ebogdum/filemanager/internal/resources/template_file/resource.go:310.119,314.33 3 0
github.com/ebogdum/filemanager/internal/resources/template_file/resource.go:314.33,316.3 1 0
github.com/ebogdum/filemanager/internal/resources/template_file/resource.go:318.2,324.16 3 0
github.com/ebogdum/filemanager/internal/resources/template_file/resource.go:324.16,327.3 2 0
github.com/ebogdum/filemanager/internal/resources/template_file/resource.go:330.2,331.16 2 0
github.com/ebogdum/filemanager/internal/resources/template_file/resource.go:331.16,334.3 2 0
github.com/ebogdum/filemanager/internal/resources/template_file/resource.go:337.2,346.108 2 0
github.com/ebogdum/filemanager/internal/resources/template_file/resource.go:346.108,349.3 2 0
github.com/ebogdum/filemanager/internal/resources/template_file/resource.go:352.2,352.85 1 0
github.com/ebogdum/filemanager/internal/resources/template_file/resource.go:352.85,355.3 2 0
github.com/ebogdum/filemanager/internal/resources/template_file/resource.go:358.2,376.56 12 0
github.com/ebogdum/filemanager/internal/resources/template_file/resource.go:380.113,384.33 3 0
github.com/ebogdum/filemanager/internal/resources/template_file/resource.go:384.33,386.3 1 0
github.com/ebogdum/filemanager/internal/resources/template_file/resource.go:389.2,390.16 2 0
github.com/ebogdum/filemanager/internal/resources/template_file/resource.go:390.16,393.3 2 0
github.com/ebogdum/filemanager/internal/resources/template_file/resource.go:396.2,397.16 2 0
github.com/ebogdum/filemanager/internal/resources/template_file/resource.go:397.16,400.3 2 0
github.com/ebogdum/filemanager/internal/resources/template_file/resource.go:402.2,402.13 1 0
github.com/ebogdum/filemanager/internal/resources/template_file/resource.go:402.13,406.3 2 0
github.com/ebogdum/filemanager/internal/resources/template_file/resource.go:409.2,410.16 2 0
github.com/ebogdum/filemanager/internal/resources/template_file/resource.go:410.16,413.3 2 0
github.com/ebogdum/filemanager/internal/resources/template_file/resource.go:415.2,416.48 2 0
github.com/ebogdum/filemanager/internal/resources/template_file/resource.go:416.48,420.3 3 0
github.com/ebogdum/filemanager/internal/resources/template_file/resource.go:421.2,437.56 11 0
github.com/ebogdum/filemanager/internal/resources/template_file/resource.go:441.119,445.33 3 0
github.com/ebogdum/filemanager/internal/resources/template_file/resource.go:445.33,447.3 1 0
github.com/ebogdum/filemanager/internal/resources/template_file/resource.go:449.2,455.16 3 0
github.com/ebogdum/filemanager/internal/resources/template_file/resource.go:455.16,458.3 2 0
github.com/ebogdum/filemanager/internal/resources/template_file/resource.go:461.2,462.16 2 0
github.com/ebogdum/filemanager/internal/resources/template_file/resource.go:462.16,465.3 2 0
github.com/ebogdum/filemanager/internal/resources/template_file/resource.go:468.2,477.108 2 0
github.com/ebogdum/filemanager/internal/resources/template_file/resource.go:477.108,480.3 2 0
github.com/ebogdum/filemanager/internal/resources/template_file/resource.go:483.2,483.85 1 0
github.com/ebogdum/filemanager/internal/resources/template_file/resource.go:483.85,486.3 2 0
github.com/ebogdum/filemanager/internal/resources/template_file/resource.go:489.2,506.56 11 0
github.com/ebogdum/filemanager/internal/resources/template_file/resource.go:510.119,514.33 3 0
github.com/ebogdum/filemanager/internal/resources/template_file/resource.go:514.33,516.3 1 0
github.com/ebogdum/filemanager/internal/resources/template_file/resource.go:518.2,524.16 3 0
github.com/ebogdum/filemanager/internal/resources/template_file/resource.go:524.16,527.3 2 0
github.com/ebogdum/filemanager/internal/resources/template_file/resource.go:530.2,530.69 1 0
github.com/ebogdum/filemanager/internal/resources/template_file/resource.go:530.69,531.36 1 0
github.com/ebogdum/filemanager/internal/resources/template_file/resource.go:531.36,534.4 2 0
github.com/ebogdum/filemanager/internal/resources/template_file/resource.go:537.2,539.4 1 0
github.com/ebogdum/filemanager/internal/resources/template_file/resource.go:543.134,545.2 1 0
github.com/ebogdum/filemanager/internal/resources/template_file/resource.go:548.117,551.66 2 1
github.com/ebogdum/filemanager/internal/resources/template_file/resource.go:551.66,553.3 1 0
github.com/ebogdum/filemanager/internal/resources/template_file/resource.go:553.8,553.69 1 1
github.com/ebogdum/filemanager/internal/resources/template_file/resource.go:553.69,555.17 2 1
github.com/ebogdum/filemanager/internal/resources/template_file/resource.go:555.17,557.4 1 1
github.com/ebogdum/filemanager/internal/resources/template_file/resource.go:558.3,558.36 1 1
github.com/ebogdum/filemanager/internal/resources/template_file/resource.go:559.8,559.81 1 0
github.com/ebogdum/filemanager/internal/resources/template_file/resource.go:559.81,562.17 2 0
github.com/ebogdum/filemanager/internal/resources/template_file/resource.go:562.17,564.4 1 0
github.com/ebogdum/filemanager/internal/resources/template_file/resource.go:565.3,565.36 1 0
github.com/ebogdum/filemanager/internal/resources/template_file/resource.go:566.8,568.3 1 0
github.com/ebogdum/filemanager/internal/resources/template_file/resource.go:571.2,572.25 2 1
github.com/ebogdum/filemanager/internal/resources/template_file/resource.go:572.25,574.23 2 1
github.com/ebogdum/filemanager/internal/resources/template_file/resource.go:574.23,576.4 1 0
github.com/ebogdum/filemanager/internal/resources/template_file/resource.go:580.2,581.16 2 1
github.com/ebogdum/filemanager/internal/resources/template_file/resource.go:582.16,583.57 1 1
github.com/ebogdum/filemanager/internal/resources/template_file/resource.go:584.18,585.57 1 0
github.com/ebogdum/filemanager/internal/resources/template_file/resource.go:586.10,587.63 1 0
github.com/ebogdum/filemanager/internal/resources/template_file/resource.go:592.146,601.20 5 1
github.com/ebogdum/filemanager/internal/resources/template_file/resource.go:602.17,603.43 1 0
github.com/ebogdum/filemanager/internal/resources/template_file/resource.go:604.14,605.40 1 1
github.com/ebogdum/filemanager/internal/resources/template_file/resource.go:606.15,607.41 1 1
github.com/ebogdum/filemanager/internal/resources/template_file/resource.go:611.2,615.16 3 1
github.com/ebogdum/filemanager/internal/resources/template_file/resource.go:615.16,617.3 1 0
github.com/ebogdum/filemanager/internal/resources/template_file/resource.go:620.2,621.49 2 1
github.com/ebogdum/filemanager/internal/resources/template_file/resource.go:621.49,623.3 1 1
github.com/ebogdum/filemanager/internal/resources/template_file/resource.go:625.2,625.26 1 1
github.com/ebogdum/filemanager/internal/resources/template_file/resource.go:629.119,633.31 2 1
github.com/ebogdum/filemanager/internal/resources/template_file/resource.go:633.31,641.3 4 1
github.com/ebogdum/filemanager/internal/resources/template_file/resource.go:642.2,642.20 1 1
github.com/ebogdum/filemanager/internal/resources/template_file/resource.go:646.39,655.47 1 1
github.com/ebogdum/filemanager/internal/resources/template_file/resource.go:655.47,657.4 1 1
github.com/ebogdum/filemanager/internal/resources/template_file/resource.go:658.47,660.4 1 1
github.com/ebogdum/filemanager/internal/resources/template_file/resource.go:663.46,665.4 1 1
github.com/ebogdum/filemanager/internal/resources/template_file/resource.go:669.51,671.4 1 0
github.com/ebogdum/filemanager/internal/resources/template_file/resource.go:674.43,676.4 1 1
github.com/ebogdum/filemanager/internal/resources/template_file/resource.go:677.44,679.4 1 1
github.com/ebogdum/filemanager/internal/resources/template_file/resource.go:680.44,682.4 1 1
github.com/ebogdum/filemanager/internal/resources/template_file/resource.go:685.43,686.17 1 1
github.com/ebogdum/filemanager/internal/resources/template_file/resource.go:686.17,688.5 1 1
github.com/ebogdum/filemanager/internal/resources/template_file/resource.go:689.4,689.14 1 1
github.com/ebogdum/filemanager/internal/resources/template_file/resource.go:693.47,696.31 3 1
github.com/ebogdum/filemanager/internal/resources/template_file/resource.go:696.31,697.19 1 1
github.com/ebogdum/filemanager/internal/resources/template_file/resource.go:697.19,699.6 1 1
github.com/ebogdum/filemanager/internal/resources/template_file/resource.go:701.4,701.36 1 1
github.com/ebogdum/filemanager/internal/resources/template_file/resource.go:708.34,710.4 1 1
github.com/ebogdum/filemanager/internal/resources/template_file/resource.go:713.35,715.4 1 1
github.com/ebogdum/filemanager/internal/resources/template_file/resource.go:718.32,720.4 1 0
github.com/ebogdum/filemanager/internal/resources/template_file/resource.go:723.45,724.29 1 1
github.com/ebogdum/filemanager/internal/resources/template_file/resource.go:724.29,725.16 1 1
github.com/ebogdum/filemanager/internal/resources/template_file/resource.go:725.16,727.6 1 1
github.com/ebogdum/filemanager/internal/resources/template_file/resource.go:729.4,729.13 1 0
github.com/ebogdum/filemanager/internal/resources/template_file/resource.go:733.68,734.17 1 0
github.com/ebogdum/filemanager/internal/resources/template_file/resource.go:734.17,736.5 1 0
github.com/ebogdum/filemanager/internal/resources/template_file/resource.go:737.4,737.19 1 0
github.com/ebogdum/filemanager/internal/resources/template_file/resource.go:741.33,744.4 2 1
github.com/ebogdum/filemanager/internal/resources/template_file/resource.go:747.31,750.4 2 1
github.com/ebogdum/filemanager/internal/resources/template_file/resource.go:755.36,757.2 1 1
github.com/ebogdum/filemanager/internal/resources/template_file/resource.go:760.108,761.49 1 0
github.com/ebogdum/filemanager/internal/resources/template_file/resource.go:761.49,763.3 1 0
github.com/ebogdum/filemanager/internal/resources/template_file/resource.go:765.2,765.57 1 0
github.com/ebogdum/filemanager/internal/resources/template_file/resource.go:769.142,774.24 3 0
github.com/ebogdum/filemanager/internal/resources/template_file/resource.go:774.24,776.3 1 0
github.com/ebogdum/filemanager/internal/resources/template_file/resource.go:776.8,776.67 1 0
github.com/ebogdum/filemanager/internal/resources/template_file/resource.go:776.67,779.17 2 0
github.com/ebogdum/filemanager/internal/resources/template_file/resource.go:779.17,781.4 1 0
github.com/ebogdum/filemanager/internal/resources/template_file/resource.go:782.3,783.15 2 0
github.com/ebogdum/filemanager/internal/resources/template_file/resource.go:787.2,787.24 1 0
github.com/ebogdum/filemanager/internal/resources/template_file/resource.go:787.24,789.3 1 0
github.com/ebogdum/filemanager/internal/resources/template_file/resource.go:789.8,789.67 1 0
github.com/ebogdum/filemanager/internal/resources/template_file/resource.go:789.67,792.17 2 0
github.com/ebogdum/filemanager/internal/resources/template_file/resource.go:792.17,794.4 1 0
github.com/ebogdum/filemanager/internal/resources/template_file/resource.go:795.3,796.15 2 0
github.com/ebogdum/filemanager/internal/resources/template_file/resource.go:799.2,799.26 1 0
github.com/ebogdum/filemanager/internal/resources/template_file/resource.go:799.26,800.60 1 0
github.com/ebogdum/filemanager/internal/resources/template_file/resource.go:800.60,801.37 1 0
github.com/ebogdum/filemanager/internal/resources/template_file/resource.go:801.37,803.5 1 0
github.com/ebogdum/filemanager/internal/resources/template_file/resource.go:807.2,807.12 1 0
github.com/ebogdum/filemanager/internal/resources/template_file/resource.go:811.98,819.2 5 1
github.com/ebogdum/filemanager/internal/resources/toml_file/resource.go:36.46,40.2 1 0
github.com/ebogdum/filemanager/internal/resources/toml_file/resource.go:74.121,76.2 1 0
github.com/ebogdum/filemanager/internal/resources/toml_file/resource.go:79.115,185.2 1 0
github.com/ebogdum/filemanager/internal/resources/toml_file/resource.go:188.124,189.29 1 0
github.com/ebogdum/filemanager/internal/resources/toml_file/resource.go:189.29,191.3 1 0
github.com/ebogdum/filemanager/internal/resources/toml_file/resource.go:193.2,194.9 2 0
github.com/ebogdum/filemanager/internal/resources/toml_file/resource.go:194.9,200.3 2 0
github.com/ebogdum/filemanager/internal/resources/toml_file/resource.go:202.2,202.19 1 0
github.com/ebogdum/filemanager/internal/resources/toml_file/resource.go:206.115,210.33 3 0
github.com/ebogdum/filemanager/internal/resources/toml_file/resource.go:210.33,212.3 1 0
github.com/ebogdum/filemanager/internal/resources/toml_file/resource.go:214.2,219.16 3 0
github.com/ebogdum/filemanager/internal/resources/toml_file/resource.go:219.16,222.3 2 0
github.com/ebogdum/filemanager/internal/resources/toml_file/resource.go:224.2,225.16 2 0
github.com/ebogdum/filemanager/internal/resources/toml_file/resource.go:225.16,228.3 2 0
github.com/ebogdum/filemanager/internal/resources/toml_file/resource.go:230.2,238.115 2 0
github.com/ebogdum/filemanager/internal/resources/toml_file/resource.go:238.115,241.3 2 0
github.com/ebogdum/filemanager/internal/resources/toml_file/resource.go:243.2,246.56 3 0
github.com/ebogdum/filemanager/internal/resources/toml_file/resource.go:250.109,254.33 3 0
github.com/ebogdum/filemanager/internal/resources/toml_file/resource.go:254.33,256.3 1 0
github.com/ebogdum/filemanager/internal/resources/toml_file/resource.go:258.2,259.16 2 0
github.com/ebogdum/filemanager/internal/resources/toml_file/resource.go:259.16,262.3 2 0
github.com/ebogdum/filemanager/internal/resources/toml_file/resource.go:264.2,265.16 2 0
github.com/ebogdum/filemanager/internal/resources/toml_file/resource.go:265.16,268.3 2 0
github.com/ebogdum/filemanager/internal/resources/toml_file/resource.go:270.2,270.13 1 0
github.com/ebogdum/filemanager/internal/resources/toml_file/resource.go:270.13,273.3 2 0
github.com/ebogdum/filemanager/internal/resources/toml_file/resource.go:275.2,276.16 2 0
github.com/ebogdum/filemanager/internal/resources/toml_file/resource.go:276.16,279.3 2 0
github.com/ebogdum/filemanager/internal/resources/toml_file/resource.go:280.2,283.16 3 0
github.com/ebogdum/filemanager/internal/resources/toml_file/resource.go:283.16,286.3 2 0
github.com/ebogdum/filemanager/internal/resources/toml_file/resource.go:288.2,290.56 2 0
github.com/ebogdum/filemanager/internal/resources/toml_file/resource.go:294.115,298.33 3 0
github.com/ebogdum/filemanager/internal/resources/toml_file/resource.go:298.33,300.3 1 0
github.com/ebogdum/filemanager/internal/resources/toml_file/resource.go:302.2,307.16 3 0
github.com/ebogdum/filemanager/internal/resources/toml_file/resource.go:307.16,310.3 2 0
github.com/ebogdum/filemanager/internal/resources/toml_file/resource.go:312.2,313.16 2 0
github.com/ebogdum/filemanager/internal/resources/toml_file/resource.go:313.16,316.3 2 0
github.com/ebogdum/filemanager/internal/resources/toml_file/resource.go:318.2,326.115 2 0
github.com/ebogdum/filemanager/internal/resources/toml_file/resource.go:326.115,329.3 2 0
github.com/ebogdum/filemanager/internal/resources/toml_file/resource.go:331.2,333.56 2 0
github.com/ebogdum/filemanager/internal/resources/toml_file/resource.go:337.115,341.33 3 0
github.com/ebogdum/filemanager/internal/resources/toml_file/resource.go:341.33,343.3 1 0
github.com/ebogdum/filemanager/internal/resources/toml_file/resource.go:345.2,346.16 2 0
github.com/ebogdum/filemanager/internal/resources/toml_file/resource.go:346.16,349.3 2 0
github.com/ebogdum/filemanager/internal/resources/toml_file/resource.go:351.2,351.69 1 0
github.com/ebogdum/filemanager/internal/resources/toml_file/resource.go:351.69,352.36 1 0
github.com/ebogdum/filemanager/internal/resources/toml_file/resource.go:352.36,355.4 2 0
github.com/ebogdum/filemanager/internal/resources/toml_file/resource.go:360.130,362.2 1 0
github.com/ebogdum/filemanager/internal/resources/toml_file/resource.go:365.110,368.57 2 0
github.com/ebogdum/filemanager/internal/resources/toml_file/resource.go:368.57,370.30 2 0
github.com/ebogdum/filemanager/internal/resources/toml_file/resource.go:370.30,371.42 1 0
github.com/ebogdum/filemanager/internal/resources/toml_file/resource.go:371.42,373.5 1 0
github.com/ebogdum/filemanager/internal/resources/toml_file/resource.go:377.2,380.61 2 0
github.com/ebogdum/filemanager/internal/resources/toml_file/resource.go:380.61,383.30 3 0
github.com/ebogdum/filemanager/internal/resources/toml_file/resource.go:383.30,384.42 1 0
github.com/ebogdum/filemanager/internal/resources/toml_file/resource.go:384.42,386.5 1 0
github.com/ebogdum/filemanager/internal/resources/toml_file/resource.go:389.3,392.17 4 0
github.com/ebogdum/filemanager/internal/resources/toml_file/resource.go:392.17,394.4 1 0
github.com/ebogdum/filemanager/internal/resources/toml_file/resource.go:398.2,403.42 2 0
github.com/ebogdum/filemanager/internal/resources/toml_file/resource.go:407.104,408.49 1 0
github.com/ebogdum/filemanager/internal/resources/toml_file/resource.go:408.49,410.3 1 0
github.com/ebogdum/filemanager/internal/resources/toml_file/resource.go:411.2,411.57 1 0
github.com/ebogdum/filemanager/internal/resources/toml_file/resource.go:415.94,430.2 10 0
github.com/ebogdum/filemanager/internal/resources/tfvars_file/interpolation.go:22.27,23.20 1 0
github.com/ebogdum/filemanager/internal/resources/tfvars_file/interpolation.go:23.20,25.3 1 0
github.com/ebogdum/filemanager/internal/resources/tfvars_file/interpolation.go:28.2,30.22 3 0
github.com/ebogdum/filemanager/internal/resources/tfvars_file/interpolation.go:30.22,33.3 2 0
github.com/ebogdum/filemanager/internal/resources/tfvars_file/interpolation.go:36.2,37.30 2 0
github.com/ebogdum/filemanager/internal/resources/tfvars_file/interpolation.go:37.30,39.20 2 0
github.com/ebogdum/filemanager/internal/resources/tfvars_file/interpolation.go:39.20,41.4 1 0
github.com/ebogdum/filemanager/internal/resources/tfvars_file/interpolation.go:45.2,46.16 2 0
github.com/ebogdum/filemanager/internal/resources/tfvars_file/interpolation.go:46.16,48.3 1 0
github.com/ebogdum/filemanager/internal/resources/tfvars_file/interpolation.go:51.2,52.29 2 0
github.com/ebogdum/filemanager/internal/resources/tfvars_file/interpolation.go:52.29,55.17 3 0
github.com/ebogdum/filemanager/internal/resources/tfvars_file/interpolation.go:55.17,57.4 1 0
github.com/ebogdum/filemanager/internal/resources/tfvars_file/interpolation.go:58.3,58.30 1 0
github.com/ebogdum/filemanager/internal/resources/tfvars_file/interpolation.go:62.2,62.27 1 0
github.com/ebogdum/filemanager/internal/resources/tfvars_file/interpolation.go:62.27,64.34 2 0
github.com/ebogdum/filemanager/internal/resources/tfvars_file/interpolation.go:64.34,66.4 1 0
github.com/ebogdum/filemanager/internal/resources/tfvars_file/interpolation.go:68.3,69.30 2 0
github.com/ebogdum/filemanager/internal/resources/tfvars_file/interpolation.go:69.30,71.4 1 0
github.com/ebogdum/filemanager/internal/resources/tfvars_file/interpolation.go:72.3,72.28 1 0
github.com/ebogdum/filemanager/internal/resources/tfvars_file/interpolation.go:72.28,74.4 1 0
github.com/ebogdum/filemanager/internal/resources/tfvars_file/interpolation.go:76.3,76.34 1 0
github.com/ebogdum/filemanager/internal/resources/tfvars_file/interpolation.go:76.34,78.18 2 0
github.com/ebogdum/filemanager/internal/resources/tfvars_file/interpolation.go:78.18,80.5 1 0
github.com/ebogdum/filemanager/internal/resources/tfvars_file/interpolation.go:81.4,81.31 1 0
github.com/ebogdum/filemanager/internal/resources/tfvars_file/interpolation.go:85.2,85.22 1 0
github.com/ebogdum/filemanager/internal/resources/tfvars_file/interpolation.go:89.106,90.41 1 0
github.com/ebogdum/filemanager/internal/resources/tfvars_file/interpolation.go:90.41,92.3 1 0
github.com/ebogdum/filemanager/internal/resources/tfvars_file/interpolation.go:94.2,99.16 2 0
github.com/ebogdum/filemanager/internal/resources/tfvars_file/interpolation.go:99.16,101.3 1 0
github.com/ebogdum/filemanager/internal/resources/tfvars_file/interpolation.go:103.2,104.49 2 0
github.com/ebogdum/filemanager/internal/resources/tfvars_file/interpolation.go:104.49,106.3 1 0
github.com/ebogdum/filemanager/internal/resources/tfvars_file/interpolation.go:108.2,108.26 1 0
github.com/ebogdum/filemanager/internal/resources/tfvars_file/interpolation.go:112.93,113.27 1 0
github.com/ebogdum/filemanager/internal/resources/tfvars_file/interpolation.go:114.14,115.60 1 0
github.com/ebogdum/filemanager/internal/resources/tfvars_file/interpolation.go:117.22,119.25 2 0
github.com/ebogdum/filemanager/internal/resources/tfvars_file/interpolation.go:119.25,121.18 2 0
github.com/ebogdum/filemanager/internal/resources/tfvars_file/interpolation.go:121.18,123.5 1 0
github.com/ebogdum/filemanager/internal/resources/tfvars_file/interpolation.go:124.4,124.24 1 0
github.com/ebogdum/filemanager/internal/resources/tfvars_file/interpolation.go:126.3,126.21 1 0
github.com/ebogdum/filemanager/internal/resources/tfvars_file/interpolation.go:128.13,130.25 2 0
github.com/ebogdum/filemanager/internal/resources/tfvars_file/interpolation.go:130.25,132.18 2 0
github.com/ebogdum/filemanager/internal/resources/tfvars_file/interpolation.go:132.18,134.5 1 0
github.com/ebogdum/filemanager/internal/resources/tfvars_file/interpolation.go:135.4,135.24 1 0
github.com/ebogdum/filemanager/internal/resources/tfvars_file/interpolation.go:137.3,137.21 1 0
github.com/ebogdum/filemanager/internal/resources/tfvars_file/interpolation.go:139.10,140.20 1 0
github.com/ebogdum/filemanager/internal/resources/tfvars_file/interpolation.go:145.106,146.41 1 0
github.com/ebogdum/filemanager/internal/resources/tfvars_file/interpolation.go:146.41,148.3 1 0
github.com/ebogdum/filemanager/internal/resources/tfvars_file/interpolation.go:151.2,159.32 8 0
github.com/ebogdum/filemanager/internal/resources/tfvars_file/interpolation.go:159.32,160.21 1 0
github.com/ebogdum/filemanager/internal/resources/tfvars_file/interpolation.go:160.21,162.36 2 0
github.com/ebogdum/filemanager/internal/resources/tfvars_file/interpolation.go:162.36,165.5 2 0
github.com/ebogdum/filemanager/internal/resources/tfvars_file/interpolation.go:168.2,168.13 1 0
github.com/ebogdum/filemanager/internal/resources/tfvars_file/interpolation.go:172.117,178.24 5 0
github.com/ebogdum/filemanager/internal/resources/tfvars_file/interpolation.go:178.24,180.3 1 0
github.com/ebogdum/filemanager/internal/resources/tfvars_file/interpolation.go:181.2,181.13 1 0
github.com/ebogdum/filemanager/internal/resources/tfvars_file/interpolation.go:185.117,186.27 1 0
github.com/ebogdum/filemanager/internal/resources/tfvars_file/interpolation.go:187.14,189.28 2 0
github.com/ebogdum/filemanager/internal/resources/tfvars_file/interpolation.go:189.28,191.4 1 0
github.com/ebogdum/filemanager/internal/resources/tfvars_file/interpolation.go:192.22,193.25 1 0
github.com/ebogdum/filemanager/internal/resources/tfvars_file/interpolation.go:193.25,195.4 1 0
github.com/ebogdum/filemanager/internal/resources/tfvars_file/interpolation.go:196.13,197.25 1 0
github.com/ebogdum/filemanager/internal/resources/tfvars_file/interpolation.go:197.25,199.4 1 0
github.com/ebogdum/filemanager/internal/resources/tfvars_file/interpolation.go:204.85,207.28 2 0
github.com/ebogdum/filemanager/internal/resources/tfvars_file/interpolation.go:207.28,209.3 1 0
github.com/ebogdum/filemanager/internal/resources/tfvars_file/interpolation.go:213.2,214.32 2 0
github.com/ebogdum/filemanager/internal/resources/tfvars_file/interpolation.go:214.32,215.28 1 0
github.com/ebogdum/filemanager/internal/resources/tfvars_file/interpolation.go:215.28,219.4 2 0
github.com/ebogdum/filemanager/internal/resources/tfvars_file/interpolation.go:223.2,224.28 2 0
github.com/ebogdum/filemanager/internal/resources/tfvars_file/interpolation.go:224.28,225.23 1 0
github.com/ebogdum/filemanager/internal/resources/tfvars_file/interpolation.go:225.23,227.4 1 0
github.com/ebogdum/filemanager/internal/resources/tfvars_file/interpolation.go:230.2,231.21 2 0
github.com/ebogdum/filemanager/internal/resources/tfvars_file/interpolation.go:231.21,236.46 4 0
github.com/ebogdum/filemanager/internal/resources/tfvars_file/interpolation.go:236.46,238.32 2 0
github.com/ebogdum/filemanager/internal/resources/tfvars_file/interpolation.go:238.32,240.5 1 0
github.com/ebogdum/filemanager/internal/resources/tfvars_file/interpolation.go:244.2,244.33 1 0
github.com/ebogdum/filemanager/internal/resources/tfvars_file/interpolation.go:244.33,247.29 2 0
github.com/ebogdum/filemanager/internal/resources/tfvars_file/interpolation.go:247.29,248.23 1 0
github.com/ebogdum/filemanager/internal/resources/tfvars_file/interpolation.go:248.23,250.5 1 0
github.com/ebogdum/filemanager/internal/resources/tfvars_file/interpolation.go:252.3,252.111 1 0
github.com/ebogdum/filemanager/internal/resources/tfvars_file/interpolation.go:255.2,255.20 1 0
github.com/ebogdum/filemanager/internal/resources/tfvars_file/interpolation.go:259.39,265.41 1 0
github.com/ebogdum/filemanager/internal/resources/tfvars_file/interpolation.go:265.41,267.4 1 0
github.com/ebogdum/filemanager/internal/resources/tfvars_file/interpolation.go:268.51,270.4 1 0
github.com/ebogdum/filemanager/internal/resources/tfvars_file/interpolation.go:271.43,272.17 1 0
github.com/ebogdum/filemanager/internal/resources/tfvars_file/interpolation.go:272.17,274.5 1 0
github.com/ebogdum/filemanager/internal/resources/tfvars_file/interpolation.go:275.4,275.14 1 0
github.com/ebogdum/filemanager/internal/resources/tfvars_file/interpolation.go:278.43,280.4 1 0
github.com/ebogdum/filemanager/internal/resources/tfvars_file/interpolation.go:283.47,285.4 1 0
github.com/ebogdum/filemanager/internal/resources/tfvars_file/interpolation.go:286.47,288.4 1 0
github.com/ebogdum/filemanager/internal/resources/tfvars_file/resource.go:37.48,39.2 1 0
github.com/ebogdum/filemanager/internal/resources/tfvars_file/resource.go:78.123,80.2 1 0
github.com/ebogdum/filemanager/internal/resources/tfvars_file/resource.go:83.117,234.2 1 0
github.com/ebogdum/filemanager/internal/resources/tfvars_file/resource.go:237.126,238.29 1 0
github.com/ebogdum/filemanager/internal/resources/tfvars_file/resource.go:238.29,240.3 1 0
github.com/ebogdum/filemanager/internal/resources/tfvars_file/resource.go:242.2,243.9 2 0
github.com/ebogdum/filemanager/internal/resources/tfvars_file/resource.go:243.9,249.3 2 0
github.com/ebogdum/filemanager/internal/resources/tfvars_file/resource.go:251.2,251.19 1 0
github.com/ebogdum/filemanager/internal/resources/tfvars_file/resource.go:255.117,259.33 3 0
github.com/ebogdum/filemanager/internal/resources/tfvars_file/resource.go:259.33,261.3 1 0
github.com/ebogdum/filemanager/internal/resources/tfvars_file/resource.go:263.2,268.16 3 0
github.com/ebogdum/filemanager/internal/resources/tfvars_file/resource.go:268.16,271.3 2 0
github.com/ebogdum/filemanager/internal/resources/tfvars_file/resource.go:273.2,274.16 2 0
github.com/ebogdum/filemanager/internal/resources/tfvars_file/resource.go:274.16,277.3 2 0
github.com/ebogdum/filemanager/internal/resources/tfvars_file/resource.go:279.2,287.115 2 0
github.com/ebogdum/filemanager/internal/resources/tfvars_file/resource.go:287.115,290.3 2 0
github.com/ebogdum/filemanager/internal/resources/tfvars_file/resource.go:292.2,295.56 3 0
github.com/ebogdum/filemanager/internal/resources/tfvars_file/resource.go:299.111,303.33 3 0
github.com/ebogdum/filemanager/internal/resources/tfvars_file/resource.go:303.33,305.3 1 0
github.com/ebogdum/filemanager/internal/resources/tfvars_file/resource.go:307.2,308.16 2 0
github.com/ebogdum/filemanager/internal/resources/tfvars_file/resource.go:308.16,311.3 2 0
github.com/ebogdum/filemanager/internal/resources/tfvars_file/resource.go:313.2,314.16 2 0
github.com/ebogdum/filemanager/internal/resources/tfvars_file/resource.go:314.16,317.3 2 0
github.com/ebogdum/filemanager/internal/resources/tfvars_file/resource.go:319.2,319.13 1 0
github.com/ebogdum/filemanager/internal/resources/tfvars_file/resource.go:319.13,322.3 2 0
github.com/ebogdum/filemanager/internal/resources/tfvars_file/resource.go:324.2,325.16 2 0
github.com/ebogdum/filemanager/internal/resources/tfvars_file/resource.go:325.16,328.3 2 0
github.com/ebogdum/filemanager/internal/resources/tfvars_file/resource.go:329.2,332.16 3 0
github.com/ebogdum/filemanager/internal/resources/tfvars_file/resource.go:332.16,335.3 2 0
github.com/ebogdum/filemanager/internal/resources/tfvars_file/resource.go:338.2,341.22 4 0
github.com/ebogdum/filemanager/internal/resources/tfvars_file/resource.go:341.22,343.22 2 0
github.com/ebogdum/filemanager/internal/resources/tfvars_file/resource.go:343.22,345.4 1 0
github.com/ebogdum/filemanager/internal/resources/tfvars_file/resource.go:346.8,348.22 2 0
github.com/ebogdum/filemanager/internal/resources/tfvars_file/resource.go:348.22,350.4 1 0
github.com/ebogdum/filemanager/internal/resources/tfvars_file/resource.go:353.2,355.56 2 0
github.com/ebogdum/filemanager/internal/resources/tfvars_file/resource.go:359.117,363.33 3 0
github.com/ebogdum/filemanager/internal/resources/tfvars_file/resource.go:363.33,365.3 1 0
github.com/ebogdum/filemanager/internal/resources/tfvars_file/resource.go:367.2,372.16 3 0
github.com/ebogdum/filemanager/internal/resources/tfvars_file/resource.go:372.16,375.3 2 0
github.com/ebogdum/filemanager/internal/resources/tfvars_file/resource.go:377.2,378.16 2 0
github.com/ebogdum/filemanager/internal/resources/tfvars_file/resource.go:378.16,381.3 2 0
github.com/ebogdum/filemanager/internal/resources/tfvars_file/resource.go:383.2,391.115 2 0
github.com/ebogdum/filemanager/internal/resources/tfvars_file/resource.go:391.115,394.3 2 0
github.com/ebogdum/filemanager/internal/resources/tfvars_file/resource.go:396.2,398.56 2 0
github.com/ebogdum/filemanager/internal/resources/tfvars_file/resource.go:402.117,406.33 3 0
github.com/ebogdum/filemanager/internal/resources/tfvars_file/resource.go:406.33,408.3 1 0
github.com/ebogdum/filemanager/internal/resources/tfvars_file/resource.go:410.2,411.16 2 0
github.com/ebogdum/filemanager/internal/resources/tfvars_file/resource.go:411.16,414.3 2 0
github.com/ebogdum/filemanager/internal/resources/tfvars_file/resource.go:416.2,416.69 1 0
github.com/ebogdum/filemanager/internal/resources/tfvars_file/resource.go:416.69,417.36 1 0
github.com/ebogdum/filemanager/internal/resources/tfvars_file/resource.go:417.36,420.4 2 0
github.com/ebogdum/filemanager/internal/resources/tfvars_file/resource.go:425.132,427.2 1 0
github.com/ebogdum/filemanager/internal/resources/tfvars_file/resource.go:430.121,432.16 2 0
github.com/ebogdum/filemanager/internal/resources/tfvars_file/resource.go:432.16,434.3 1 0
github.com/ebogdum/filemanager/internal/resources/tfvars_file/resource.go:436.2,440.16 5 0
github.com/ebogdum/filemanager/internal/resources/tfvars_file/resource.go:440.16,442.3 1 0
github.com/ebogdum/filemanager/internal/resources/tfvars_file/resource.go:444.2,444.40 1 0
github.com/ebogdum/filemanager/internal/resources/tfvars_file/resource.go:444.40,446.3 1 0
github.com/ebogdum/filemanager/internal/resources/tfvars_file/resource.go:448.2,450.16 3 0
github.com/ebogdum/filemanager/internal/resources/tfvars_file/resource.go:450.16,452.3 1 0
github.com/ebogdum/filemanager/internal/resources/tfvars_file/resource.go:453.2,453.43 1 0
github.com/ebogdum/filemanager/internal/resources/tfvars_file/resource.go:456.96,458.16 2 0
github.com/ebogdum/filemanager/internal/resources/tfvars_file/resource.go:458.16,460.3 1 0
github.com/ebogdum/filemanager/internal/resources/tfvars_file/resource.go:462.2,462.19 1 0
github.com/ebogdum/filemanager/internal/resources/tfvars_file/resource.go:462.19,464.3 1 0
github.com/ebogdum/filemanager/internal/resources/tfvars_file/resource.go:466.2,467.9 2 0
github.com/ebogdum/filemanager/internal/resources/tfvars_file/resource.go:467.9,469.3 1 0
github.com/ebogdum/filemanager/internal/resources/tfvars_file/resource.go:470.2,470.18 1 0
github.com/ebogdum/filemanager/internal/resources/tfvars_file/resource.go:473.69,474.65 1 0
github.com/ebogdum/filemanager/internal/resources/tfvars_file/resource.go:474.65,476.3 1 0
github.com/ebogdum/filemanager/internal/resources/tfvars_file/resource.go:477.2,479.26 3 0
github.com/ebogdum/filemanager/internal/resources/tfvars_file/resource.go:479.26,481.3 1 0
github.com/ebogdum/filemanager/internal/resources/tfvars_file/resource.go:482.2,482.21 1 0
github.com/ebogdum/filemanager/internal/resources/tfvars_file/resource.go:485.140,487.16 2 0
github.com/ebogdum/filemanager/internal/resources/tfvars_file/resource.go:487.16,489.3 1 0
github.com/ebogdum/filemanager/internal/resources/tfvars_file/resource.go:491.2,492.27 2 0
github.com/ebogdum/filemanager/internal/resources/tfvars_file/resource.go:492.27,494.3 1 0
github.com/ebogdum/filemanager/internal/resources/tfvars_file/resource.go:496.2,497.16 2 0
github.com/ebogdum/filemanager/internal/resources/tfvars_file/resource.go:497.16,499.3 1 0
github.com/ebogdum/filemanager/internal/resources/tfvars_file/resource.go:500.2,502.45 3 0
github.com/ebogdum/filemanager/internal/resources/tfvars_file/resource.go:502.45,504.3 1 0
github.com/ebogdum/filemanager/internal/resources/tfvars_file/resource.go:506.2,507.21 2 0
github.com/ebogdum/filemanager/internal/resources/tfvars_file/resource.go:507.21,509.3 1 0
github.com/ebogdum/filemanager/internal/resources/tfvars_file/resource.go:511.2,511.57 1 0
github.com/ebogdum/filemanager/internal/resources/tfvars_file/resource.go:511.57,512.30 1 0
github.com/ebogdum/filemanager/internal/resources/tfvars_file/resource.go:512.30,513.41 1 0
github.com/ebogdum/filemanager/internal/resources/tfvars_file/resource.go:513.41,515.5 1 0
github.com/ebogdum/filemanager/internal/resources/tfvars_file/resource.go:517.3,517.18 1 0
github.com/ebogdum/filemanager/internal/resources/tfvars_file/resource.go:520.2,520.29 1 0
github.com/ebogdum/filemanager/internal/resources/tfvars_file/resource.go:520.29,521.40 1 0
github.com/ebogdum/filemanager/internal/resources/tfvars_file/resource.go:521.40,523.4 1 0
github.com/ebogdum/filemanager/internal/resources/tfvars_file/resource.go:525.2,525.17 1 0
github.com/ebogdum/filemanager/internal/resources/tfvars_file/resource.go:528.70,529.34 1 0
github.com/ebogdum/filemanager/internal/resources/tfvars_file/resource.go:529.34,532.3 2 0
github.com/ebogdum/filemanager/internal/resources/tfvars_file/resource.go:533.2,534.17 2 0
github.com/ebogdum/filemanager/internal/resources/tfvars_file/resource.go:537.70,538.51 1 0
github.com/ebogdum/filemanager/internal/resources/tfvars_file/resource.go:538.51,540.3 1 0
github.com/ebogdum/filemanager/internal/resources/tfvars_file/resource.go:541.2,541.45 1 0
github.com/ebogdum/filemanager/internal/resources/tfvars_file/resource.go:541.45,544.3 2 0
github.com/ebogdum/filemanager/internal/resources/tfvars_file/resource.go:547.94,548.33 1 0
github.com/ebogdum/filemanager/internal/resources/tfvars_file/resource.go:548.33,550.3 1 0
github.com/ebogdum/filemanager/internal/resources/tfvars_file/resource.go:551.2,551.61 1 0
github.com/ebogdum/filemanager/internal/resources/tfvars_file/resource.go:555.106,556.49 1 0
github.com/ebogdum/filemanager/internal/resources/tfvars_file/resource.go:556.49,558.3 1 0
github.com/ebogdum/filemanager/internal/resources/tfvars_file/resource.go:559.2,559.57 1 0
github.com/ebogdum/filemanager/internal/resources/tfvars_file/resource.go:563.114,578.2 11 0
github.com/ebogdum/filemanager/internal/resources/tfvars_file/serialization.go:18.74,23.22 4 0
github.com/ebogdum/filemanager/internal/resources/tfvars_file/serialization.go:23.22,25.3 1 0
github.com/ebogdum/filemanager/internal/resources/tfvars_file/serialization.go:26.2,26.14 1 0
github.com/ebogdum/filemanager/internal/resources/tfvars_file/serialization.go:26.14,28.3 1 0
github.com/ebogdum/filemanager/internal/resources/tfvars_file/serialization.go:30.2,30.25 1 0
github.com/ebogdum/filemanager/internal/resources/tfvars_file/serialization.go:30.25,32.3 1 0
github.com/ebogdum/filemanager/internal/resources/tfvars_file/serialization.go:34.2,35.54 2 0
github.com/ebogdum/filemanager/internal/resources/tfvars_file/serialization.go:35.54,37.3 1 0
github.com/ebogdum/filemanager/internal/resources/tfvars_file/serialization.go:39.2,39.20 1 0
github.com/ebogdum/filemanager/internal/resources/tfvars_file/serialization.go:43.78,44.18 1 0
github.com/ebogdum/filemanager/internal/resources/tfvars_file/serialization.go:44.18,46.3 1 0
github.com/ebogdum/filemanager/internal/resources/tfvars_file/serialization.go:47.2,48.16 2 0
github.com/ebogdum/filemanager/internal/resources/tfvars_file/serialization.go:48.16,50.3 1 0
github.com/ebogdum/filemanager/internal/resources/tfvars_file/serialization.go:52.2,53.18 2 0
github.com/ebogdum/filemanager/internal/resources/tfvars_file/serialization.go:57.58,60.23 3 0
github.com/ebogdum/filemanager/internal/resources/tfvars_file/serialization.go:60.23,62.3 1 0
github.com/ebogdum/filemanager/internal/resources/tfvars_file/serialization.go:64.2,65.9 2 0
github.com/ebogdum/filemanager/internal/resources/tfvars_file/serialization.go:65.9,67.3 1 0
github.com/ebogdum/filemanager/internal/resources/tfvars_file/serialization.go:69.2,70.42 2 0
github.com/ebogdum/filemanager/internal/resources/tfvars_file/serialization.go:70.42,72.27 2 0
github.com/ebogdum/filemanager/internal/resources/tfvars_file/serialization.go:72.27,74.4 1 0
github.com/ebogdum/filemanager/internal/resources/tfvars_file/serialization.go:75.3,75.30 1 0
github.com/ebogdum/filemanager/internal/resources/tfvars_file/serialization.go:78.2,78.20 1 0
github.com/ebogdum/filemanager/internal/resources/tfvars_file/serialization.go:82.59,84.54 2 0
github.com/ebogdum/filemanager/internal/resources/tfvars_file/serialization.go:84.54,86.3 1 0
github.com/ebogdum/filemanager/internal/resources/tfvars_file/serialization.go:87.2,87.20 1 0
github.com/ebogdum/filemanager/internal/resources/tfvars_file/serialization.go:91.43,94.23 3 0
github.com/ebogdum/filemanager/internal/resources/tfvars_file/serialization.go:94.23,96.3 1 0
github.com/ebogdum/filemanager/internal/resources/tfvars_file/serialization.go:97.2,97.12 1 0
github.com/ebogdum/filemanager/internal/resources/tfvars_file/serialization.go:101.31,102.14 1 0
github.com/ebogdum/filemanager/internal/resources/tfvars_file/serialization.go:102.14,104.3 1 0
github.com/ebogdum/filemanager/internal/resources/tfvars_file/serialization.go:106.2,106.25 1 0
github.com/ebogdum/filemanager/internal/resources/tfvars_file/serialization.go:107.14,108.28 1 0
github.com/ebogdum/filemanager/internal/resources/tfvars_file/serialization.go:110.12,111.26 1 0
github.com/ebogdum/filemanager/internal/resources/tfvars_file/serialization.go:113.11,114.38 1 0
github.com/ebogdum/filemanager/internal/resources/tfvars_file/serialization.go:116.13,117.31 1 0
github.com/ebogdum/filemanager/internal/resources/tfvars_file/serialization.go:119.15,120.33 1 0
github.com/ebogdum/filemanager/internal/resources/tfvars_file/serialization.go:122.13,123.20 1 0
github.com/ebogdum/filemanager/internal/resources/tfvars_file/serialization.go:123.20,125.4 1 0
github.com/ebogdum/filemanager/internal/resources/tfvars_file/serialization.go:126.3,127.28 2 0
github.com/ebogdum/filemanager/internal/resources/tfvars_file/serialization.go:127.28,129.4 1 0
github.com/ebogdum/filemanager/internal/resources/tfvars_file/serialization.go:130.3,130.28 1 0
github.com/ebogdum/filemanager/internal/resources/tfvars_file/serialization.go:132.16,133.20 1 0
github.com/ebogdum/filemanager/internal/resources/tfvars_file/serialization.go:133.20,135.4 1 0
github.com/ebogdum/filemanager/internal/resources/tfvars_file/serialization.go:136.3,137.28 2 0
github.com/ebogdum/filemanager/internal/resources/tfvars_file/serialization.go:137.28,139.4 1 0
github.com/ebogdum/filemanager/internal/resources/tfvars_file/serialization.go:140.3,140.27 1 0
github.com/ebogdum/filemanager/internal/resources/tfvars_file/serialization.go:142.22,143.20 1 0
github.com/ebogdum/filemanager/internal/resources/tfvars_file/serialization.go:143.20,145.4 1 0
github.com/ebogdum/filemanager/internal/resources/tfvars_file/serialization.go:146.3,147.25 2 0
github.com/ebogdum/filemanager/internal/resources/tfvars_file/serialization.go:147.25,149.4 1 0
github.com/ebogdum/filemanager/internal/resources/tfvars_file/serialization.go:150.3,150.29 1 0
github.com/ebogdum/filemanager/internal/resources/tfvars_file/serialization.go:152.10,153.45 1 0
github.com/ebogdum/filemanager/internal/resources/tfvars_file/serialization.go:158.33,159.18 1 0
github.com/ebogdum/filemanager/internal/resources/tfvars_file/serialization.go:159.18,161.3 1 0
github.com/ebogdum/filemanager/internal/resources/tfvars_file/serialization.go:163.2,165.9 2 0
github.com/ebogdum/filemanager/internal/resources/tfvars_file/serialization.go:166.24,167.24 1 0
github.com/ebogdum/filemanager/internal/resources/tfvars_file/serialization.go:169.24,171.17 2 0
github.com/ebogdum/filemanager/internal/resources/tfvars_file/serialization.go:171.17,174.4 2 0
github.com/ebogdum/filemanager/internal/resources/tfvars_file/serialization.go:175.3,176.11 2 0
github.com/ebogdum/filemanager/internal/resources/tfvars_file/serialization.go:178.22,179.20 1 0
github.com/ebogdum/filemanager/internal/resources/tfvars_file/serialization.go:181.61,183.47 2 0
github.com/ebogdum/filemanager/internal/resources/tfvars_file/serialization.go:183.47,186.4 2 0
github.com/ebogdum/filemanager/internal/resources/tfvars_file/serialization.go:187.3,187.16 1 0
github.com/ebogdum/filemanager/internal/resources/tfvars_file/serialization.go:189.43,191.47 2 0
github.com/ebogdum/filemanager/internal/resources/tfvars_file/serialization.go:191.47,194.4 2 0
github.com/ebogdum/filemanager/internal/resources/tfvars_file/serialization.go:195.3,195.16 1 0
github.com/ebogdum/filemanager/internal/resources/tfvars_file/serialization.go:197.10,198.24 1 0
github.com/ebogdum/filemanager/internal/resources/tfvars_file/serialization.go:203.39,204.61 1 0
github.com/ebogdum/filemanager/internal/resources/tfvars_file/serialization.go:204.61,206.3 1 0
github.com/ebogdum/filemanager/internal/resources/tfvars_file/serialization.go:207.2,207.14 1 0
github.com/ebogdum/filemanager/internal/resources/xml_file/resource.go:38.45,42.2 1 0
github.com/ebogdum/filemanager/internal/resources/xml_file/resource.go:78.120,80.2 1 0
github.com/ebogdum/filemanager/internal/resources/xml_file/resource.go:83.114,209.2 1 0
github.com/ebogdum/filemanager/internal/resources/xml_file/resource.go:212.123,213.29 1 0
github.com/ebogdum/filemanager/internal/resources/xml_file/resource.go:213.29,215.3 1 0
github.com/ebogdum/filemanager/internal/resources/xml_file/resource.go:217.2,218.9 2 0
github.com/ebogdum/filemanager/internal/resources/xml_file/resource.go:218.9,224.3 2 0
github.com/ebogdum/filemanager/internal/resources/xml_file/resource.go:226.2,226.19 1 0
github.com/ebogdum/filemanager/internal/resources/xml_file/resource.go:230.114,234.33 3 0
github.com/ebogdum/filemanager/internal/resources/xml_file/resource.go:234.33,236.3 1 0
github.com/ebogdum/filemanager/internal/resources/xml_file/resource.go:238.2,244.16 3 0
github.com/ebogdum/filemanager/internal/resources/xml_file/resource.go:244.16,247.3 2 0
github.com/ebogdum/filemanager/internal/resources/xml_file/resource.go:250.2,251.16 2 0
github.com/ebogdum/filemanager/internal/resources/xml_file/resource.go:251.16,254.3 2 0
github.com/ebogdum/filemanager/internal/resources/xml_file/resource.go:257.2,265.115 2 0
github.com/ebogdum/filemanager/internal/resources/xml_file/resource.go:265.115,268.3 2 0
github.com/ebogdum/filemanager/internal/resources/xml_file/resource.go:271.2,274.56 3 0
github.com/ebogdum/filemanager/internal/resources/xml_file/resource.go:278.108,282.33 3 0
github.com/ebogdum/filemanager/internal/resources/xml_file/resource.go:282.33,284.3 1 0
github.com/ebogdum/filemanager/internal/resources/xml_file/resource.go:286.2,287.16 2 0
github.com/ebogdum/filemanager/internal/resources/xml_file/resource.go:287.16,290.3 2 0
github.com/ebogdum/filemanager/internal/resources/xml_file/resource.go:292.2,293.16 2 0
github.com/ebogdum/filemanager/internal/resources/xml_file/resource.go:293.16,296.3 2 0
github.com/ebogdum/filemanager/internal/resources/xml_file/resource.go:298.2,298.13 1 0
github.com/ebogdum/filemanager/internal/resources/xml_file/resource.go:298.13,301.3 2 0
github.com/ebogdum/filemanager/internal/resources/xml_file/resource.go:303.2,304.16 2 0
github.com/ebogdum/filemanager/internal/resources/xml_file/resource.go:304.16,307.3 2 0
github.com/ebogdum/filemanager/internal/resources/xml_file/resource.go:308.2,311.16 3 0
github.com/ebogdum/filemanager/internal/resources/xml_file/resource.go:311.16,314.3 2 0
github.com/ebogdum/filemanager/internal/resources/xml_file/resource.go:316.2,318.56 2 0
github.com/ebogdum/filemanager/internal/resources/xml_file/resource.go:322.114,326.33 3 0
github.com/ebogdum/filemanager/internal/resources/xml_file/resource.go:326.33,328.3 1 0
github.com/ebogdum/filemanager/internal/resources/xml_file/resource.go:330.2,335.16 3 0
github.com/ebogdum/filemanager/internal/resources/xml_file/resource.go:335.16,338.3 2 0
github.com/ebogdum/filemanager/internal/resources/xml_file/resource.go:340.2,341.16 2 0
github.com/ebogdum/filemanager/internal/resources/xml_file/resource.go:341.16,344.3 2 0
github.com/ebogdum/filemanager/internal/resources/xml_file/resource.go:346.2,354.115 2 0
github.com/ebogdum/filemanager/internal/resources/xml_file/resource.go:354.115,357.3 2 0
github.com/ebogdum/filemanager/internal/resources/xml_file/resource.go:359.2,361.56 2 0
github.com/ebogdum/filemanager/internal/resources/xml_file/resource.go:365.114,369.33 3 0
github.com/ebogdum/filemanager/internal/resources/xml_file/resource.go:369.33,371.3 1 0
github.com/ebogdum/filemanager/internal/resources/xml_file/resource.go:373.2,374.16 2 0
github.com/ebogdum/filemanager/internal/resources/xml_file/resource.go:374.16,377.3 2 0
github.com/ebogdum/filemanager/internal/resources/xml_file/resource.go:379.2,379.69 1 0
github.com/ebogdum/filemanager/internal/resources/xml_file/resource.go:379.69,380.36 1 0
github.com/ebogdum/filemanager/internal/resources/xml_file/resource.go:380.36,383.4 2 0
github.com/ebogdum/filemanager/internal/resources/xml_file/resource.go:388.129,390.2 1 0
github.com/ebogdum/filemanager/internal/resources/xml_file/resource.go:393.108,396.85 2 0
github.com/ebogdum/filemanager/internal/resources/xml_file/resource.go:396.85,398.3 1 0
github.com/ebogdum/filemanager/internal/resources/xml_file/resource.go:401.2,401.99 1 0
github.com/ebogdum/filemanager/internal/resources/xml_file/resource.go:401.99,403.90 2 0
github.com/ebogdum/filemanager/internal/resources/xml_file/resource.go:403.90,405.4 1 0
github.com/ebogdum/filemanager/internal/resources/xml_file/resource.go:407.3,410.17 4 0
github.com/ebogdum/filemanager/internal/resources/xml_file/resource.go:410.17,412.4 1 0
github.com/ebogdum/filemanager/internal/resources/xml_file/resource.go:416.2,423.42 2 0
github.com/ebogdum/filemanager/internal/resources/xml_file/resource.go:427.103,428.49 1 0
github.com/ebogdum/filemanager/internal/resources/xml_file/resource.go:428.49,430.3 1 0
github.com/ebogdum/filemanager/internal/resources/xml_file/resource.go:431.2,431.57 1 0
github.com/ebogdum/filemanager/internal/resources/xml_file/resource.go:435.92,450.2 10 0
github.com/ebogdum/filemanager/internal/resources/upload/resource.go:36.44,38.2 1 0
github.com/ebogdum/filemanager/internal/resources/upload/resource.go:73.119,75.2 1 0
github.com/ebogdum/filemanager/internal/resources/upload/resource.go:78.113,193.2 1 0
github.com/ebogdum/filemanager/internal/resources/upload/resource.go:196.122,197.29 1 0
github.com/ebogdum/filemanager/internal/resources/upload/resource.go:197.29,199.3 1 0
github.com/ebogdum/filemanager/internal/resources/upload/resource.go:201.2,202.9 2 0
github.com/ebogdum/filemanager/internal/resources/upload/resource.go:202.9,208.3 2 0
github.com/ebogdum/filemanager/internal/resources/upload/resource.go:210.2,210.19 1 0
github.com/ebogdum/filemanager/internal/resources/upload/resource.go:214.113,218.33 3 0
github.com/ebogdum/filemanager/internal/resources/upload/resource.go:218.33,220.3 1 0
github.com/ebogdum/filemanager/internal/resources/upload/resource.go:222.2,228.16 3 0
github.com/ebogdum/filemanager/internal/resources/upload/resource.go:228.16,231.3 2 0
github.com/ebogdum/filemanager/internal/resources/upload/resource.go:233.2,238.56 3 0
github.com/ebogdum/filemanager/internal/resources/upload/resource.go:242.107,246.33 3 0
github.com/ebogdum/filemanager/internal/resources/upload/resource.go:246.33,248.3 1 0
github.com/ebogdum/filemanager/internal/resources/upload/resource.go:251.2,252.16 2 0
github.com/ebogdum/filemanager/internal/resources/upload/resource.go:252.16,255.3 2 0
github.com/ebogdum/filemanager/internal/resources/upload/resource.go:257.2,258.16 2 0
github.com/ebogdum/filemanager/internal/resources/upload/resource.go:258.16,261.3 2 0
github.com/ebogdum/filemanager/internal/resources/upload/resource.go:263.2,263.13 1 0
github.com/ebogdum/filemanager/internal/resources/upload/resource.go:263.13,266.3 2 0
github.com/ebogdum/filemanager/internal/resources/upload/resource.go:269.2,275.56 6 0
github.com/ebogdum/filemanager/internal/resources/upload/resource.go:279.113,283.33 3 0
github.com/ebogdum/filemanager/internal/resources/upload/resource.go:283.33,285.3 1 0
github.com/ebogdum/filemanager/internal/resources/upload/resource.go:287.2,293.16 3 0
github.com/ebogdum/filemanager/internal/resources/upload/resource.go:293.16,296.3 2 0
github.com/ebogdum/filemanager/internal/resources/upload/resource.go:298.2,300.56 2 0
github.com/ebogdum/filemanager/internal/resources/upload/resource.go:304.113,308.33 3 0
github.com/ebogdum/filemanager/internal/resources/upload/resource.go:308.33,310.3 1 0
github.com/ebogdum/filemanager/internal/resources/upload/resource.go:313.2,314.16 2 0
github.com/ebogdum/filemanager/internal/resources/upload/resource.go:314.16,317.3 2 0
github.com/ebogdum/filemanager/internal/resources/upload/resource.go:320.2,320.80 1 0
github.com/ebogdum/filemanager/internal/resources/upload/resource.go:320.80,321.36 1 0
github.com/ebogdum/filemanager/internal/resources/upload/resource.go:321.36,324.4 2 0
github.com/ebogdum/filemanager/internal/resources/upload/resource.go:329.128,331.2 1 0
github.com/ebogdum/filemanager/internal/resources/upload/resource.go:341.111,343.16 2 0
github.com/ebogdum/filemanager/internal/resources/upload/resource.go:343.16,345.3 1 0
github.com/ebogdum/filemanager/internal/resources/upload/resource.go:347.2,348.16 2 0
github.com/ebogdum/filemanager/internal/resources/upload/resource.go:348.16,350.3 1 0
github.com/ebogdum/filemanager/internal/resources/upload/resource.go:353.2,361.16 6 0
github.com/ebogdum/filemanager/internal/resources/upload/resource.go:361.16,363.3 1 0
github.com/ebogdum/filemanager/internal/resources/upload/resource.go:365.2,372.19 2 0
github.com/ebogdum/filemanager/internal/resources/upload/resource.go:372.19,373.34 1 0
github.com/ebogdum/filemanager/internal/resources/upload/resource.go:373.34,375.4 1 0
github.com/ebogdum/filemanager/internal/resources/upload/resource.go:378.3,379.17 2 0
github.com/ebogdum/filemanager/internal/resources/upload/resource.go:379.17,381.4 1 0
github.com/ebogdum/filemanager/internal/resources/upload/resource.go:383.3,383.30 1 0
github.com/ebogdum/filemanager/internal/resources/upload/resource.go:383.30,384.18 1 0
github.com/ebogdum/filemanager/internal/resources/upload/resource.go:384.18,385.13 1 0
github.com/ebogdum/filemanager/internal/resources/upload/resource.go:389.4,389.56 1 0
github.com/ebogdum/filemanager/internal/resources/upload/resource.go:389.56,390.13 1 0
github.com/ebogdum/filemanager/internal/resources/upload/resource.go:394.4,401.18 5 0
github.com/ebogdum/filemanager/internal/resources/upload/resource.go:401.18,403.5 1 0
github.com/ebogdum/filemanager/internal/resources/upload/resource.go:405.4,406.29 2 0
github.com/ebogdum/filemanager/internal/resources/upload/resource.go:408.8,411.17 2 0
github.com/ebogdum/filemanager/internal/resources/upload/resource.go:411.17,413.4 1 0
github.com/ebogdum/filemanager/internal/resources/upload/resource.go:414.3,415.30 2 0
github.com/ebogdum/filemanager/internal/resources/upload/resource.go:418.2,419.20 2 0
github.com/ebogdum/filemanager/internal/resources/upload/resource.go:423.188,426.16 2 0
github.com/ebogdum/filemanager/internal/resources/upload/resource.go:426.16,428.3 1 0
github.com/ebogdum/filemanager/internal/resources/upload/resource.go:429.2,442.70 4 0
github.com/ebogdum/filemanager/internal/resources/upload/resource.go:442.70,444.3 1 0
github.com/ebogdum/filemanager/internal/resources/upload/resource.go:446.2,446.22 1 0
github.com/ebogdum/filemanager/internal/resources/upload/resource.go:450.102,451.49 1 0
github.com/ebogdum/filemanager/internal/resources/upload/resource.go:451.49,453.3 1 0
github.com/ebogdum/filemanager/internal/resources/upload/resource.go:454.2,454.57 1 0
github.com/ebogdum/filemanager/internal/resources/upload/resource.go:458.66,459.39 1 0
github.com/ebogdum/filemanager/internal/resources/upload/resource.go:459.39,461.3 1 0
github.com/ebogdum/filemanager/internal/resources/upload/resource.go:462.2,464.29 3 0
github.com/ebogdum/filemanager/internal/resources/upload/resource.go:464.29,465.41 1 0
github.com/ebogdum/filemanager/internal/resources/upload/resource.go:465.41,467.4 1 0
github.com/ebogdum/filemanager/internal/resources/upload/resource.go:469.2,469.15 1 0
github.com/ebogdum/filemanager/internal/resources/upload/resource.go:473.88,475.23 1 0
github.com/ebogdum/filemanager/internal/resources/upload/resource.go:475.23,477.36 2 0
github.com/ebogdum/filemanager/internal/resources/upload/resource.go:477.36,478.48 1 0
github.com/ebogdum/filemanager/internal/resources/upload/resource.go:478.48,480.10 2 0
github.com/ebogdum/filemanager/internal/resources/upload/resource.go:483.4,483.63 1 0
github.com/ebogdum/filemanager/internal/resources/upload/resource.go:483.63,485.10 2 0
github.com/ebogdum/filemanager/internal/resources/upload/resource.go:488.3,488.15 1 0
github.com/ebogdum/filemanager/internal/resources/upload/resource.go:488.15,490.4 1 0
github.com/ebogdum/filemanager/internal/resources/upload/resource.go:494.2,494.35 1 0
github.com/ebogdum/filemanager/internal/resources/upload/resource.go:494.35,495.47 1 0
github.com/ebogdum/filemanager/internal/resources/upload/resource.go:495.47,497.4 1 0
github.com/ebogdum/filemanager/internal/resources/upload/resource.go:498.3,498.62 1 0
github.com/ebogdum/filemanager/internal/resources/upload/resource.go:498.62,500.4 1 0
github.com/ebogdum/filemanager/internal/resources/upload/resource.go:503.2,503.13 1 0
github.com/ebogdum/filemanager/internal/resources/upload/resource.go:507.96,518.2 8 0
github.com/ebogdum/filemanager/internal/resources/yaml_file/resource.go:37.46,41.2 1 0
github.com/ebogdum/filemanager/internal/resources/yaml_file/resource.go:75.121,77.2 1 0
github.com/ebogdum/filemanager/internal/resources/yaml_file/resource.go:80.115,184.2 1 0
github.com/ebogdum/filemanager/internal/resources/yaml_file/resource.go:187.124,188.29 1 0
github.com/ebogdum/filemanager/internal/resources/yaml_file/resource.go:188.29,190.3 1 0
github.com/ebogdum/filemanager/internal/resources/yaml_file/resource.go:192.2,193.9 2 0
github.com/ebogdum/filemanager/internal/resources/yaml_file/resource.go:193.9,199.3 2 0
github.com/ebogdum/filemanager/internal/resources/yaml_file/resource.go:201.2,201.19 1 0
github.com/ebogdum/filemanager/internal/resources/yaml_file/resource.go:205.115,209.33 3 0
github.com/ebogdum/filemanager/internal/resources/yaml_file/resource.go:209.33,211.3 1 0
github.com/ebogdum/filemanager/internal/resources/yaml_file/resource.go:213.2,219.16 3 0
github.com/ebogdum/filemanager/internal/resources/yaml_file/resource.go:219.16,222.3 2 0
github.com/ebogdum/filemanager/internal/resources/yaml_file/resource.go:225.2,226.16 2 0
github.com/ebogdum/filemanager/internal/resources/yaml_file/resource.go:226.16,229.3 2 0
github.com/ebogdum/filemanager/internal/resources/yaml_file/resource.go:232.2,240.115 2 0
github.com/ebogdum/filemanager/internal/resources/yaml_file/resource.go:240.115,243.3 2 0
github.com/ebogdum/filemanager/internal/resources/yaml_file/resource.go:246.2,249.56 3 0
github.com/ebogdum/filemanager/internal/resources/yaml_file/resource.go:253.109,257.33 3 0
github.com/ebogdum/filemanager/internal/resources/yaml_file/resource.go:257.33,259.3 1 0
github.com/ebogdum/filemanager/internal/resources/yaml_file/resource.go:261.2,262.16 2 0
github.com/ebogdum/filemanager/internal/resources/yaml_file/resource.go:262.16,265.3 2 0
github.com/ebogdum/filemanager/internal/resources/yaml_file/resource.go:267.2,268.16 2 0
github.com/ebogdum/filemanager/internal/resources/yaml_file/resource.go:268.16,271.3 2 0
github.com/ebogdum/filemanager/internal/resources/yaml_file/resource.go:273.2,273.13 1 0
github.com/ebogdum/filemanager/internal/resources/yaml_file/resource.go:273.13,276.3 2 0
github.com/ebogdum/filemanager/internal/resources/yaml_file/resource.go:278.2,279.16 2 0
github.com/ebogdum/filemanager/internal/resources/yaml_file/resource.go:279.16,282.3 2 0
github.com/ebogdum/filemanager/internal/resources/yaml_file/resource.go:283.2,286.16 3 0
github.com/ebogdum/filemanager/internal/resources/yaml_file/resource.go:286.16,289.3 2 0
github.com/ebogdum/filemanager/internal/resources/yaml_file/resource.go:291.2,293.56 2 0
github.com/ebogdum/filemanager/internal/resources/yaml_file/resource.go:297.115,301.33 3 0
github.com/ebogdum/filemanager/internal/resources/yaml_file/resource.go:301.33,303.3 1 0
github.com/ebogdum/filemanager/internal/resources/yaml_file/resource.go:305.2,310.16 3 0
github.com/ebogdum/filemanager/internal/resources/yaml_file/resource.go:310.16,313.3 2 0
github.com/ebogdum/filemanager/internal/resources/yaml_file/resource.go:315.2,316.16 2 0
github.com/ebogdum/filemanager/internal/resources/yaml_file/resource.go:316.16,319.3 2 0
github.com/ebogdum/filemanager/internal/resources/yaml_file/resource.go:321.2,329.115 2 0
github.com/ebogdum/filemanager/internal/resources/yaml_file/resource.go:329.115,332.3 2 0
github.com/ebogdum/filemanager/internal/resources/yaml_file/resource.go:334.2,336.56 2 0
github.com/ebogdum/filemanager/internal/resources/yaml_file/resource.go:340.115,344.33 3 0
github.com/ebogdum/filemanager/internal/resources/yaml_file/resource.go:344.33,346.3 1 0
github.com/ebogdum/filemanager/internal/resources/yaml_file/resource.go:348.2,349.16 2 0
github.com/ebogdum/filemanager/internal/resources/yaml_file/resource.go:349.16,352.3 2 0
github.com/ebogdum/filemanager/internal/resources/yaml_file/resource.go:354.2,354.69 1 0
github.com/ebogdum/filemanager/internal/resources/yaml_file/resource.go:354.69,355.36 1 0
github.com/ebogdum/filemanager/internal/resources/yaml_file/resource.go:355.36,358.4 2 0
github.com/ebogdum/filemanager/internal/resources/yaml_file/resource.go:363.130,365.2 1 0
github.com/ebogdum/filemanager/internal/resources/yaml_file/resource.go:368.110,371.16 2 0
github.com/ebogdum/filemanager/internal/resources/yaml_file/resource.go:371.16,373.3 1 0
github.com/ebogdum/filemanager/internal/resources/yaml_file/resource.go:376.2,376.99 1 0
github.com/ebogdum/filemanager/internal/resources/yaml_file/resource.go:376.99,378.17 2 0
github.com/ebogdum/filemanager/internal/resources/yaml_file/resource.go:378.17,380.4 1 0
github.com/ebogdum/filemanager/internal/resources/yaml_file/resource.go:382.3,384.17 3 0
github.com/ebogdum/filemanager/internal/resources/yaml_file/resource.go:384.17,386.4 1 0
github.com/ebogdum/filemanager/internal/resources/yaml_file/resource.go:390.2,395.42 2 0
github.com/ebogdum/filemanager/internal/resources/yaml_file/resource.go:399.104,400.49 1 0
github.com/ebogdum/filemanager/internal/resources/yaml_file/resource.go:400.49,402.3 1 0
github.com/ebogdum/filemanager/internal/resources/yaml_file/resource.go:403.2,403.57 1 0
github.com/ebogdum/filemanager/internal/resources/yaml_file/resource.go:407.94,422.2 10 0
github.com/ebogdum/filemanager/internal/resources/transfer/resource.go:35.46,37.2 1 0
github.com/ebogdum/filemanager/internal/resources/transfer/resource.go:77.121,79.2 1 0
github.com/ebogdum/filemanager/internal/resources/transfer/resource.go:82.115,221.2 1 0
github.com/ebogdum/filemanager/internal/resources/transfer/resource.go:224.124,225.29 1 0
github.com/ebogdum/filemanager/internal/resources/transfer/resource.go:225.29,227.3 1 0
github.com/ebogdum/filemanager/internal/resources/transfer/resource.go:229.2,230.9 2 0
github.com/ebogdum/filemanager/internal/resources/transfer/resource.go:230.9,236.3 2 0
github.com/ebogdum/filemanager/internal/resources/transfer/resource.go:238.2,238.19 1 0
github.com/ebogdum/filemanager/internal/resources/transfer/resource.go:242.115,246.33 3 0
github.com/ebogdum/filemanager/internal/resources/transfer/resource.go:246.33,248.3 1 0
github.com/ebogdum/filemanager/internal/resources/transfer/resource.go:250.2,258.16 3 0
github.com/ebogdum/filemanager/internal/resources/transfer/resource.go:258.16,261.3 2 0
github.com/ebogdum/filemanager/internal/resources/transfer/resource.go:263.2,268.56 3 0
github.com/ebogdum/filemanager/internal/resources/transfer/resource.go:272.109,276.33 3 0
github.com/ebogdum/filemanager/internal/resources/transfer/resource.go:276.33,278.3 1 0
github.com/ebogdum/filemanager/internal/resources/transfer/resource.go:281.2,282.16 2 0
github.com/ebogdum/filemanager/internal/resources/transfer/resource.go:282.16,285.3 2 0
github.com/ebogdum/filemanager/internal/resources/transfer/resource.go:287.2,288.16 2 0
github.com/ebogdum/filemanager/internal/resources/transfer/resource.go:288.16,291.3 2 0
github.com/ebogdum/filemanager/internal/resources/transfer/resource.go:293.2,293.13 1 0
github.com/ebogdum/filemanager/internal/resources/transfer/resource.go:293.13,296.3 2 0
github.com/ebogdum/filemanager/internal/resources/transfer/resource.go:299.2,305.56 6 0
github.com/ebogdum/filemanager/internal/resources/transfer/resource.go:309.115,313.33 3 0
github.com/ebogdum/filemanager/internal/resources/transfer/resource.go:313.33,315.3 1 0
github.com/ebogdum/filemanager/internal/resources/transfer/resource.go:317.2,325.16 3 0
github.com/ebogdum/filemanager/internal/resources/transfer/resource.go:325.16,328.3 2 0
github.com/ebogdum/filemanager/internal/resources/transfer/resource.go:330.2,332.56 2 0
github.com/ebogdum/filemanager/internal/resources/transfer/resource.go:336.115,340.33 3 0
github.com/ebogdum/filemanager/internal/resources/transfer/resource.go:340.33,342.3 1 0
github.com/ebogdum/filemanager/internal/resources/transfer/resource.go:345.2,346.16 2 0
github.com/ebogdum/filemanager/internal/resources/transfer/resource.go:346.16,349.3 2 0
github.com/ebogdum/filemanager/internal/resources/transfer/resource.go:352.2,352.80 1 0
github.com/ebogdum/filemanager/internal/resources/transfer/resource.go:352.80,353.36 1 0
github.com/ebogdum/filemanager/internal/resources/transfer/resource.go:353.36,356.4 2 0
github.com/ebogdum/filemanager/internal/resources/transfer/resource.go:361.130,363.2 1 0
github.com/ebogdum/filemanager/internal/resources/transfer/resource.go:375.119,377.16 2 0
github.com/ebogdum/filemanager/internal/resources/transfer/resource.go:377.16,379.3 1 0
github.com/ebogdum/filemanager/internal/resources/transfer/resource.go:381.2,382.16 2 0
github.com/ebogdum/filemanager/internal/resources/transfer/resource.go:382.16,384.3 1 0
github.com/ebogdum/filemanager/internal/resources/transfer/resource.go:387.2,397.16 6 0
github.com/ebogdum/filemanager/internal/resources/transfer/resource.go:397.16,399.3 1 0
github.com/ebogdum/filemanager/internal/resources/transfer/resource.go:401.2,411.19 2 0
github.com/ebogdum/filemanager/internal/resources/transfer/resource.go:411.19,412.34 1 0
github.com/ebogdum/filemanager/internal/resources/transfer/resource.go:412.34,414.4 1 0
github.com/ebogdum/filemanager/internal/resources/transfer/resource.go:417.3,418.17 2 0
github.com/ebogdum/filemanager/internal/resources/transfer/resource.go:418.17,420.4 1 0
github.com/ebogdum/filemanager/internal/resources/transfer/resource.go:422.3,422.30 1 0
github.com/ebogdum/filemanager/internal/resources/transfer/resource.go:422.30,423.18 1 0
github.com/ebogdum/filemanager/internal/resources/transfer/resource.go:423.18,424.13 1 0
github.com/ebogdum/filemanager/internal/resources/transfer/resource.go:428.4,428.56 1 0
github.com/ebogdum/filemanager/internal/resources/transfer/resource.go:428.56,429.13 1 0
github.com/ebogdum/filemanager/internal/resources/transfer/resource.go:433.4,440.18 5 0
github.com/ebogdum/filemanager/internal/resources/transfer/resource.go:440.18,446.13 3 0
github.com/ebogdum/filemanager/internal/resources/transfer/resource.go:449.4,451.26 3 0
github.com/ebogdum/filemanager/internal/resources/transfer/resource.go:453.8,456.17 2 0
github.com/ebogdum/filemanager/internal/resources/transfer/resource.go:456.17,458.4 1 0
github.com/ebogdum/filemanager/internal/resources/transfer/resource.go:459.3,461.25 3 0
github.com/ebogdum/filemanager/internal/resources/transfer/resource.go:464.2,465.20 2 0
github.com/ebogdum/filemanager/internal/resources/transfer/resource.go:469.231,471.16 1 0
github.com/ebogdum/filemanager/internal/resources/transfer/resource.go:471.16,473.17 2 0
github.com/ebogdum/filemanager/internal/resources/transfer/resource.go:473.17,475.4 1 0
github.com/ebogdum/filemanager/internal/resources/transfer/resource.go:476.3,476.13 1 0
github.com/ebogdum/filemanager/internal/resources/transfer/resource.go:476.13,478.4 1 0
github.com/ebogdum/filemanager/internal/resources/transfer/resource.go:482.2,483.16 2 0
github.com/ebogdum/filemanager/internal/resources/transfer/resource.go:483.16,485.3 1 0
github.com/ebogdum/filemanager/internal/resources/transfer/resource.go:486.2,500.45 4 0
github.com/ebogdum/filemanager/internal/resources/transfer/resource.go:500.45,502.17 2 0
github.com/ebogdum/filemanager/internal/resources/transfer/resource.go:502.17,503.25 1 0
github.com/ebogdum/filemanager/internal/resources/transfer/resource.go:503.25,505.5 1 0
github.com/ebogdum/filemanager/internal/resources/transfer/resource.go:509.2,509.70 1 0
github.com/ebogdum/filemanager/internal/resources/transfer/resource.go:509.70,511.3 1 0
github.com/ebogdum/filemanager/internal/resources/transfer/resource.go:514.2,515.20 2 0
github.com/ebogdum/filemanager/internal/resources/transfer/resource.go:515.20,517.3 1 0
github.com/ebogdum/filemanager/internal/resources/transfer/resource.go:519.2,519.30 1 0
github.com/ebogdum/filemanager/internal/resources/transfer/resource.go:523.104,524.49 1 0
github.com/ebogdum/filemanager/internal/resources/transfer/resource.go:524.49,526.3 1 0
github.com/ebogdum/filemanager/internal/resources/transfer/resource.go:527.2,527.57 1 0
github.com/ebogdum/filemanager/internal/resources/transfer/resource.go:531.68,532.39 1 0
github.com/ebogdum/filemanager/internal/resources/transfer/resource.go:532.39,534.3 1 0
github.com/ebogdum/filemanager/internal/resources/transfer/resource.go:535.2,537.29 3 0
github.com/ebogdum/filemanager/internal/resources/transfer/resource.go:537.29,538.41 1 0
github.com/ebogdum/filemanager/internal/resources/transfer/resource.go:538.41,540.4 1 0
github.com/ebogdum/filemanager/internal/resources/transfer/resource.go:542.2,542.15 1 0
github.com/ebogdum/filemanager/internal/resources/transfer/resource.go:546.90,548.23 1 0
github.com/ebogdum/filemanager/internal/resources/transfer/resource.go:548.23,550.36 2 0
github.com/ebogdum/filemanager/internal/resources/transfer/resource.go:550.36,551.48 1 0
github.com/ebogdum/filemanager/internal/resources/transfer/resource.go:551.48,553.10 2 0
github.com/ebogdum/filemanager/internal/resources/transfer/resource.go:556.4,556.63 1 0
github.com/ebogdum/filemanager/internal/resources/transfer/resource.go:556.63,558.10 2 0
github.com/ebogdum/filemanager/internal/resources/transfer/resource.go:561.3,561.15 1 0
github.com/ebogdum/filemanager/internal/resources/transfer/resource.go:561.15,563.4 1 0
github.com/ebogdum/filemanager/internal/resources/transfer/resource.go:567.2,567.35 1 0
github.com/ebogdum/filemanager/internal/resources/transfer/resource.go:567.35,568.47 1 0
github.com/ebogdum/filemanager/internal/resources/transfer/resource.go:568.47,570.4 1 0
github.com/ebogdum/filemanager/internal/resources/transfer/resource.go:571.3,571.62 1 0
github.com/ebogdum/filemanager/internal/resources/transfer/resource.go:571.62,573.4 1 0
github.com/ebogdum/filemanager/internal/resources/transfer/resource.go:576.2,576.13 1 0
github.com/ebogdum/filemanager/internal/resources/transfer/resource.go:580.102,593.2 10 0
github.com/ebogdum/filemanager/internal/util/merge.go:14.48,15.20 1 0
github.com/ebogdum/filemanager/internal/util/merge.go:15.20,17.3 1 0
github.com/ebogdum/filemanager/internal/util/merge.go:18.2,18.17 1 0
github.com/ebogdum/filemanager/internal/util/merge.go:18.17,20.3 1 0
github.com/ebogdum/filemanager/internal/util/merge.go:22.2,25.27 3 0
github.com/ebogdum/filemanager/internal/util/merge.go:25.27,28.3 1 0
github.com/ebogdum/filemanager/internal/util/merge.go:30.2,33.28 2 0
github.com/ebogdum/filemanager/internal/util/merge.go:33.28,35.3 1 0
github.com/ebogdum/filemanager/internal/util/merge.go:38.2,38.31 1 0
github.com/ebogdum/filemanager/internal/util/merge.go:38.31,39.43 1 0
github.com/ebogdum/filemanager/internal/util/merge.go:39.43,42.18 2 0
github.com/ebogdum/filemanager/internal/util/merge.go:42.18,44.5 1 0
github.com/ebogdum/filemanager/internal/util/merge.go:45.4,45.22 1 0
github.com/ebogdum/filemanager/internal/util/merge.go:46.9,48.4 1 0
github.com/ebogdum/filemanager/internal/util/merge.go:51.2,51.20 1 0
github.com/ebogdum/filemanager/internal/util/merge.go:55.57,57.2 1 0
github.com/ebogdum/filemanager/internal/util/merge.go:59.69,63.30 2 0
github.com/ebogdum/filemanager/internal/util/merge.go:63.30,65.3 1 0
github.com/ebogdum/filemanager/internal/util/merge.go:66.2,66.16 1 0
github.com/ebogdum/filemanager/internal/util/merge.go:66.16,74.3 2 0
github.com/ebogdum/filemanager/internal/util/merge.go:75.2,75.16 1 0
github.com/ebogdum/filemanager/internal/util/merge.go:75.16,83.3 2 0
github.com/ebogdum/filemanager/internal/util/merge.go:86.2,88.24 3 0
github.com/ebogdum/filemanager/internal/util/merge.go:88.24,96.3 2 0
github.com/ebogdum/filemanager/internal/util/merge.go:99.2,99.30 1 0
github.com/ebogdum/filemanager/internal/util/merge.go:100.22,102.40 2 0
github.com/ebogdum/filemanager/internal/util/merge.go:103.13,105.42 2 0
github.com/ebogdum/filemanager/internal/util/merge.go:106.10,107.35 1 0
github.com/ebogdum/filemanager/internal/util/merge.go:107.35,114.4 1 0
github.com/ebogdum/filemanager/internal/util/merge.go:117.2,117.21 1 0
github.com/ebogdum/filemanager/internal/util/merge.go:120.78,124.29 2 0
github.com/ebogdum/filemanager/internal/util/merge.go:124.29,126.17 2 0
github.com/ebogdum/filemanager/internal/util/merge.go:126.17,128.4 1 0
github.com/ebogdum/filemanager/internal/util/merge.go:130.3,130.39 1 0
github.com/ebogdum/filemanager/internal/util/merge.go:130.39,132.18 2 0
github.com/ebogdum/filemanager/internal/util/merge.go:132.18,134.5 1 0
github.com/ebogdum/filemanager/internal/util/merge.go:135.4,135.44 1 0
github.com/ebogdum/filemanager/internal/util/merge.go:136.9,143.4 1 0
github.com/ebogdum/filemanager/internal/util/merge.go:147.2,147.29 1 0
github.com/ebogdum/filemanager/internal/util/merge.go:147.29,148.35 1 0
github.com/ebogdum/filemanager/internal/util/merge.go:148.35,150.18 2 0
github.com/ebogdum/filemanager/internal/util/merge.go:150.18,152.5 1 0
github.com/ebogdum/filemanager/internal/util/merge.go:153.4,158.6 1 0
github.com/ebogdum/filemanager/internal/util/merge.go:162.2,162.21 1 0
github.com/ebogdum/filemanager/internal/util/merge.go:165.71,170.23 3 0
github.com/ebogdum/filemanager/internal/util/merge.go:170.23,172.3 1 0
github.com/ebogdum/filemanager/internal/util/merge.go:174.2,174.30 1 0
github.com/ebogdum/filemanager/internal/util/merge.go:174.30,176.17 2 0
github.com/ebogdum/filemanager/internal/util/merge.go:176.17,178.4 1 0
github.com/ebogdum/filemanager/internal/util/merge.go:180.3,180.20 1 0
github.com/ebogdum/filemanager/internal/util/merge.go:180.20,187.4 1 0
github.com/ebogdum/filemanager/internal/util/merge.go:187.9,187.27 1 0
github.com/ebogdum/filemanager/internal/util/merge.go:187.27,194.4 1 0
github.com/ebogdum/filemanager/internal/util/merge.go:194.9,196.18 2 0
github.com/ebogdum/filemanager/internal/util/merge.go:196.18,198.5 1 0
github.com/ebogdum/filemanager/internal/util/merge.go:199.4,199.44 1 0
github.com/ebogdum/filemanager/internal/util/merge.go:203.2,203.21 1 0
